image_path,xmin,ymin,xmax,ymax,confidence,class
DATA_CLEAN/images/0008ab3d8674f6ca(1).jpg,236.7291687011719,1440.1367980957032,1962.605776977539,2590.4040344238283,0.9337400197982788,cat
DATA_CLEAN/images/0013eebbcafa70e5(1).jpg,728.1228378295899,276.0518463134766,1960.5715301513674,1668.4984039306642,0.8533776998519897,cat
DATA_CLEAN/images/0019edb653711193.jpg,354.0561218261719,269.81993408203124,1783.1208251953124,1064.3042724609375,0.9419769048690796,cat
DATA_CLEAN/images/001b61e5094d71cb.jpg,356.46827697753906,815.37353515625,954.6546936035156,1233.163070678711,0.8533016443252563,cat
DATA_CLEAN/images/0025cbded55ded0f.jpg,566.3554573059082,211.33215408325194,2490.9397842407225,2609.5909240722654,0.9253246188163757,cat
DATA_CLEAN/images/0025ee05cb199d32.jpg,264.7545616149902,652.6334175109863,4246.303857421874,2462.303773498535,0.9403557777404785,cat
DATA_CLEAN/images/0026e4a8ad8b3c51.jpg,0.0,307.19029312133785,836.0139358520507,1281.3879570007323,0.8719227313995361,cat
DATA_CLEAN/images/0027717ee5abd636.jpg,748.8895534515381,468.0613563537598,2984.8042282104493,2562.4263290405274,0.9185036420822144,cat
DATA_CLEAN/images/002d766cbb19c1a0(1).jpg,2169.3087158203125,473.15753173828125,3112.505200195312,3244.05703125,0.8916827440261841,cat
DATA_CLEAN/images/0033bd289dcf6d23.jpg,0.0,28.649658203125,578.7517700195312,640.0,0.9177919626235962,cat
DATA_CLEAN/images/003713e607fa8f6a(1).jpg,251.00255737304687,471.67380981445314,2128.96943359375,1727.7887451171875,0.9526399374008179,cat
DATA_CLEAN/images/003c6e3318508588(1).jpg,252.88635864257813,43.54303894042969,2886.1075378417972,2697.027850341797,0.9434370994567871,cat
DATA_CLEAN/images/003eae3f991df25f.jpg,17.303466796875,124.63035583496094,3255.8372497558594,2915.4029846191406,0.9117875099182129,cat
DATA_CLEAN/images/003fde0096630566.jpg,712.3222309112549,549.8098508834839,1721.5121238708498,1108.8310516357421,0.9472757577896118,cat
DATA_CLEAN/images/004638232e2496ac(1).jpg,1459.043025970459,644.3464279174805,4000.0,2853.5179138183594,0.6157673597335815,cat
DATA_CLEAN/images/004a23a25aa05c9c.jpg,886.7525501251221,220.81419372558594,2611.2451248168945,2803.250030517578,0.8859935998916626,cat
DATA_CLEAN/images/004aaf7fe2a9ae68(1).jpg,384.70848083496094,538.6384620666504,799.4686431884766,882.2200012207031,0.921451210975647,cat
DATA_CLEAN/images/004ccb5669b648ab.jpg,1059.5318115234375,941.1586715698243,1343.254284667969,1247.4079101562502,0.7591347694396973,cat
DATA_CLEAN/images/004ccb5669b648ab.jpg,852.6696693420411,1042.8526290893556,1133.845133972168,1334.8307098388673,0.7567262649536133,cat
DATA_CLEAN/images/0057b367e43ea580.jpg,437.52569580078125,143.70379638671875,812.5457763671875,799.5875244140625,0.919120728969574,cat
DATA_CLEAN/images/00580afd0b1b8187.jpg,588.2777486801148,383.9536753177643,874.4785334587098,717.3468790054321,0.9224687814712524,cat
DATA_CLEAN/images/0058130f1215717d.jpg,96.16681671142578,89.05440521240234,1249.5733604431152,1261.7859649658203,0.9101303815841675,cat
DATA_CLEAN/images/00590698e36371be.jpg,241.30791015625,381.90078125,773.343896484375,914.08984375,0.7796205282211304,cat
DATA_CLEAN/images/005bf84ac699ba71.jpg,58.368279457092285,50.11049938201904,855.0,855.8775482177734,0.8790121078491211,cat
DATA_CLEAN/images/005bf84ac699ba71.jpg,55.891478538513184,50.566590309143066,855.0,860.0,0.3624996542930603,cat
DATA_CLEAN/images/005f4899fd5be1ef(1).jpg,68.67496054172516,297.18113794326786,586.4887504577637,596.2221333503724,0.9299174547195435,cat
DATA_CLEAN/images/005f880c2c4577b3.jpg,1894.9739959716796,1424.3632736206055,2314.4531753540036,1681.7042015075683,0.7173830270767212,cat
DATA_CLEAN/images/005f880c2c4577b3.jpg,1888.125235748291,1420.5002151489257,2317.309524536133,1679.5504302978516,0.515369713306427,cat
DATA_CLEAN/images/00611c5be2ecb69b.jpg,90.58687756061553,677.0585273265839,1364.5227337360382,1946.1876010894775,0.9336282014846802,cat
DATA_CLEAN/images/00616b368bd46090(1).jpg,0.0,167.55792326927187,1957.232489347458,1980.8639823913575,0.9134966135025024,cat
DATA_CLEAN/images/00616b368bd46090(1).jpg,1479.7890934944153,665.7068344593049,3163.0,1963.791354942322,0.8652613162994385,cat
DATA_CLEAN/images/006461a46fcb5f37.jpg,119.24462890625,391.289013671875,1515.21787109375,1018.88623046875,0.849219560623169,cat
DATA_CLEAN/images/0066ab1ab47e1068.jpg,0.4565105438232422,1897.5293334960938,726.77490234375,2447.92529296875,0.751240611076355,cat
DATA_CLEAN/images/0066ab1ab47e1068.jpg,1416.4585418701172,1607.7441833496093,3241.1667297363283,2440.952947998047,0.7374598979949951,cat
DATA_CLEAN/images/006700b3ec495e3f(1).jpg,395.32110595703125,381.5020751953125,719.59521484375,832.6104125976562,0.9057013988494873,cat
DATA_CLEAN/images/006b53fff1573500.jpg,82.04441652297974,476.03309855461123,850.0,1009.2633898735047,0.4657756984233856,cat
DATA_CLEAN/images/006b53fff1573500.jpg,77.02807579040528,475.60879187583924,849.5381258964538,1011.9368685722352,0.36964738368988037,cat
DATA_CLEAN/images/006e4a3026035451(1).jpg,224.2078857421875,229.1483322143555,2541.941510009766,2647.6708740234376,0.8302935361862183,cat
DATA_CLEAN/images/006f01cf218054be.jpg,497.02685832977295,495.96621627807616,1577.796516418457,1045.045846557617,0.9476794004440308,cat
DATA_CLEAN/images/0070c0a46d21b21c.jpg,0.0,47.79376220703125,628.6627197265625,640.0,0.925851583480835,cat
DATA_CLEAN/images/00710a1936574ff7.jpg,395.90545654296875,51.380859375,1277.2041015625,700.088623046875,0.942670464515686,cat
DATA_CLEAN/images/00729cbff3e95243.jpg,852.5140319824219,163.96582946777343,1948.4709411621093,1172.6454528808592,0.9405229091644287,cat
DATA_CLEAN/images/00729cbff3e95243.jpg,369.44382705688474,311.0966537475586,892.2056762695312,964.3644744873046,0.8882144689559937,cat
DATA_CLEAN/images/0072ffcb6e5e4c3d.jpg,170.15289306640625,330.32470703125,923.9260864257812,669.8627471923828,0.9154148101806641,cat
DATA_CLEAN/images/007e0e568b2cc586.jpg,274.9404296875,418.28271484375,401.257080078125,629.1934814453125,0.7474204897880554,cat
DATA_CLEAN/images/007e0e568b2cc586.jpg,166.90750122070312,405.72698974609375,369.63421630859375,639.1827392578125,0.6577306985855103,cat
DATA_CLEAN/images/007f97c18d03cf0d.jpg,1094.0156742095946,585.2706687927246,3405.33895111084,1919.5679992675782,0.8595258593559265,cat
DATA_CLEAN/images/0080a7dfda1e078f.jpg,482.9404983520508,480.970890045166,1431.1897888183594,1068.1564178466797,0.8988962173461914,cat
DATA_CLEAN/images/0080a7dfda1e078f.jpg,481.79752349853516,479.84889221191406,1431.4814834594727,1070.3031158447266,0.38204869627952576,cat
DATA_CLEAN/images/00852cdc38022497(1).jpg,954.0741336822509,216.23212394714355,3425.292938232422,2581.872033691406,0.9342386722564697,cat
DATA_CLEAN/images/0087f4d6f981d4b7(1).jpg,616.9009117126466,825.9483581542969,1414.9833343505861,2154.129345703125,0.8285777568817139,cat
DATA_CLEAN/images/00885fa32942a5e9(1).jpg,13.496483516693116,120.32551918029786,2222.52154083252,1765.1020282745362,0.9151597023010254,cat
DATA_CLEAN/images/008b6788aa0ef238(1).jpg,55.79640922546387,176.29324531555176,2650.0,3098.9002517700196,0.8819407224655151,cat
DATA_CLEAN/images/008b8556a73601ae.jpg,476.64421885013576,173.48690528869628,2000.0,1963.2239195823668,0.9244898557662964,cat
DATA_CLEAN/images/008d58bfd56423a3.jpg,594.7611503601074,185.0247802734375,1840.0,1211.0902404785156,0.9406905174255371,cat
DATA_CLEAN/images/008e31f109e2c872.jpg,2.083472442626953,4.491111373901367,1385.8379104614257,1218.0096771240235,0.9481406807899475,cat
DATA_CLEAN/images/008e730777c411dd(1).jpg,583.2469779968262,386.6725101470947,1029.797575378418,692.843733215332,0.9471147060394287,cat
DATA_CLEAN/images/008fda9e59dbeeed.jpg,751.331803894043,368.6829345703125,3076.717254638672,2417.4429565429687,0.8256584405899048,cat
DATA_CLEAN/images/00945359c820a275(1).jpg,1568.599038696289,177.69321899414064,4660.803308105469,3282.7968139648438,0.939765453338623,cat
DATA_CLEAN/images/00a1fff876518970.jpg,2082.6211486816405,516.9394500732423,2895.4025665283207,2706.503961181641,0.9055233001708984,cat
DATA_CLEAN/images/00a236f03354bd01.jpg,268.35868549346924,330.0453944206238,598.5664501190186,953.0787363052368,0.37943312525749207,cat
DATA_CLEAN/images/00a23c1e97c34cfa.jpg,0.0,86.30421524047853,884.7166076660156,644.3931060791016,0.9414091110229492,cat
DATA_CLEAN/images/00a752531903623d.jpg,1009.0251914978027,406.4021810531616,1489.1531593322754,728.2875144958496,0.6124667525291443,cat
DATA_CLEAN/images/00ab5a0aecd2a5a5(1).jpg,19.93541564941406,131.9267807006836,2784.3466186523438,2431.9790771484377,0.947967529296875,cat
DATA_CLEAN/images/00ad496f316c7b5a(1).jpg,0.0,325.5012451171875,3544.1920410156254,2848.0,0.8643722534179688,cat
DATA_CLEAN/images/00b115e52ab95c0b.jpg,245.22176513671877,228.674089050293,2194.688671875,1927.064602661133,0.931865930557251,cat
DATA_CLEAN/images/00b26c158f79580a(1).jpg,441.7259174108505,346.27549710273746,1244.9141810417175,970.443623828888,0.9388828277587891,cat
DATA_CLEAN/images/00b33491ae95d29c.jpg,509.706587600708,97.46019301414489,3240.1997828006743,2129.024563932419,0.9555376768112183,cat
DATA_CLEAN/images/00b4ed87e6bed513.jpg,118.0530258178711,2.520188140869141,2592.0,1802.864520263672,0.7951304912567139,cat
DATA_CLEAN/images/00b658f5646884a6.jpg,703.6429953575134,214.53874111175537,1399.0627098083496,961.6385793685913,0.9268752336502075,cat
DATA_CLEAN/images/00bdfe164d09e786.jpg,1147.445603942871,2022.0660324096677,1718.0432006835936,2347.077571105957,0.6390480995178223,cat
DATA_CLEAN/images/00be5d837ceac97a.jpg,202.28475844860077,111.45076048374176,535.6156077384949,436.9566216468811,0.7313019037246704,cat
DATA_CLEAN/images/00bff47cd402e40c(1).jpg,127.26760864257812,79.43656921386719,1588.1620788574219,1196.3063049316406,0.49927616119384766,cat
DATA_CLEAN/images/00bff47cd402e40c(1).jpg,137.11143493652344,65.77400207519531,1574.7039794921875,1189.1937255859375,0.30137431621551514,cat
DATA_CLEAN/images/00c66f3c6207f706.jpg,224.03157997131348,432.4585563659668,976.9918148040771,1002.5729871749878,0.920274019241333,cat
DATA_CLEAN/images/00c8f0cd89f64508.jpg,195.9618902206421,423.5224914550781,1478.2906436920166,2189.5916175842285,0.9429349899291992,cat
DATA_CLEAN/images/00c944ee7f99eb85(1).jpg,459.11572723388673,511.7235191345215,1336.5436294555666,2144.9624633789062,0.9024945497512817,cat
DATA_CLEAN/images/00ce26ab622df48a.jpg,500.63830375671387,575.2660583496094,2613.905921936035,2738.0965606689456,0.9350948333740234,cat
DATA_CLEAN/images/00cf53cae28efbd2.jpg,83.52440185546875,721.5859008789063,2773.115576171875,1536.4080810546875,0.9477200508117676,cat
DATA_CLEAN/images/00cfb99c0cd105dc(1).jpg,22.4521484375,133.0587158203125,1241.4781494140625,774.44873046875,0.9383445382118225,cat
DATA_CLEAN/images/00d075961b9a3b48.jpg,223.5776424407959,60.72761535644531,963.4445571899414,828.2343292236328,0.9170455932617188,cat
DATA_CLEAN/images/00d085b03bfbe309.jpg,812.9560775756836,179.68581848144532,2215.6186431884767,2440.205255126953,0.8000097274780273,cat
DATA_CLEAN/images/00d085b03bfbe309.jpg,800.3306671142578,174.21422882080077,2166.3535583496096,2424.8373962402343,0.6736695170402527,cat
DATA_CLEAN/images/00d097b9dc2d47e3.jpg,972.8159820556641,1415.2406616210938,1457.0223541259766,1943.9191680908204,0.9231255650520325,cat
DATA_CLEAN/images/00d0c59b405175a1.jpg,1029.9457260131835,406.46056709289553,2902.9706748962403,2401.240155029297,0.7210454940795898,cat
DATA_CLEAN/images/00d1b7970d960626.jpg,207.12508850097657,211.4334274291992,1478.2308288574218,1050.2952575683594,0.8885235786437988,cat
DATA_CLEAN/images/00d525f1d24eec90(1).jpg,225.5151237487793,621.6006239891052,2533.329721641541,1371.4091766357421,0.9423781633377075,cat
DATA_CLEAN/images/00d72a4730f27b4f(1).jpg,681.6573486328125,906.94599609375,1664.43427734375,2114.76591796875,0.928777813911438,cat
DATA_CLEAN/images/00dcc64efbd8fca5(1).jpg,1365.233953857422,671.7274154663086,2516.8238525390625,2013.1487365722658,0.8630967140197754,cat
DATA_CLEAN/images/00e2cc12bffd0d11(1).jpg,527.26171875,282.3619079589844,781.026123046875,619.51025390625,0.9411717653274536,cat
DATA_CLEAN/images/00e3f83e77fdafde.jpg,530.3398864746094,1922.8290847778321,792.8633880615234,2148.701742553711,0.8939392566680908,cat
DATA_CLEAN/images/00e4803ef5d14706(1).jpg,33.08221435546875,112.08609008789062,1847.2970581054688,988.3733825683594,0.9246937036514282,cat
DATA_CLEAN/images/00e5fe1e74a2e395.jpg,763.17841796875,829.89375,1632.2189453125,1532.1810546875,0.8566679358482361,cat
DATA_CLEAN/images/00e5fe1e74a2e395.jpg,550.759375,126.8267822265625,1169.7892578125,881.11630859375,0.8154381513595581,cat
DATA_CLEAN/images/00e77ee3208972d8.jpg,1990.8926330566405,581.6365463256836,2625.6054870605467,1991.4356689453125,0.8689409494400024,cat
DATA_CLEAN/images/00e8260ea614a141(1).jpg,1649.7485559463503,1282.2652572631837,2050.8361250877383,1661.1751105308533,0.8264987468719482,cat
DATA_CLEAN/images/00eac4898bbbbad2.jpg,122.995556640625,228.300244140625,745.58671875,781.920458984375,0.8763301968574524,cat
DATA_CLEAN/images/00eb193f9be4c4a7.jpg,274.87630319595337,272.12455201148987,1894.963854789734,1849.888177871704,0.9295700788497925,cat
DATA_CLEAN/images/00ed03100c0cf4f1(1).jpg,1041.1778091430665,529.8382186889648,3264.0,2237.152478027344,0.9487994909286499,cat
DATA_CLEAN/images/00ede254f5367c62.jpg,315.852734375,1051.29609375,951.1466796875,2044.7470703125,0.9140685200691223,cat
DATA_CLEAN/images/00ede254f5367c62.jpg,697.7765625,0.0,1241.10888671875,460.915087890625,0.35371458530426025,cat
DATA_CLEAN/images/00eefcea7c709d84.jpg,0.0,25.81981658935547,1008.2675170898438,1252.7119445800781,0.895938515663147,cat
DATA_CLEAN/images/00f3f658b7f70e32.jpg,162.33963012695312,323.61507415771484,825.9376525878906,1592.0755004882812,0.9168210029602051,cat
DATA_CLEAN/images/00fba1cac05cc49d.jpg,0.0,193.39013671875,715.044091796875,768.0,0.9421332478523254,cat
DATA_CLEAN/images/00febd00ede4b95c.jpg,1.675616455078125,295.58731842041016,1892.8262145996093,2181.0804931640623,0.9197818040847778,cat
DATA_CLEAN/images/00ff807b827d5da7.jpg,219.27587890625,243.4315185546875,417.0794982910156,410.6102294921875,0.7795155048370361,cat
DATA_CLEAN/images/010655900341ec9f(1).jpg,3.00150146484375,167.30520629882812,2361.40029296875,2322.6475830078125,0.9433751106262207,cat
DATA_CLEAN/images/0109c7219fa4c3ce.jpg,450.499853515625,147.2185791015625,1024.0,673.5953125,0.903093695640564,cat
DATA_CLEAN/images/010d934b32d9cd08.jpg,506.92045245170596,397.33723816871645,1629.40098695755,1471.3272966384889,0.6894463300704956,cat
DATA_CLEAN/images/010f02e84e465c4e(1).jpg,525.54716796875,99.49775390625,807.3033203125,330.669287109375,0.9320927262306213,cat
DATA_CLEAN/images/010f02e84e465c4e(1).jpg,581.400732421875,283.45693359375,908.651953125,571.38828125,0.8655389547348022,cat
DATA_CLEAN/images/010f02e84e465c4e(1).jpg,138.13419189453126,305.94169921875,559.580078125,716.5208984375,0.8607555627822876,cat
DATA_CLEAN/images/011355149d7937a8.jpg,2302.062286376953,813.7132415771484,3942.547119140625,3224.3255310058594,0.9098517894744873,cat
DATA_CLEAN/images/01146df9df61b0ab.jpg,385.9159790039063,1277.2844787597655,1317.9559204101563,1812.594598388672,0.8179707527160645,cat
DATA_CLEAN/images/01146df9df61b0ab.jpg,2191.8571380615235,512.4783279418946,3031.304718017578,1031.513131713867,0.8162360787391663,cat
DATA_CLEAN/images/01146df9df61b0ab.jpg,1203.0328491210937,1274.8228820800782,1678.6576538085938,1602.194384765625,0.6751156449317932,cat
DATA_CLEAN/images/01146df9df61b0ab.jpg,1187.0728591918946,1278.254736328125,1682.3000885009767,1603.9914001464845,0.25831156969070435,cat
DATA_CLEAN/images/0116a9590f55a74a(1).jpg,0.0,8.629193115234376,2719.891491699219,2000.0,0.8803368806838989,cat
DATA_CLEAN/images/01191aef5c3e7daf.jpg,1563.9351187705993,1969.1884497642518,2192.6304632663728,3020.2695070266723,0.8983423709869385,cat
DATA_CLEAN/images/011f011557dc3e06(1).jpg,2795.9540473937986,557.5073181152344,3197.0644134521485,983.7899642944336,0.7756066918373108,cat
DATA_CLEAN/images/011f011557dc3e06(1).jpg,476.11904067993163,973.640924835205,938.3546447753906,1477.2704383850098,0.6634225845336914,cat
DATA_CLEAN/images/011f90485b61e5ba.jpg,819.1061279296874,445.9977355957031,1727.8115844726562,1188.7851928710936,0.8766270875930786,cat
DATA_CLEAN/images/0122f4b24df9221d.jpg,59.48905944824219,823.338794708252,3998.9627838134766,2712.6976013183594,0.929637610912323,cat
DATA_CLEAN/images/01249e1d6566c72b(1).jpg,32.407012939453125,50.761322021484375,617.6478271484375,639.7332153320312,0.9344111680984497,cat
DATA_CLEAN/images/01271dfd25fb3ba9.jpg,502.77808685302733,1055.8162628173827,2211.8944976806642,2441.507958984375,0.9068697094917297,cat
DATA_CLEAN/images/012f01493015c724.jpg,782.9067993164062,176.0438232421875,1500.5654296875,513.1318359375,0.9304044246673584,cat
DATA_CLEAN/images/01308bb473b234e4.jpg,64.52911376953125,273.7031936645508,1041.709213256836,945.7744216918945,0.9416768550872803,cat
DATA_CLEAN/images/0133e0c5f2655432(1).jpg,2.4146175384521484,87.27951049804688,759.9522399902344,840.7463836669922,0.5752241611480713,cat
DATA_CLEAN/images/0133e0c5f2655432(1).jpg,585.0097846984863,73.99918556213379,1200.0,840.4024887084961,0.44560152292251587,cat
DATA_CLEAN/images/013496d9615524cd.jpg,76.14736328125,309.17568359375,1838.71953125,1870.136328125,0.9091799259185791,cat
DATA_CLEAN/images/013a6482f68606c9(1).jpg,417.63511505126957,363.1426666259766,2592.0,1807.5463439941407,0.5865992903709412,cat
DATA_CLEAN/images/013a6482f68606c9(1).jpg,355.1217063903809,710.9425964355469,1199.3710144042968,1560.4865798950195,0.5833610892295837,cat
DATA_CLEAN/images/013a750cbd46fbd0.jpg,160.61084289550783,373.208846282959,3227.3395751953126,2186.0133865356447,0.8948293924331665,cat
DATA_CLEAN/images/013cfaae1de174c4(1).jpg,528.0908966064453,770.7933044433594,718.3039855957031,1011.1907196044922,0.6174948215484619,cat
DATA_CLEAN/images/013e80a28d61ca8f.jpg,1280.6259063720704,261.07025756835935,2566.318817138672,1377.2101135253906,0.9389752149581909,cat
DATA_CLEAN/images/013fce88ea053128(1).jpg,1425.6231525421142,62.1590136051178,3057.0,2037.1540532112122,0.9446074962615967,cat
DATA_CLEAN/images/0141276a11ec6561.jpg,37.23228454589844,554.7860336303711,1440.5302429199219,1446.575927734375,0.7442077994346619,cat
DATA_CLEAN/images/0141276a11ec6561.jpg,187.7857208251953,69.95922088623047,1556.7062377929688,807.9370880126953,0.3791961371898651,cat
DATA_CLEAN/images/0141b68e63d58a5b.jpg,135.12462615966797,108.8121711730957,2587.354760742188,1935.0355682373047,0.9215042591094971,cat
DATA_CLEAN/images/0141bec71ea652d8(1).jpg,105.36117553710938,95.0323486328125,1031.0507202148438,1493.363037109375,0.906013011932373,cat
DATA_CLEAN/images/01431471c260a94a.jpg,76.9702684879303,0.0,1538.3276023864746,811.4776997566223,0.8707696199417114,cat
DATA_CLEAN/images/0144a7f56ce90310(1).jpg,504.44287109375,503.821435546875,1262.27626953125,1351.6158203125,0.911461353302002,cat
DATA_CLEAN/images/014afbf828a69b18(1).jpg,240.20038604736328,305.80976486206055,1200.0,674.3694305419922,0.9469724893569946,cat
DATA_CLEAN/images/014cd75f91cf0c13.jpg,678.2092254638671,170.2982635498047,2000.0,1724.6144256591797,0.9250765442848206,cat
DATA_CLEAN/images/014dbc8d21db19e9.jpg,0.0,233.05924072265626,2025.784588623047,2301.1722290039065,0.9392935037612915,cat
DATA_CLEAN/images/01536eac998afe25(1).jpg,347.065966796875,1102.453125,1212.8955078125,1938.67890625,0.8454787135124207,cat
DATA_CLEAN/images/01536eac998afe25(1).jpg,617.971923828125,135.08671875,1381.46591796875,1156.5462890625,0.5978721380233765,cat
DATA_CLEAN/images/01575172e30a3115.jpg,1023.5960731506348,532.2264785766602,1392.572509765625,965.7179222106934,0.9180598258972168,cat
DATA_CLEAN/images/0157995318398b74.jpg,115.03863830566407,25.846579742431643,864.0,603.3596923828126,0.9235284328460693,cat
DATA_CLEAN/images/0158339289ba9ef6(1).jpg,465.740576171875,216.08037109375,882.06044921875,571.28525390625,0.8873588442802429,cat
DATA_CLEAN/images/0158339289ba9ef6(1).jpg,124.35458984375,258.74736328125,576.0330078125,542.04482421875,0.7072296738624573,cat
DATA_CLEAN/images/015d4529e5674fd1(1).jpg,858.6291275024414,178.10097885131836,3460.695831298828,1965.7961883544922,0.9501674771308899,cat
DATA_CLEAN/images/016138c99f022e38.jpg,589.5773162841797,587.7720703125,1457.6498107910156,1687.0515930175782,0.5977952480316162,cat
DATA_CLEAN/images/0162451c0f39e7c9.jpg,210.3828125,1322.7716796875,492.58447265625,1722.0853515625,0.803999125957489,cat
DATA_CLEAN/images/0163bb5754d8b97f.jpg,13.600301742553711,752.9326915740967,4417.966461181641,3224.7264862060547,0.9481316804885864,cat
DATA_CLEAN/images/0167038ff2f74f37.jpg,57.514310932159425,205.77153692245483,2603.0,2154.1234018325804,0.8633162975311279,cat
DATA_CLEAN/images/0169523e93f79c1e(1).jpg,1330.6324562072755,526.0522109985352,3866.407127380371,2120.0324317932127,0.40401431918144226,cat
DATA_CLEAN/images/016b96410076ff40.jpg,0.0,137.852099609375,914.5302734375,552.548486328125,0.940850555896759,cat
DATA_CLEAN/images/016c8488c8b2faff.jpg,101.11920070648193,318.16300683021547,2105.5164310455325,2284.2575078964232,0.9356076717376709,cat
DATA_CLEAN/images/016db89f4000bdd0.jpg,70.61630249023438,74.75716018676758,2720.0,2117.3829956054688,0.5544397234916687,cat
DATA_CLEAN/images/016db89f4000bdd0.jpg,133.87811279296875,75.9351577758789,2717.559051513672,2162.871795654297,0.37437522411346436,cat
DATA_CLEAN/images/016db89f4000bdd0.jpg,144.70427703857422,279.4594841003418,1598.236312866211,2086.198516845703,0.25442978739738464,cat
DATA_CLEAN/images/016e073c21d07bfc.jpg,62.160762786865234,74.71119499206543,988.7717361450195,935.9072647094727,0.9338722229003906,cat
DATA_CLEAN/images/016e5bdd88d3854a(1).jpg,0.0,197.7227783203125,843.6134643554688,960.0,0.9610820412635803,cat
DATA_CLEAN/images/016ec667545f3cd8.jpg,528.81865234375,270.27509765625,2013.341796875,1531.4041015625,0.41769811511039734,cat
DATA_CLEAN/images/016ec667545f3cd8.jpg,528.093701171875,266.04794921875,2004.895703125,1529.7189453125,0.28870689868927,cat
DATA_CLEAN/images/016f675eaf265a33.jpg,954.1815490722656,952.6920776367188,2464.9564727783204,1710.6721069335938,0.8557974100112915,cat
DATA_CLEAN/images/017301579da2f4b3.jpg,211.3828155517578,204.44512329101562,2882.2325439453125,1688.9100311279296,0.9136674404144287,cat
DATA_CLEAN/images/017684986536c4eb.jpg,38.44171142578125,1000.8233184814453,4176.511413574219,3825.6520385742188,0.9264266490936279,cat
DATA_CLEAN/images/017a9174638e8a00.jpg,25.3083984375,634.8439453125,1598.29921875,1528.6615234375,0.8548702001571655,cat
DATA_CLEAN/images/017a9174638e8a00.jpg,4.34208984375,9.394677734375,1683.75625,1499.6283203125,0.49269428849220276,cat
DATA_CLEAN/images/017effcdfc9c2f88(1).jpg,97.40162909030914,417.32473826408386,994.7684715270996,1440.3287853240965,0.9208831191062927,cat
DATA_CLEAN/images/017f293e52590602(1).jpg,612.5965161323547,277.2775082588196,849.5671113967895,630.9490173339843,0.9431508779525757,cat
DATA_CLEAN/images/0184083b232f4de9.jpg,395.64693450927734,766.6603088378906,1053.838882446289,1412.1311950683594,0.6912463307380676,cat
DATA_CLEAN/images/01841d31f50bfb42(1).jpg,428.0778076171875,641.448193359375,2626.0435546875,1755.256787109375,0.7325794696807861,cat
DATA_CLEAN/images/018468e89d2c9ef5.jpg,42.444620037078856,143.5669155597687,2929.9212687492372,2196.9374816417694,0.9159611463546753,cat
DATA_CLEAN/images/0186bb9f961269b7(1).jpg,226.7460725307465,496.65663816928867,3384.3428141593936,2323.9545510292055,0.8178197145462036,cat
DATA_CLEAN/images/0188e1264d77a1d7.jpg,3.813405179977417,369.72659716606137,1728.4437737464905,2598.1677008628844,0.9152173399925232,cat
DATA_CLEAN/images/018ba7f5579cf90d(1).jpg,272.5838252067566,154.29142191410065,773.97769780159,510.66074872016907,0.9168956279754639,cat
DATA_CLEAN/images/018bafef4b3ca0c6.jpg,97.66274414062501,665.5166702270508,2067.625360107422,2367.548327636719,0.917577862739563,cat
DATA_CLEAN/images/018d672ed68f6d69.jpg,441.56661717891694,362.7948949813843,1465.0,2183.533167076111,0.8797727227210999,cat
DATA_CLEAN/images/018d74015fe072c9.jpg,417.98208465576175,202.90189743041992,2848.0,1799.8316162109375,0.9269988536834717,cat
DATA_CLEAN/images/0191037772bc2cbc.jpg,723.458344244957,1723.8244278430939,1686.694217777252,2370.53620262146,0.9413318634033203,cat
DATA_CLEAN/images/0195f63fc8dc10f5.jpg,165.6302261352539,536.3088989257812,1433.2096862792969,1191.318359375,0.9403651356697083,cat
DATA_CLEAN/images/0197e795c336a598.jpg,126.060551404953,225.90448379516602,1220.727653503418,791.474347114563,0.9308477640151978,cat
DATA_CLEAN/images/0199b46dc07e3fae.jpg,1051.4745391845704,687.2378402709961,2598.8322509765626,1762.2759887695313,0.8637779951095581,cat
DATA_CLEAN/images/01a842da936f8d2d.jpg,1641.7885620117188,958.6256973266602,2845.28786315918,1834.5253784179688,0.8727697134017944,cat
DATA_CLEAN/images/01a970b879cd01cc.jpg,396.763916015625,140.6783447265625,640.0,405.06536865234375,0.8732854127883911,cat
DATA_CLEAN/images/01af39c766c4e44b(1).jpg,249.8719072341919,59.497857093811035,1278.8754653930664,1320.9796333312988,0.8723341822624207,cat
DATA_CLEAN/images/01afee909d184eae.jpg,245.87286472320557,153.2055902481079,845.0301475524902,972.5528869628906,0.9073154330253601,cat
DATA_CLEAN/images/01b020731ac3ec6c.jpg,846.630972290039,381.17254943847655,2899.496923828125,1889.8983215332032,0.9273838400840759,cat
DATA_CLEAN/images/01b3aa3658e9632f(1).jpg,300.1216278076172,347.5816589355469,2689.195056152344,2304.0,0.9544271230697632,cat
DATA_CLEAN/images/01b7a6c529347a5f(1).jpg,224.72778856754303,363.47273886203766,1085.331904888153,829.9403309822083,0.89864581823349,cat
DATA_CLEAN/images/01bdb94ac2c3a826.jpg,0.0,302.72152919769286,2769.0,1682.6089762687684,0.8890881538391113,cat
DATA_CLEAN/images/01c026fde9e42880.jpg,1001.0579589843751,984.7330444335938,2599.1291931152346,2275.91279296875,0.2823317050933838,cat
DATA_CLEAN/images/01c40a0d4cbdac2d.jpg,400.35888671875,67.3796875,915.980859375,667.566015625,0.9325607419013977,cat
DATA_CLEAN/images/01c63262502ae73b(1).jpg,0.0,604.2852916717529,1545.8479900360107,2623.9603328704834,0.9399218559265137,cat
DATA_CLEAN/images/01c63262502ae73b(1).jpg,1493.3750495910645,389.7992262840271,2815.4469108581543,2547.431859970093,0.8407617807388306,cat
DATA_CLEAN/images/01c7875d1c1a0a9b.jpg,410.19155502319336,1095.8908832073212,799.404205083847,1438.3012676239014,0.8213143348693848,cat
DATA_CLEAN/images/01c7875d1c1a0a9b.jpg,287.7813649177551,830.4514610767365,458.99145126342773,946.0161101818085,0.480106383562088,cat
DATA_CLEAN/images/01c848d07bca3d48.jpg,25.72857666015625,387.0103759765625,334.65045166015625,565.0194702148438,0.81191086769104,cat
DATA_CLEAN/images/01c848d07bca3d48.jpg,287.5266418457031,357.3499755859375,419.20794677734375,490.0408630371094,0.38162699341773987,cat
DATA_CLEAN/images/01c90c4edc0b285e(1).jpg,533.7490641832352,32.83202204704285,1420.683860206604,1046.5882513046265,0.9342054128646851,cat
DATA_CLEAN/images/01ca30b2df3af03f.jpg,50.483795166015625,28.848892211914062,567.3472900390625,475.853271484375,0.6881070733070374,cat
DATA_CLEAN/images/01d0818e97339657.jpg,332.7252136230469,155.31847229003907,2718.4543487548826,1877.2795120239257,0.9039684534072876,cat
DATA_CLEAN/images/01d1b49019d04c1f(1).jpg,0.0,833.1267356872559,2527.6792526245117,2183.4365844726562,0.8764451146125793,cat
DATA_CLEAN/images/01d3d75c13b00623.jpg,657.2642120361328,993.7828125,2229.208630371094,1655.9952758789063,0.9413241147994995,cat
DATA_CLEAN/images/01d857c381ce4754.jpg,353.23573837280276,1520.9165588378905,1196.9461715698242,2205.070477294922,0.9067042469978333,cat
DATA_CLEAN/images/01da1a251e8d163a.jpg,300.01612243652346,96.42358703613282,2400.9625854492188,2378.115618896484,0.8940595388412476,cat
DATA_CLEAN/images/01da1a251e8d163a.jpg,2342.680828857422,1758.5798583984376,3092.2454223632812,2139.8532623291017,0.31984639167785645,cat
DATA_CLEAN/images/01e63caf45fdf45a(1).jpg,342.81898617744446,123.34564661979675,2351.859312057495,1317.4041652679443,0.9472659826278687,cat
DATA_CLEAN/images/01e91302fb2f7c51.jpg,320.6850814819336,197.41722106933594,1050.0199890136719,996.5798950195312,0.9328552484512329,cat
DATA_CLEAN/images/01ed0d5c39cf698a(1).jpg,1293.886752271652,146.8193826675415,3602.0,2384.6252952575683,0.9266022443771362,cat
DATA_CLEAN/images/01f45dfaabc114d0.jpg,794.0882949829102,2135.38809967041,2242.1972305297854,4252.653082275391,0.789238452911377,cat
DATA_CLEAN/images/01f6ea4a9d589f98.jpg,525.08056640625,595.1211547851562,772.2459411621094,826.1128997802734,0.7723395824432373,cat
DATA_CLEAN/images/01f94a2931996b1a(1).jpg,226.07052612304688,64.9424057006836,645.298095703125,492.2600555419922,0.8150266408920288,cat
DATA_CLEAN/images/01f9cdb2b6c6d142.jpg,3.248911285400391,322.96889877319336,1802.0942687988281,1770.3626770019532,0.44463154673576355,cat
DATA_CLEAN/images/01f9cdb2b6c6d142.jpg,20.081044006347657,459.81577606201176,2562.9694793701174,1765.429705810547,0.3547511398792267,cat
DATA_CLEAN/images/020404bbda217c43(1).jpg,1426.4243865966796,503.7998908996582,2855.0560775756835,2391.191784667969,0.9156183004379272,cat
DATA_CLEAN/images/020613082fbb2e7e(1).jpg,19.22080078125,234.52119140624998,2640.30234375,1658.133544921875,0.7389898896217346,cat
DATA_CLEAN/images/020a3aa33d571052(1).jpg,574.7298290252685,127.8446533203125,1936.0,1283.932484436035,0.9482426047325134,cat
DATA_CLEAN/images/020efd3803ff4e94.jpg,1264.6511856079103,5.718363189697266,1886.3040618896484,476.28274383544925,0.9295890927314758,cat
DATA_CLEAN/images/0210f73448dd814a.jpg,232.1030517578125,255.424560546875,386.209130859375,433.096826171875,0.7812033891677856,cat
DATA_CLEAN/images/0218c55b31ce4c6f(1).jpg,352.4911768913269,317.4982721328736,1340.0649132728577,1620.920812225342,0.752166748046875,cat
DATA_CLEAN/images/0219696481ade422.jpg,209.72314224243163,100.6303497314453,2301.630397033691,1685.8483489990235,0.9246097803115845,cat
DATA_CLEAN/images/021a7376a2f50714.jpg,0.0,501.48170471191406,860.04150390625,1176.8736267089844,0.9232826232910156,cat
DATA_CLEAN/images/021a7376a2f50714.jpg,809.4443511962891,47.564849853515625,1600.0,761.6813659667969,0.5119631290435791,cat
DATA_CLEAN/images/021bfac880f49210(1).jpg,161.2349609375,126.9493896484375,903.28291015625,603.194091796875,0.9253648519515991,cat
DATA_CLEAN/images/021fd3fec9e6a438(1).jpg,164.6818884372711,384.2248422145843,1606.0464042663573,1980.7302783966063,0.9410690069198608,cat
DATA_CLEAN/images/0229c4bb47a93354.jpg,20.5977783203125,246.72242736816406,568.0753173828125,361.9849853515625,0.342417448759079,cat
DATA_CLEAN/images/022b2fdb0426472b(1).jpg,433.2483139038086,329.4609741210937,1907.2045654296874,1361.1195968627928,0.9297549724578857,cat
DATA_CLEAN/images/022e9bab23d67759.jpg,176.78515625,318.24931640625,1802.8546875,930.7634765625,0.9371747970581055,cat
DATA_CLEAN/images/022eed4e8558a4e3.jpg,224.53189086914062,24.0126953125,960.8429565429688,840.827880859375,0.9072896242141724,cat
DATA_CLEAN/images/022fa9029124a89a.jpg,714.6497451782226,618.7425845146179,882.1250442504883,894.9464172363281,0.934617280960083,cat
DATA_CLEAN/images/022fa9029124a89a.jpg,181.06438102722169,565.5992694854737,269.21837186813354,622.4440316200256,0.28656870126724243,cat
DATA_CLEAN/images/0231ad59e05c83e0.jpg,1332.734765625,974.939794921875,2205.413232421875,1525.8861328125,0.7760246992111206,cat
DATA_CLEAN/images/0239130eb9aaad76(1).jpg,62.2352783203125,77.6884521484375,746.53125,681.0,0.922275960445404,cat
DATA_CLEAN/images/0239b4f271cf6c07.jpg,6.959912109375,323.9945068359375,2942.85498046875,2288.54794921875,0.8800926208496094,cat
DATA_CLEAN/images/023e2ce50aafe9c9.jpg,152.73143920898437,643.0951263427735,2106.7456970214844,3456.0,0.8791736364364624,cat
DATA_CLEAN/images/0241feea6ba709f9.jpg,0.0,10.098602294921875,4063.215550231934,2467.724629974365,0.9622603058815002,cat
DATA_CLEAN/images/0247ab48a8495a62(1).jpg,9.575665402412413,57.89458050727844,1156.6500277996063,1124.4966228485107,0.8826110363006592,cat
DATA_CLEAN/images/02498e38bd3592da(1).jpg,665.2589744567871,619.1195938110352,1755.0517822265624,1285.309359741211,0.5658208131790161,cat
DATA_CLEAN/images/024cc59c5f236ff0.jpg,1333.205337524414,103.92751922607421,4896.0,3235.410708618164,0.9271516799926758,cat
DATA_CLEAN/images/024d61814e5ce2d5.jpg,1081.755271911621,639.8851684570313,1993.096485900879,1633.604232788086,0.7634860277175903,cat
DATA_CLEAN/images/0254f1666d32dda8(1).jpg,1253.9823547363283,1420.6185180664063,2822.8326782226563,2863.6189453125003,0.9346984624862671,cat
DATA_CLEAN/images/0256394be89b2d9f(1).jpg,701.3881306648254,1210.5625200271606,1018.4652683734894,1437.9979252815247,0.8039193153381348,cat
DATA_CLEAN/images/0256394be89b2d9f(1).jpg,1220.9626352787018,970.6623492240906,1515.7698774337769,1365.5953922271729,0.7763262391090393,cat
DATA_CLEAN/images/0256394be89b2d9f(1).jpg,1801.2395153045654,1491.589282989502,2221.8038630485535,1844.02800655365,0.7565162181854248,cat
DATA_CLEAN/images/0256394be89b2d9f(1).jpg,2290.974088191986,1021.8086929321289,2468.1374564170837,1216.0491003990173,0.29856517910957336,cat
DATA_CLEAN/images/025a19af4e11e528(1).jpg,817.8929443359375,320.2932815551758,2428.8974060058595,1989.567315673828,0.6827818155288696,cat
DATA_CLEAN/images/025a19af4e11e528(1).jpg,1793.7218383789063,460.83028106689454,3008.0,1992.5822692871093,0.3479963541030884,cat
DATA_CLEAN/images/0264cc625c664b01(1).jpg,396.0204689025879,219.3222141265869,4752.0,3160.741017150879,0.912912130355835,cat
DATA_CLEAN/images/026836c48efd8c33.jpg,340.9730224609375,219.7751220703125,837.2349609375,481.76806640625,0.9558985233306885,cat
DATA_CLEAN/images/0278344d2459fb9d.jpg,1010.9747909545899,749.9601745605469,2701.7794738769535,2217.0982177734377,0.8734732866287231,cat
DATA_CLEAN/images/02798d8e708db858(1).jpg,0.0,314.4685707092285,3883.4549560546875,2084.1659088134766,0.8047162294387817,cat
DATA_CLEAN/images/027aa105d464ccbf.jpg,549.6873779296875,1113.4470703125,3057.20859375,2106.5208984375,0.9520741105079651,cat
DATA_CLEAN/images/027ac7ef0fab74e0.jpg,1108.9462280273438,658.2512741088867,2912.4210662841797,2339.967384338379,0.6227853298187256,cat
DATA_CLEAN/images/027ac7ef0fab74e0.jpg,1099.526653289795,658.6896286010742,2922.5985946655273,2330.0998764038086,0.39466601610183716,cat
DATA_CLEAN/images/027b44d5e580abc5.jpg,586.9020097732543,275.16833910942074,1246.3949569702147,981.6491057395934,0.9099611043930054,cat
DATA_CLEAN/images/027ea4ae6f26e101(1).jpg,495.722705078125,1038.3236328125,1118.29345703125,1792.088671875,0.9185616970062256,cat
DATA_CLEAN/images/027f1836c80b85b5(1).jpg,90.34777526855468,30.368199157714844,2491.1749877929688,1996.22861328125,0.9578982591629028,cat
DATA_CLEAN/images/02807411e6cb5291(1).jpg,165.2094841003418,322.0056827545166,2359.295068359375,2581.466761779785,0.8576074838638306,cat
DATA_CLEAN/images/02842ae1014c62a2(1).jpg,996.90625,741.8544799804688,2703.4951171875,2779.0570678710938,0.4659402668476105,cat
DATA_CLEAN/images/02842ae1014c62a2(1).jpg,994.1930328369141,738.808432006836,2915.311407470703,2842.1340759277346,0.38928282260894775,cat
DATA_CLEAN/images/0284610e58b63949.jpg,508.651806640625,480.03759765625,1245.53330078125,1789.8861328125,0.9340246915817261,cat
DATA_CLEAN/images/02881bf75cbb6eb8.jpg,93.38775987625122,50.55402081012726,2117.0,1305.1002079963685,0.9323227405548096,cat
DATA_CLEAN/images/02882d0afc814f31(1).jpg,595.5668495178223,396.10898437500003,2592.0,1529.1695297241213,0.9578010439872742,cat
DATA_CLEAN/images/028c07ddc77b2ebe.jpg,114.63340640068053,47.21918821334838,1148.559582233429,1222.8990173339844,0.9043351411819458,cat
DATA_CLEAN/images/029c508b9a5395d9.jpg,439.865064239502,216.24476165771486,2202.5696594238284,1814.4578430175782,0.9158753156661987,cat
DATA_CLEAN/images/02aa416752a4efd1.jpg,367.99052124023433,611.1094024658203,2055.263226318359,1337.2215576171875,0.9305466413497925,cat
DATA_CLEAN/images/02aa8727e8a49a61.jpg,0.0,224.52335929870605,2709.6154220581057,1398.4102821350098,0.9447572231292725,cat
DATA_CLEAN/images/02b05bbb6027f75b.jpg,0.0,0.0,4608.0,3091.850244140625,0.9439610242843628,cat
DATA_CLEAN/images/02b10b0e1b6dc3dc.jpg,667.3950233459473,824.0622802734375,2357.126449584961,1939.6948974609377,0.9251089096069336,cat
DATA_CLEAN/images/02b4196ce8a0e541(1).jpg,240.04739379882812,223.75753631591797,2185.4965576171876,2000.0,0.8997625112533569,cat
DATA_CLEAN/images/02bbe2d96610e514(1).jpg,455.5242197036743,262.60934760570524,3601.0,1930.1724503993987,0.9421327710151672,cat
DATA_CLEAN/images/02c3368854264b00.jpg,1059.1263105392457,525.7940531730652,1310.5255309104919,1153.0784200668334,0.5734735727310181,cat
DATA_CLEAN/images/02c3368854264b00.jpg,1054.6529058456422,520.9694919586182,1302.8773485183715,948.8439306259155,0.40301963686943054,cat
DATA_CLEAN/images/02c68745b4cc6bca.jpg,537.39033203125,930.6228515625,794.843359375,1330.77705078125,0.8215092420578003,cat
DATA_CLEAN/images/02c68745b4cc6bca.jpg,1326.99873046875,306.946533203125,1780.8595703125,648.9404296875,0.8008872270584106,cat
DATA_CLEAN/images/02c68745b4cc6bca.jpg,903.55546875,551.645458984375,1377.9740234375,841.6126953125,0.774329423904419,cat
DATA_CLEAN/images/02c96c40268b866a.jpg,369.9521987915039,529.8385803222657,2318.4094482421874,1393.129055786133,0.9634931683540344,cat
DATA_CLEAN/images/02ce45a62438e2a3(1).jpg,264.61273269653316,629.8017429351806,887.8790924072265,1603.0461250305175,0.7877312302589417,cat
DATA_CLEAN/images/02dad48e56d65904.jpg,525.545654296875,209.77642822265625,961.0480346679688,449.255859375,0.9048119187355042,cat
DATA_CLEAN/images/02dbc028c05d0cd1.jpg,460.4677734375,441.04705810546875,2060.290771484375,1622.1134033203125,0.9208559989929199,cat
DATA_CLEAN/images/02e072e44439391b(1).jpg,221.1405029296875,116.32461547851562,1240.74609375,946.7093505859375,0.946533739566803,cat
DATA_CLEAN/images/02e2389212a0971e.jpg,392.64008789062495,562.44580078125,2248.1384765625,2230.1396484375,0.3904918432235718,cat
DATA_CLEAN/images/02e2389212a0971e.jpg,1598.421533203125,5.8526367187499995,3056.342578125,975.1385742187499,0.35186129808425903,cat
DATA_CLEAN/images/02e2389212a0971e.jpg,880.0930664062499,1.43280029296875,2956.2234375,959.0846191406249,0.325811505317688,cat
DATA_CLEAN/images/02ef16e58eb5ec25.jpg,148.99325561523438,173.7037353515625,307.76751708984375,333.8415222167969,0.5289223194122314,cat
DATA_CLEAN/images/02f24c69eae49358.jpg,1.40833740234375,46.23535766601563,2500.969921875,2294.13251953125,0.9426023364067078,cat
DATA_CLEAN/images/02f322db7a5996b5.jpg,0.0,1057.2349151611327,2119.533898925781,2592.0,0.9136612415313721,cat
DATA_CLEAN/images/02f3b2ab995d0234(1).jpg,254.41654205322266,688.2445526123047,1195.1022338867188,1594.6087646484375,0.8020806908607483,cat
DATA_CLEAN/images/02f7ddbbd87b5357.jpg,397.9863450050354,109.88522987365722,878.8989780426025,787.0265108108521,0.7647603750228882,cat
DATA_CLEAN/images/02f97f47cde27e02.jpg,702.572802734375,10.8888671875,933.05,194.0225830078125,0.9323326349258423,cat
DATA_CLEAN/images/02faf9c16cebe2d2.jpg,1739.4454948425293,515.7482414245605,2894.72780456543,2209.6360153198243,0.8998764157295227,cat
DATA_CLEAN/images/03149fed8a991a80(1).jpg,773.9221069335938,1441.1411499023438,1149.1873352050782,2021.2604736328126,0.4142446219921112,cat
DATA_CLEAN/images/03149fed8a991a80(1).jpg,767.9085754394532,1440.7779418945313,1152.513720703125,2032.2887145996094,0.2854982018470764,cat
DATA_CLEAN/images/03152f684616dba7.jpg,1350.676126098633,0.0,3579.874841308594,1853.8129760742188,0.8964583873748779,cat
DATA_CLEAN/images/032eef8e9067d9ab.jpg,398.4177734375,53.4431396484375,570.30341796875,386.88125,0.4461410939693451,cat
DATA_CLEAN/images/03325932f5292dfe.jpg,1654.545644569397,1165.3280691146851,2207.924616909027,1538.5067536354065,0.49532821774482727,cat
DATA_CLEAN/images/03325932f5292dfe.jpg,1437.71482629776,200.00351934432985,1679.3009077072145,670.965565776825,0.4520915448665619,cat
DATA_CLEAN/images/03371fc8fa17150d.jpg,722.867603302002,215.45184173583985,1726.304482269287,1680.646206665039,0.9073807001113892,cat
DATA_CLEAN/images/033a0910711701ea.jpg,330.9450674057007,132.8795313835144,567.3664283752441,404.01050090789795,0.9016150236129761,cat
DATA_CLEAN/images/034244ac18ed1daa.jpg,1130.9281402587892,2.589402008056641,2104.131967163086,490.74708251953126,0.9116382598876953,cat
DATA_CLEAN/images/0345d1be94555b08(1).jpg,0.0,2048.7746337890626,1183.7749877929687,3447.151831054687,0.9362775087356567,cat
DATA_CLEAN/images/034684b3d6d10312(1).jpg,775.1178839683533,1201.256385421753,1395.2694339752197,1663.8433921813967,0.9478069543838501,cat
DATA_CLEAN/images/03526651c2fc4abc.jpg,49.5107421875,387.07265625,543.710498046875,674.06875,0.7300064563751221,cat
DATA_CLEAN/images/035541088dc6d28c(1).jpg,777.8230664730072,211.71125650405884,2047.195683479309,1825.118730545044,0.9405273199081421,cat
DATA_CLEAN/images/03588eb6a45ac049.jpg,833.06064453125,276.835302734375,2048.0,1525.652734375,0.957402229309082,cat
DATA_CLEAN/images/035c1f8899cc6710(1).jpg,2524.324765777588,715.5741371154785,3583.4784759521485,2449.668370056152,0.8747689127922058,cat
DATA_CLEAN/images/036737357e6c472f.jpg,14.558563232421875,385.8091735839844,1352.1746826171875,1039.7447204589844,0.8909896612167358,cat
DATA_CLEAN/images/0368860894553249(1).jpg,1070.059176492691,661.60880818367,1797.941694164276,1279.8444738388062,0.8375377655029297,cat
DATA_CLEAN/images/036b799a8e27ed5c.jpg,864.0554809570312,168.2806396484375,1401.1483764648438,908.9727020263672,0.7027965784072876,cat
DATA_CLEAN/images/036cb719e6575d06.jpg,1285.3358734130861,702.8076187133789,2111.3794006347657,1944.0,0.8930069804191589,cat
DATA_CLEAN/images/036d8e154dfe8f66.jpg,0.0,83.21240234375,886.845458984375,719.3912353515625,0.9607651829719543,cat
DATA_CLEAN/images/03798f06d5c59448(1).jpg,180.454683303833,921.1669417381287,3199.2580226898194,2307.8182970046996,0.9347684383392334,cat
DATA_CLEAN/images/037ecc47b3ce6491.jpg,382.93583984375,327.428955078125,584.760498046875,557.32119140625,0.793631911277771,cat
DATA_CLEAN/images/0380e03d4d4a9b5b(1).jpg,0.0,672.7908416748047,2931.4442504882813,1835.2505126953126,0.9677510261535645,cat
DATA_CLEAN/images/03866f200bdb84b4.jpg,179.93221998214722,379.31796073913574,701.059455871582,1038.2749128341675,0.8941184282302856,cat
DATA_CLEAN/images/038cca7e7e967d46(1).jpg,428.65478515625,173.701904296875,2560.0,1568.8865966796875,0.9258294105529785,cat
DATA_CLEAN/images/038ed589cc859681.jpg,2022.6834597587583,91.7793315410614,4118.257485294342,2456.568849468231,0.9373510479927063,cat
DATA_CLEAN/images/039a73366e322583.jpg,44.19403076171875,122.4227294921875,1280.0,923.1468505859375,0.9372124671936035,cat
DATA_CLEAN/images/039d5c013dfcc6ac(1).jpg,40.486322021484376,211.0146240234375,1492.5645812988282,2242.918212890625,0.9487134218215942,cat
DATA_CLEAN/images/039d5c013dfcc6ac(1).jpg,1285.301678466797,374.1395965576172,3332.707690429688,2290.5198852539065,0.8972140550613403,cat
DATA_CLEAN/images/03a30bfb63a6cab0.jpg,574.2256259918213,199.94617176055908,3078.6591148376465,2049.0440673828125,0.9416389465332031,cat
DATA_CLEAN/images/03a4dbe5515a9b63.jpg,619.2429634094237,109.29802093505859,4371.69811706543,3198.4554748535156,0.945035457611084,cat
DATA_CLEAN/images/03a70242be636b12.jpg,383.77017974853516,403.35731506347656,3633.5296630859375,2682.5666427612305,0.9139140844345093,cat
DATA_CLEAN/images/03a9dcc38161d4b8.jpg,58.10591125488281,1075.012939453125,1012.9840393066406,1687.626708984375,0.9090045690536499,cat
DATA_CLEAN/images/03a9dcc38161d4b8.jpg,373.4625549316406,292.66133880615234,930.3262023925781,825.0213317871094,0.8123941421508789,cat
DATA_CLEAN/images/03acfd1833e7328e(1).jpg,318.5314636230469,0.0,513.4097900390625,575.4474792480469,0.9125587940216064,cat
DATA_CLEAN/images/03ad9b72174a36c2(1).jpg,22.46074676513672,794.8858261108398,3765.0146484375,2750.2418518066406,0.8397274017333984,cat
DATA_CLEAN/images/03ae2eda6e83f025(1).jpg,1264.8979690551757,852.6341506958008,2532.5769165039064,1291.0265090942382,0.8526104092597961,cat
DATA_CLEAN/images/03ae5849e0822554.jpg,503.7978521823883,247.5930239677429,1382.3809251785278,870.5782112121582,0.8957643508911133,cat
DATA_CLEAN/images/03b37411b041f8bf(1).jpg,0.0,230.12971878051758,1508.9137554168701,1662.2979640960693,0.9373607635498047,cat
DATA_CLEAN/images/03bbbebf0bce2b4d.jpg,311.2657829761505,429.5181252002716,668.4165858745574,878.4146394729614,0.8910254240036011,cat
DATA_CLEAN/images/03c22fcbc7ce0312(1).jpg,227.67876892089845,0.0,2410.8416015625003,723.6823974609375,0.8461430072784424,cat
DATA_CLEAN/images/03d100a28a84bac5.jpg,0.0,1781.565966796875,936.4982391357422,3264.0,0.9116008877754211,cat
DATA_CLEAN/images/03d100a28a84bac5.jpg,1312.3776397705078,2066.434460449219,1741.7743560791016,2446.1911560058593,0.6475142240524292,cat
DATA_CLEAN/images/03d100a28a84bac5.jpg,1305.3033508300782,2059.0600982666015,1749.356497192383,2439.509078979492,0.36481183767318726,cat
DATA_CLEAN/images/03d69d62b8638bb2.jpg,1377.9669403076173,308.5216033935547,3522.907717895508,2776.3181762695312,0.9569793939590454,cat
DATA_CLEAN/images/03de768c94ab38a4.jpg,58.33584136962891,441.51372985839845,2163.3307250976563,2234.707067871094,0.9140308499336243,cat
DATA_CLEAN/images/03e929ac294247fe.jpg,250.68706512451172,503.81639099121094,1371.5681945800782,2101.452896118164,0.922136127948761,cat
DATA_CLEAN/images/03ec8d42d08c59bc(1).jpg,209.56412959098816,416.93862791061406,1624.9848003387451,1071.0916786193848,0.832468569278717,cat
DATA_CLEAN/images/03ee4583be87daf2.jpg,647.6025695800781,772.149462890625,2184.802459716797,1496.9063415527344,0.9171198606491089,cat
DATA_CLEAN/images/03ee4583be87daf2.jpg,1958.0968139648437,852.4317398071289,2738.1857666015626,1350.8970520019532,0.8234694004058838,cat
DATA_CLEAN/images/04012bdb587387f6.jpg,983.768359375,379.0951171875,1772.5474609375,832.31337890625,0.9411810040473938,cat
DATA_CLEAN/images/04012bdb587387f6.jpg,171.71083984375,345.6244140625,881.9236328125,988.41796875,0.7342120409011841,cat
DATA_CLEAN/images/04088e4a31ac84e0.jpg,0.0,59.54989242553711,1808.0847747802734,1933.2870079040526,0.8991847038269043,cat
DATA_CLEAN/images/04098b194aaa8b2a(1).jpg,577.988889503479,1013.7990201950073,1335.855167579651,2122.959090042114,0.7668535709381104,cat
DATA_CLEAN/images/040b423f9230ca3b(1).jpg,470.12880859375,91.930517578125,1024.0,613.86748046875,0.9067732095718384,cat
DATA_CLEAN/images/040c608cdf114dc2(1).jpg,416.33347034454346,166.81649208068848,1200.0,1656.796989440918,0.7970799803733826,cat
DATA_CLEAN/images/040d7c4c3cedd65b.jpg,355.83485412597656,167.27325439453125,1804.9894409179688,1154.8745727539062,0.9383383989334106,cat
DATA_CLEAN/images/0414f5709c681d84(1).jpg,1570.736782836914,1280.4964542388916,3214.913845825195,3736.3386566162108,0.8343042135238647,cat
DATA_CLEAN/images/0415c195adfd1004.jpg,384.69907836914064,237.91787910461426,3888.0,2509.832633972168,0.8807458877563477,cat
DATA_CLEAN/images/0426f242445307fb(1).jpg,190.4112548828125,92.364501953125,1085.6319580078125,882.190185546875,0.9357955455780029,cat
DATA_CLEAN/images/042ea038a398a2f0.jpg,905.0617218017579,1690.162976074219,1123.9912353515626,2148.4767700195316,0.584518551826477,cat
DATA_CLEAN/images/042ea038a398a2f0.jpg,906.2527404785158,1697.8485992431642,1121.7365478515626,2143.840283203125,0.42669984698295593,cat
DATA_CLEAN/images/0430c19eeacc6c64.jpg,78.76284790039062,22.1429443359375,640.0,640.0,0.7553566694259644,cat
DATA_CLEAN/images/04336a7b2b1c90cd.jpg,259.34736328125,391.105712890625,1953.819140625,1485.5880859375,0.9246913194656372,cat
DATA_CLEAN/images/0433c73f805ddfba.jpg,616.6171646118164,376.7176818847656,1290.50537109375,777.5386047363281,0.8119451999664307,cat
DATA_CLEAN/images/043bafd0fe4206eb.jpg,766.3108474731446,677.4368774414063,3444.7918579101565,2572.720971679688,0.9450914859771729,cat
DATA_CLEAN/images/043ce6802272f8d5(1).jpg,0.0,106.64398193359375,959.4024658203125,872.0262145996094,0.7955544590950012,cat
DATA_CLEAN/images/043ce6802272f8d5(1).jpg,798.5218811035156,301.3401794433594,1417.9440307617188,654.3674468994141,0.4205639362335205,cat
DATA_CLEAN/images/0448be7c36b00b4b(1).jpg,1199.8445114135743,399.75488662719727,2168.2875366210938,1604.7015106201172,0.9094713926315308,cat
DATA_CLEAN/images/0448be7c36b00b4b(1).jpg,409.8009086608887,422.290365600586,1349.1840591430664,1669.4120269775392,0.7998709678649902,cat
DATA_CLEAN/images/044ab2a59da4b2e1.jpg,726.0462158203125,459.8697326660156,1686.2266845703125,1030.0894409179687,0.8840185403823853,cat
DATA_CLEAN/images/044ab2a59da4b2e1.jpg,357.6031127929687,453.3210571289062,885.9874328613281,1028.3033935546875,0.7732254266738892,cat
DATA_CLEAN/images/044c2934fc7a30a8.jpg,0.0,87.280517578125,1599.148046875,1345.5716796875,0.9348328113555908,cat
DATA_CLEAN/images/0451a64b6d93c015.jpg,0.0,746.0107927322387,4400.6940994262695,2660.5400276184077,0.947858452796936,cat
DATA_CLEAN/images/045a5211094cf9d1.jpg,730.8110961914062,385.9492126464844,3266.644702148438,1793.1182189941408,0.9454619884490967,cat
DATA_CLEAN/images/0468d95d20dbcace.jpg,428.4577331542969,652.547721862793,4102.415908813477,2291.3876953125,0.8298006057739258,cat
DATA_CLEAN/images/0468d95d20dbcace.jpg,2270.7965698242188,169.86102676391602,3593.843536376953,1284.4033813476562,0.3566526174545288,cat
DATA_CLEAN/images/0484f566e811a304(1).jpg,40.905029296875,14.240234375,1536.0,1546.1630859375,0.9318298101425171,cat
DATA_CLEAN/images/0498926d24e97e80(1).jpg,525.1554925918579,1791.01201171875,1393.4406761169432,2615.3268447875976,0.7234097719192505,cat
DATA_CLEAN/images/04a419625e887d8e.jpg,366.0791320800781,127.304931640625,573.61669921875,303.2349853515625,0.8836963772773743,cat
DATA_CLEAN/images/04a419625e887d8e.jpg,108.69837951660156,140.19692993164062,284.978759765625,377.0244140625,0.3955610692501068,cat
DATA_CLEAN/images/04a419625e887d8e.jpg,109.1274642944336,156.32159423828125,264.9180908203125,372.1990966796875,0.2736571133136749,cat
DATA_CLEAN/images/04a74596dd391577.jpg,478.70811462402344,395.94905853271484,1229.320068359375,1159.5265197753906,0.9301837682723999,cat
DATA_CLEAN/images/04b84dc6359889ab(1).jpg,219.70497131347656,54.41764831542969,922.5669860839844,1581.3710021972656,0.9315935969352722,cat
DATA_CLEAN/images/04b9683ad33cfcb2.jpg,374.09423828125,727.0988464355469,1200.0,1588.372802734375,0.562889575958252,cat
DATA_CLEAN/images/04b9683ad33cfcb2.jpg,514.5438385009766,291.3579559326172,767.5702667236328,555.9211730957031,0.3103416860103607,cat
DATA_CLEAN/images/04cd56e95379df57.jpg,407.1374816894531,482.781494140625,507.9686279296875,620.9795532226562,0.9456655979156494,cat
DATA_CLEAN/images/04f75cf3ec686d5d(1).jpg,1025.493049621582,847.6936798095703,3388.1918334960938,2390.4107666015625,0.9170858860015869,cat
DATA_CLEAN/images/0512fcf925155215.jpg,24.452835083007812,554.5494995117188,218.0303955078125,787.6912231445312,0.9354168176651001,cat
DATA_CLEAN/images/05162bdd60337bdb.jpg,0.0,536.7687225341797,3123.698043823242,2205.7844161987305,0.4445399343967438,cat
DATA_CLEAN/images/05162bdd60337bdb.jpg,0.0,572.6931571960449,3107.950210571289,2201.5317916870117,0.3096829652786255,cat
DATA_CLEAN/images/0517ac60fbb202ff(1).jpg,1764.496157836914,538.8630599975586,2642.938171386719,1807.5194488525392,0.784070611000061,cat
DATA_CLEAN/images/0517ac60fbb202ff(1).jpg,1766.8806610107424,545.6222534179688,2640.3549255371095,1808.3739196777346,0.6750681400299072,cat
DATA_CLEAN/images/051c44167b3bf425.jpg,69.51522827148438,39.02416229248047,1175.1374053955078,1172.8555297851562,0.9353984594345093,cat
DATA_CLEAN/images/051eb06f54fd7b46.jpg,400.7636413574219,110.73084106445313,3008.0,1986.1573486328125,0.599429726600647,cat
DATA_CLEAN/images/052ca694c64cd9ff.jpg,666.6407169103622,797.6423330307007,1565.6105589866638,2031.6277530193329,0.9131176471710205,cat
DATA_CLEAN/images/052f9dbd8164a929.jpg,639.6818542480469,168.4805679321289,1600.0,1135.9844970703125,0.9404644966125488,cat
DATA_CLEAN/images/0537887742a45748(1).jpg,1249.6856506347656,82.09753112792968,2474.52705078125,1294.4065063476562,0.9210270047187805,cat
DATA_CLEAN/images/0549497cd1b2e97a.jpg,62.55500793457031,543.2553863525391,1112.7734375,1359.0272521972656,0.9469715356826782,cat
DATA_CLEAN/images/055c0c4a5a876710.jpg,677.6268585205078,648.5522048950195,2276.4575592041015,2095.6441314697267,0.948081374168396,cat
DATA_CLEAN/images/0572fa97ee640cd1.jpg,1488.5914821624756,115.06561231613159,4210.3066120147705,2887.0011405944824,0.9449187517166138,cat
DATA_CLEAN/images/057be2d8c4823815.jpg,54.730419921875,579.3650390625,1039.080078125,2025.64921875,0.8749111890792847,cat
DATA_CLEAN/images/0588926237c502a8.jpg,108.88282194137572,611.6384328842163,2372.418008327484,2097.5267416000365,0.9459491968154907,cat
DATA_CLEAN/images/059e08aa861d02bf.jpg,254.366455078125,392.10622558593747,4453.577490234375,3317.26904296875,0.911540150642395,cat
DATA_CLEAN/images/05a3d6cf8805b577.jpg,319.42890014648435,581.0823394775391,2839.669354248047,2102.6440246582033,0.9559454917907715,cat
DATA_CLEAN/images/05bff1a6b6d2beaf(1).jpg,612.2016357421875,534.453515625,2895.5466796875,1551.083203125,0.9488939046859741,cat
DATA_CLEAN/images/05c2162593cbad93.jpg,0.0,224.4995849609375,1151.2706512451173,1979.459619140625,0.9191228151321411,cat
DATA_CLEAN/images/05c2162593cbad93.jpg,1575.2349487304687,610.5991058349609,2512.3714599609375,1986.5182250976563,0.7476300001144409,cat
DATA_CLEAN/images/05c2162593cbad93.jpg,876.4309509277343,417.1684600830078,1858.362759399414,1984.0916320800782,0.613688051700592,cat
DATA_CLEAN/images/05cad7262649e2ce.jpg,1332.0450134277346,242.31101989746097,3383.19501953125,2323.139440917969,0.9221072196960449,cat
DATA_CLEAN/images/05dd5c848cafdf24.jpg,473.96328125,126.42216796875,2007.528125,1353.7564453125,0.9391102194786072,cat
DATA_CLEAN/images/05e0fe00d9983f44(1).jpg,322.3782392501831,542.4549803495407,4591.0,3264.9596050262453,0.4828481078147888,cat
DATA_CLEAN/images/05e0fe00d9983f44(1).jpg,295.3281101226807,479.28536310195926,4591.0,3281.4790018081667,0.3409433662891388,cat
DATA_CLEAN/images/05e90c5dc5dd8914.jpg,1298.9436904907227,769.8405075073242,1554.6834915161135,1011.2982742309571,0.7819572687149048,cat
DATA_CLEAN/images/05e90c5dc5dd8914.jpg,1049.9224548339844,870.7911575317383,1292.754981994629,1050.2967041015625,0.5443127155303955,cat
DATA_CLEAN/images/05eb9ba6a8c86393.jpg,1.452978515625,148.7493003845215,3178.230958557129,2688.545539855957,0.9302587509155273,cat
DATA_CLEAN/images/05f14ae800d5d256.jpg,2.68011474609375,29.25853729248047,810.5286254882812,715.4990844726562,0.9308076500892639,cat
DATA_CLEAN/images/060bf9460149ac43(1).jpg,285.4017639160156,189.91714477539062,1568.736572265625,971.2082672119141,0.9378924369812012,cat
DATA_CLEAN/images/060d75e340819be5(1).jpg,861.6603469848633,527.710075378418,1578.7417449951172,986.3789138793945,0.9236502647399902,cat
DATA_CLEAN/images/061e68ffc27cea61(1).jpg,226.0250244140625,412.98486328125,496.322607421875,580.7990234375,0.404293954372406,cat
DATA_CLEAN/images/062fe9763653de32.jpg,0.0,1134.0783325195314,2699.64324798584,2289.38116607666,0.9102736711502075,cat
DATA_CLEAN/images/0632f08da14f0606.jpg,114.9488525390625,834.3363037109375,1847.46630859375,2209.177490234375,0.8578716516494751,cat
DATA_CLEAN/images/063405fa8e22f5da(1).jpg,154.37406730651855,1730.3120994567873,3169.5990600585938,2616.894260406494,0.8027679324150085,cat
DATA_CLEAN/images/063405fa8e22f5da(1).jpg,1814.4617824554446,679.2787847518921,2613.338851928711,1933.1500263214114,0.7833197116851807,cat
DATA_CLEAN/images/063405fa8e22f5da(1).jpg,1112.0638604164124,504.2331094741822,1958.988461494446,883.7986059188844,0.5272173881530762,cat
DATA_CLEAN/images/063b56aa43f68264.jpg,193.38255882263184,313.5436820983887,1135.8677864074707,1301.6436576843262,0.8932706117630005,cat
DATA_CLEAN/images/063f33de5665445b.jpg,0.0,125.17207336425781,640.0,639.4083862304688,0.9201903939247131,cat
DATA_CLEAN/images/064634a64f557ce6.jpg,3323.515718078613,1341.3442291259764,4178.138269042969,3546.2102645874024,0.9300285577774048,cat
DATA_CLEAN/images/065a4ee1395040fb.jpg,482.6735160827637,611.6016097545624,1055.157384490967,1188.619828414917,0.8878196477890015,cat
DATA_CLEAN/images/06612b203bec967c(1).jpg,1025.5452072143555,9.017701721191406,4699.20234375,3074.6446105957034,0.956082820892334,cat
DATA_CLEAN/images/066139fed7248759.jpg,347.98688936233526,83.31886589527132,1184.871036529541,863.0500488281251,0.954319179058075,cat
DATA_CLEAN/images/067b162d09c5dd2c.jpg,7.057818603515626,183.62933807373048,2856.602087402344,2844.36591796875,0.9474138617515564,cat
DATA_CLEAN/images/0689d954ad330c0b.jpg,0.0,5.1556396484375,1521.353759765625,1068.0,0.7685757279396057,cat
DATA_CLEAN/images/069809101c16d10a.jpg,837.5081390380859,369.6173156738281,1851.835919189453,1205.7650619506835,0.8045191764831543,cat
DATA_CLEAN/images/06b6261f2f58b61d.jpg,1291.8946838378906,873.2041854858398,2233.461328125,1836.686215209961,0.9220016002655029,cat
DATA_CLEAN/images/06c1b451823cec60.jpg,13.4769287109375,523.8038726806641,4168.350769042969,3449.8732543945316,0.9517866969108582,cat
DATA_CLEAN/images/06c79e5a62306c64(1).jpg,35.18962860107422,427.09760665893555,1295.2537536621094,859.9695205688477,0.9211695194244385,cat
DATA_CLEAN/images/06c804ba7300a289.jpg,2300.8220626831053,66.7265739440918,3218.622340393066,2806.819981384277,0.9267635345458984,cat
DATA_CLEAN/images/06d073136ecf5084.jpg,1494.560073852539,1244.2316528320314,3415.5423522949222,2730.0540344238284,0.5553393959999084,cat
DATA_CLEAN/images/06d477aef9add141(1).jpg,223.12466430664062,232.07640075683594,407.3619689941406,537.77294921875,0.879855751991272,cat
DATA_CLEAN/images/06d5d5572739d5bb.jpg,447.3379189491272,97.49005002975464,3170.3435724258425,2356.3115314483643,0.7860081195831299,cat
DATA_CLEAN/images/06e43e81ff4d9264.jpg,512.80166015625,767.619140625,2277.9662109375,1838.92353515625,0.9409198760986328,cat
DATA_CLEAN/images/071baadca8c9b1e3(1).jpg,16.552001953125,194.71331634521485,5157.310638427734,3439.7126586914064,0.948589563369751,cat
DATA_CLEAN/images/0724251514003abc.jpg,114.40509910583496,47.5395206451416,3326.0782356262207,2306.5980583190917,0.8894546031951904,cat
DATA_CLEAN/images/072e68abf4f016ec.jpg,325.581884765625,268.0469970703125,633.7708984375,618.955517578125,0.9135298132896423,cat
DATA_CLEAN/images/0734ee81e7fea860.jpg,764.6864776611328,731.7080230712891,1162.0924072265625,916.6308212280273,0.6149737238883972,cat
DATA_CLEAN/images/073a22d6962abc31.jpg,1466.7382804870606,108.0656807899475,3356.1311233520505,1281.1371631622314,0.925458550453186,cat
DATA_CLEAN/images/073a22d6962abc31.jpg,543.4942335605621,160.84102821350098,1751.6947786331177,1797.4927082061768,0.9041317701339722,cat
DATA_CLEAN/images/073f5c4f40ada4e6.jpg,51.0126708984375,332.34362945556643,2900.180841064453,1783.0843017578125,0.7335169315338135,cat
DATA_CLEAN/images/074340ee050a61f4.jpg,1377.7401123046875,300.4422607421875,2559.513916015625,1911.634765625,0.8196676969528198,cat
DATA_CLEAN/images/074340ee050a61f4.jpg,353.89178466796875,428.2515869140625,1748.342529296875,1844.1103515625,0.7718997597694397,cat
DATA_CLEAN/images/07578dc71c9f5369(1).jpg,187.24346160888672,59.719085693359375,1010.2117156982422,1567.0895385742188,0.9070315361022949,cat
DATA_CLEAN/images/0759fe452f6148fa.jpg,1054.7672744750978,1099.69365234375,1788.9584289550783,1788.5642578125,0.9386364817619324,cat
DATA_CLEAN/images/075c037aee7421f7(1).jpg,441.5652225494385,92.47852249145508,2601.8138671875004,1551.9640869140626,0.9474148750305176,cat
DATA_CLEAN/images/077675c432e35399.jpg,67.18722534179688,79.22161865234375,955.419189453125,1263.015380859375,0.9378275871276855,cat
DATA_CLEAN/images/0787bd0c096026cb.jpg,241.94040298461914,714.3047332763672,2356.216812133789,3915.306854248047,0.8888576030731201,cat
DATA_CLEAN/images/078f9df34b11b3ac.jpg,297.0875244140625,25.042138671875,821.4353515625,560.73759765625,0.9314598441123962,cat
DATA_CLEAN/images/07a800f68a3fec2d.jpg,995.3771850585938,2198.1980529785155,2215.100207519531,2676.5300537109374,0.8809261918067932,cat
DATA_CLEAN/images/07b34a4026cc9131.jpg,5.52069091796875,473.624267578125,1314.197265625,1130.6878662109375,0.9549520015716553,cat
DATA_CLEAN/images/07b34a4026cc9131.jpg,1355.51416015625,669.4768676757812,2512.21484375,1168.150390625,0.9420064687728882,cat
DATA_CLEAN/images/07b4d5b538ac0ff5.jpg,95.85904207229615,361.9609217643738,2781.4575328826904,3156.7035615921022,0.9293133020401001,cat
DATA_CLEAN/images/07b76098f25c8a28(1).jpg,237.345947265625,989.2851074218751,1993.487890625,1677.2591064453125,0.788769543170929,cat
DATA_CLEAN/images/07bddd020ebf4bf3.jpg,0.0,166.79678344726562,889.7313232421875,952.3436279296875,0.9038328528404236,cat
DATA_CLEAN/images/07c2415d17f4bd6d.jpg,374.94749145507814,721.3062805175781,3008.0,1985.5308349609375,0.9529192447662354,cat
DATA_CLEAN/images/07c2415d17f4bd6d.jpg,89.01177215576172,0.0,1897.8266662597657,1069.9578399658203,0.6577797532081604,cat
DATA_CLEAN/images/07c2415d17f4bd6d.jpg,1694.653790283203,441.5432556152344,2994.2413696289063,1355.9180145263672,0.5280995965003967,cat
DATA_CLEAN/images/07c98850bde98836.jpg,0.0,0.0,1101.0655212402344,994.1319274902344,0.9176417589187622,cat
DATA_CLEAN/images/07d38af0c2467f26(1).jpg,132.21480102539064,2414.027087402344,1569.8532348632814,3371.239050292969,0.4885422885417938,cat
DATA_CLEAN/images/07d38af0c2467f26(1).jpg,132.40044250488282,2419.451806640625,1582.2416931152345,2832.238696289063,0.35964637994766235,cat
DATA_CLEAN/images/07d66a043b864f24.jpg,1321.4923828125,1358.21015625,2097.310693359375,2297.5271484375,0.720839262008667,cat
DATA_CLEAN/images/07da856c71cfb1ff.jpg,6.43282470703125,77.8698028564453,856.0839111328124,808.5255249023437,0.9680527448654175,cat
DATA_CLEAN/images/07e64e329ca9a1e2.jpg,615.8704223632812,434.51031494140625,1170.06689453125,1277.185791015625,0.79961097240448,cat
DATA_CLEAN/images/07e64e329ca9a1e2.jpg,1112.9476318359375,379.0511474609375,2072.33544921875,1588.404052734375,0.6760352849960327,cat
DATA_CLEAN/images/07f00300de413981(1).jpg,1.5684265136718751,324.84307861328125,1781.6107299804687,1871.7069335937501,0.940821647644043,cat
DATA_CLEAN/images/07f4eba653362d70(1).jpg,533.8729248046875,653.3963012695312,2217.4420166015625,1964.9046020507812,0.9286966323852539,cat
DATA_CLEAN/images/07f536a934e5cd92(1).jpg,0.0,123.475830078125,1855.9080078125,1330.68359375,0.9167990684509277,cat
DATA_CLEAN/images/07fad45921461e64.jpg,857.1484466552735,330.3489616394043,3732.985888671875,2590.8633880615234,0.9344000816345215,cat
DATA_CLEAN/images/07fc0275ca43749e.jpg,448.28882217407227,1583.2944869995117,1931.3667297363281,2314.625930786133,0.9181822538375854,cat
DATA_CLEAN/images/07fc0275ca43749e.jpg,1905.4214477539062,1196.027946472168,3085.8470916748047,2662.242889404297,0.825090765953064,cat
DATA_CLEAN/images/0805cd2da8d23aab(1).jpg,523.967724609375,801.53232421875,2226.42216796875,1786.71064453125,0.9546492099761963,cat
DATA_CLEAN/images/0818e3857f6643f4(1).jpg,0.0,281.2949234008789,1974.8175048828125,1704.0,0.9055307507514954,cat
DATA_CLEAN/images/0825df344cb05e49.jpg,291.70501708984375,347.1579284667969,853.0,1263.93798828125,0.9239203333854675,cat
DATA_CLEAN/images/0826f2e0895ee4a6(1).jpg,57.204052734375,3.319464111328125,2091.64482421875,1708.3469970703125,0.9276148080825806,cat
DATA_CLEAN/images/08291db42d9bdb05.jpg,1235.777783203125,924.2847290039062,2215.6527832031247,1546.34150390625,0.9400064945220947,cat
DATA_CLEAN/images/0839153d5fbe4bf1.jpg,335.1047058105469,221.3309783935547,4029.451446533203,3810.7304077148438,0.9172438383102417,cat
DATA_CLEAN/images/085717ee24557003.jpg,683.01416015625,509.0515625,1197.850390625,1239.29580078125,0.7623323202133179,cat
DATA_CLEAN/images/085932654a7cea9e(1).jpg,463.1765625,248.16455078125,1315.155859375,783.22470703125,0.8873589634895325,cat
DATA_CLEAN/images/085dea3e8020cc2e.jpg,824.2352325439454,231.5863037109375,2503.0816040039062,1983.0883666992188,0.8820986747741699,cat
DATA_CLEAN/images/086149e86fa0f332.jpg,949.5567321777344,930.6982421875,1894.813232421875,1550.9461975097656,0.8919286727905273,cat
DATA_CLEAN/images/086a5517be51e117(1).jpg,544.7525058031082,185.55251297950744,1850.3466316223146,1140.2291604995728,0.8912819623947144,cat
DATA_CLEAN/images/087682c983695c4f.jpg,391.5620859384537,399.3443530082703,1331.783116912842,741.9691531658173,0.9037243127822876,cat
DATA_CLEAN/images/0881986af1ecdd3b.jpg,346.496337890625,394.6208984375,1561.63984375,1527.859375,0.8718109130859375,cat
DATA_CLEAN/images/0895210b85aa3175.jpg,0.0,1081.0192565917969,4097.302734375,3450.9040466308597,0.9477708339691162,cat
DATA_CLEAN/images/0899812a3b8bf7bf.jpg,157.45363855361938,32.41313993930817,1730.775354385376,1042.1407566070557,0.8454225063323975,cat
DATA_CLEAN/images/08a161bb6fea0f3d.jpg,10.1250732421875,130.331298828125,615.1220703125,647.48896484375,0.9354643821716309,cat
DATA_CLEAN/images/08a161bb6fea0f3d.jpg,545.438916015625,54.8541748046875,1024.0,599.95087890625,0.8439649939537048,cat
DATA_CLEAN/images/08a65c1fbec8f4e0(1).jpg,228.89334869384766,238.08828735351562,829.7320861816406,824.1344604492188,0.5994436740875244,cat
DATA_CLEAN/images/08b8397206198337.jpg,47.28173828125,101.05990600585938,638.09130859375,638.4501953125,0.9062427282333374,cat
DATA_CLEAN/images/08b9e69d9e77e708.jpg,478.5088920593262,325.8478546142578,2011.9203186035156,1625.7925415039062,0.9114891290664673,cat
DATA_CLEAN/images/08bf7977552a7c8d.jpg,308.99921264648435,198.47449951171873,1462.416174316406,1487.43017578125,0.9208225607872009,cat
DATA_CLEAN/images/08bf7977552a7c8d.jpg,1087.9934326171874,416.1136047363281,2107.5554443359374,1644.8433837890625,0.570586621761322,cat
DATA_CLEAN/images/08c4ea0499887e1b.jpg,301.08941650390625,680.701904296875,622.2545776367188,956.2091064453125,0.4631011188030243,cat
DATA_CLEAN/images/08d9406c198ce6f9.jpg,453.39087524414066,353.3777641296387,2592.0,1155.1804321289062,0.8588800430297852,cat
DATA_CLEAN/images/08eb358852757772.jpg,409.5627743721008,787.625568628311,2987.0,4339.315365886688,0.9227262735366821,cat
DATA_CLEAN/images/08fdc070bd1d9310.jpg,712.1943786621094,0.0,5184.0,2700.7574798583987,0.930790901184082,cat
DATA_CLEAN/images/0902a74b072381db.jpg,3339.474612426758,1706.6806457519533,4288.0,2843.872741699219,0.9043835401535034,cat
DATA_CLEAN/images/0902a74b072381db.jpg,939.9019592285157,529.8218017578125,2849.393984985352,2840.0598266601564,0.7356109619140625,cat
DATA_CLEAN/images/091606631ad329c7.jpg,520.7942962646484,265.22274017333984,884.3372344970703,503.4379005432129,0.777639627456665,cat
DATA_CLEAN/images/092cc0a4dcd9d819.jpg,14.222104215621949,33.59916272163391,3748.9305939674377,2793.5840113639833,0.943744957447052,cat
DATA_CLEAN/images/0931d6e5faf32257.jpg,1430.969931793213,327.0445106506348,3118.248106384277,2881.294720458984,0.900318443775177,cat
DATA_CLEAN/images/09411e7dac868e84.jpg,116.79494557380677,66.16518831253052,519.2993149757385,662.6298260688782,0.9166179299354553,cat
DATA_CLEAN/images/0944604d60f46196.jpg,0.0,347.32002210617065,744.9680743217468,1061.7151021957397,0.910178542137146,cat
DATA_CLEAN/images/095207dd618d0db6.jpg,251.3193603515625,225.153369140625,926.4255859375,592.155322265625,0.9011492729187012,cat
DATA_CLEAN/images/095f23484052635a(1).jpg,0.0,368.17008209228516,1278.6069946289062,1158.478744506836,0.9192347526550293,cat
DATA_CLEAN/images/09633260aadb19ba(1).jpg,799.2355346679688,495.41263580322266,3775.1819610595703,2805.6961059570312,0.9527058601379395,cat
DATA_CLEAN/images/09722548d3bcece1.jpg,783.6347900390625,761.3375427246094,2190.2709045410156,3257.464910888672,0.3011797070503235,cat
DATA_CLEAN/images/0984fa9da1e8b9fb.jpg,783.1015600204468,194.33449287414552,5162.36571931839,3063.237571191788,0.9461355805397034,cat
DATA_CLEAN/images/0986f129df249798(1).jpg,342.24403381347656,357.7049446105957,2398.340606689453,1931.5864562988281,0.7947484254837036,cat
DATA_CLEAN/images/0987d68acfefe3de.jpg,1007.8768844604492,498.6768905639649,1928.2501373291016,1598.7821182250977,0.9023623466491699,cat
DATA_CLEAN/images/099123150fec3dcd.jpg,1054.9408447265625,222.74413146972657,1934.8580200195313,1091.5736938476564,0.9191739559173584,cat
DATA_CLEAN/images/09971e3906d3a830(1).jpg,0.0,103.32419395446777,2181.536045074463,1854.1866302490234,0.9476813673973083,cat
DATA_CLEAN/images/09a46fa043211d81.jpg,27.463966369628906,538.3522682189941,2783.0447387695312,2257.5977325439453,0.5891920328140259,cat
DATA_CLEAN/images/09a46fa043211d81.jpg,141.62823486328125,176.49303817749023,3189.4172973632812,1778.7824478149414,0.3681119680404663,cat
DATA_CLEAN/images/09a46fa043211d81.jpg,28.127586364746094,171.6654510498047,3247.6626892089844,1837.6473999023438,0.26929154992103577,cat
DATA_CLEAN/images/09a5f91d01ec442c.jpg,374.01625328063966,155.59620742797853,3448.0,4574.167164611817,0.9422837495803833,cat
DATA_CLEAN/images/09ab03e81d65bbb1.jpg,1754.966748046875,1203.4057067871092,2924.6914505004884,2487.190670776367,0.9362454414367676,cat
DATA_CLEAN/images/09b3ffd12ccd0406(1).jpg,1365.7600387573243,479.22729949951173,1860.6464813232424,709.0094284057618,0.7210875153541565,cat
DATA_CLEAN/images/09b3ffd12ccd0406(1).jpg,567.740650177002,1266.436408996582,845.7809738159181,1589.5699996948242,0.5361031293869019,cat
DATA_CLEAN/images/09bbc11bfb56cd08.jpg,247.66822814941406,326.9702911376953,1600.0,1177.2074890136719,0.9007028937339783,cat
DATA_CLEAN/images/09caab59caca2572.jpg,977.553481721878,376.0343658924103,1274.6861952781678,620.8605818748474,0.8560128211975098,cat
DATA_CLEAN/images/09cb9b384c6d7d80(1).jpg,157.447412109375,123.81748046875,1749.971875,855.0330078125,0.667496383190155,cat
DATA_CLEAN/images/09ddd479e2f89075.jpg,225.80615119934083,279.06508100032806,771.467557811737,545.7595064163208,0.9542837142944336,cat
DATA_CLEAN/images/09e4f62990950c58.jpg,676.206787109375,218.96633911132812,944.6077880859375,622.11767578125,0.5397180914878845,cat
DATA_CLEAN/images/09f546380142c4e8(1).jpg,324.6246643066406,322.6990661621094,999.4944458007812,891.67529296875,0.9591686725616455,cat
DATA_CLEAN/images/0a063a2e89b10686.jpg,245.61565093994142,138.05112495422364,2448.7521209716797,1920.535481262207,0.9310603141784668,cat
DATA_CLEAN/images/0a0bff7edde8b466.jpg,468.3724046230316,437.83048830032345,1749.16037068367,2288.58197479248,0.8803228139877319,cat
DATA_CLEAN/images/0a0df46ca3f886c9(1).jpg,160.36273956298828,271.81875228881836,709.4177627563477,589.1132354736328,0.948326587677002,cat
DATA_CLEAN/images/0a0e002ddfba732c.jpg,588.8258056640625,286.4228210449219,987.1188354492188,1196.9820556640625,0.8849245309829712,cat
DATA_CLEAN/images/0a1dd457d0cd96a7.jpg,403.9557563781738,106.09318809509277,1047.8504730224608,799.3134155273438,0.5480530261993408,cat
DATA_CLEAN/images/0a2cf4d8fb3df557.jpg,136.18085732460023,53.39950983524322,737.2768249511719,639.0523962020874,0.8993269801139832,cat
DATA_CLEAN/images/0a37322619cabfba(1).jpg,163.3115234375,722.1256103515625,591.8584594726562,1149.9371337890625,0.9366880655288696,cat
DATA_CLEAN/images/0a37322619cabfba(1).jpg,544.272705078125,706.9074096679688,773.425537109375,1274.9779052734375,0.8860247135162354,cat
DATA_CLEAN/images/0a37322619cabfba(1).jpg,165.72601318359375,192.29254150390625,465.7930908203125,472.7891845703125,0.815726637840271,cat
DATA_CLEAN/images/0a37322619cabfba(1).jpg,486.189453125,314.95892333984375,626.9622192382812,463.73504638671875,0.7604151964187622,cat
DATA_CLEAN/images/0a37322619cabfba(1).jpg,540.462158203125,61.97770690917969,660.0430297851562,242.03347778320312,0.7107699513435364,cat
DATA_CLEAN/images/0a3c831ea7781a6d.jpg,501.0716414451599,360.4899215698242,911.4821934700012,770.4817914962769,0.8784251809120178,cat
DATA_CLEAN/images/0a53e58c85af2bbc(1).jpg,243.71604919433594,104.4875717163086,1600.0,1192.4917602539062,0.9462190866470337,cat
DATA_CLEAN/images/0a5a50749e3f0c1f.jpg,709.5177108764649,211.9453536987305,2574.584133911133,2723.5514282226563,0.7835979461669922,cat
DATA_CLEAN/images/0a66f776840e83b8.jpg,605.0863001346588,602.6681147575379,1294.6225742340089,960.0117336273194,0.9427876472473145,cat
DATA_CLEAN/images/0a6de2adfbeac706.jpg,382.6796081542969,665.73427734375,3239.7557006835937,1809.0220458984375,0.8813021183013916,cat
DATA_CLEAN/images/0a6de2adfbeac706.jpg,1.9128307342529298,1521.0466735839843,423.37330627441406,2427.8029541015626,0.47669658064842224,cat
DATA_CLEAN/images/0a89b7eda8675fde.jpg,365.5607223510742,187.22858428955078,654.2516708374023,561.3017082214355,0.9133530855178833,cat
DATA_CLEAN/images/0a971781253a6a09.jpg,1172.0756530761719,467.5379753112793,2663.8599395751953,1782.7356338500977,0.9023860692977905,cat
DATA_CLEAN/images/0aa7b4ada8f7eec8.jpg,0.0,97.79045104980469,3395.5986145019533,2383.2444854736327,0.9506689310073853,cat
DATA_CLEAN/images/0ab1a2f69e30ecd3.jpg,674.3537353515625,415.64064331054686,3328.0,1934.7767333984375,0.8645691871643066,cat
DATA_CLEAN/images/0aba50a3730d7978(1).jpg,1369.305519104004,200.63647842407227,2448.840756225586,1514.2949752807617,0.9073708057403564,cat
DATA_CLEAN/images/0aba50a3730d7978(1).jpg,808.6786331176759,499.1653427124024,1463.4876708984375,1325.014453125,0.8962709903717041,cat
DATA_CLEAN/images/0ac8b132a8ecd148.jpg,132.06553344726564,738.6838256835938,3178.074151611328,1936.221661376953,0.9243854880332947,cat
DATA_CLEAN/images/0ad3e7010d3f535c.jpg,1361.7325195312499,868.113720703125,1797.0215332031248,1374.8699707031249,0.9217358827590942,cat
DATA_CLEAN/images/0ad660ec39ba91e8(1).jpg,1331.476025390625,627.810791015625,1655.2154296874999,1144.886865234375,0.7540359497070312,cat
DATA_CLEAN/images/0adadfd8e468f1e7.jpg,1481.3814598083497,835.7128822326661,2014.075124359131,1628.1010398864746,0.9365713596343994,cat
DATA_CLEAN/images/0b1012bffd5de863(1).jpg,326.0638092041016,10.357237243652344,2592.0,1698.8145721435549,0.507261335849762,cat
DATA_CLEAN/images/0b1012bffd5de863(1).jpg,268.7018898010254,26.61347351074219,1785.1057250976564,1583.7480010986328,0.25253725051879883,cat
DATA_CLEAN/images/0b143ed1378ae974.jpg,217.95085644721988,0.0,3640.0732626914983,1724.9670782089236,0.9377994537353516,cat
DATA_CLEAN/images/0b29188d8389c4d2.jpg,682.23779296875,43.138613891601565,3456.0,2094.0813720703127,0.950340986251831,cat
DATA_CLEAN/images/0b2d59ca6259e3ad.jpg,378.5783203125,20.001489257812498,2512.5609375,1318.4900390625,0.9225097894668579,cat
DATA_CLEAN/images/0b2ee5a04dde2b3c.jpg,0.0,277.6587890625,3541.031982421875,2994.8844726562497,0.9547975063323975,cat
DATA_CLEAN/images/0b343df0c87f5b40(1).jpg,128.38836908340454,309.46616363525396,2039.7883872985842,1141.8025016784668,0.9498741626739502,cat
DATA_CLEAN/images/0b3b8fcdebfe09bf.jpg,125.989306640625,103.339697265625,1006.6140625,678.99326171875,0.8849214911460876,cat
DATA_CLEAN/images/0b3f01b04b81297d.jpg,2127.2953353881835,1411.5726150512694,4034.684371948242,3161.361655426025,0.9282642602920532,cat
DATA_CLEAN/images/0b3f01b04b81297d.jpg,878.0337089538574,173.08994121551513,2828.206226348877,1900.954000854492,0.7378383278846741,cat
DATA_CLEAN/images/0b4874f4e6ce2a21.jpg,295.2296974182129,194.20645294189453,1430.0214477539062,987.271160888672,0.9244236350059509,cat
DATA_CLEAN/images/0b7a1b35ef746dc3.jpg,1537.7639099121095,780.4419021606445,2135.2313415527346,1803.9682434082033,0.754092276096344,cat
DATA_CLEAN/images/0b8496e7155e5478(1).jpg,453.38695764541626,272.61522974967954,896.9463058948517,557.5503304481506,0.909701943397522,cat
DATA_CLEAN/images/0ba0523b868151f2(1).jpg,1414.69658203125,2214.061772155762,2537.8216735839846,3794.4833435058595,0.8955743908882141,cat
DATA_CLEAN/images/0ba74392666dd41e.jpg,2716.3639068603516,5501.742124557495,4795.655250549316,7251.162528991699,0.770686149597168,cat
DATA_CLEAN/images/0bc030316f6c42fb.jpg,1249.846957397461,419.2292175292969,2706.7628540039063,2294.539892578125,0.9181733131408691,cat
DATA_CLEAN/images/0bc2853d608d9930(1).jpg,1038.5997711181642,2156.542581176758,2108.1978698730472,2816.9421234130864,0.8756946325302124,cat
DATA_CLEAN/images/0bc883bb58347a25.jpg,1499.2249847412108,311.25609436035154,4936.004602050782,4008.7178955078125,0.9271903038024902,cat
DATA_CLEAN/images/0bd224cc70142dcd.jpg,873.8728515625,296.393408203125,2048.0,1474.423046875,0.9438968896865845,cat
DATA_CLEAN/images/0bd2936c692e12e6.jpg,531.653076171875,381.09560546875,1019.145703125,1068.06328125,0.6781454682350159,cat
DATA_CLEAN/images/0bdca1b43e5dafaa(1).jpg,0.0,171.9268341064453,487.65069580078125,557.074951171875,0.9456095099449158,cat
DATA_CLEAN/images/0be48a7dcc6b33c9.jpg,9.466796875,76.937744140625,1755.110595703125,1895.524658203125,0.9559102058410645,cat
DATA_CLEAN/images/0bf29e43d65328f9.jpg,294.0357666015625,586.53564453125,645.4866943359375,776.5591430664062,0.9093722701072693,cat
DATA_CLEAN/images/0bf7ee936ca0bb7e(1).jpg,142.2056450843811,304.36238050460815,1511.760287761688,1518.7144274711607,0.9517218470573425,cat
DATA_CLEAN/images/0c038eab62a6e452.jpg,88.92559814453125,28.41156005859375,574.81005859375,632.8026123046875,0.8899301886558533,cat
DATA_CLEAN/images/0c038eab62a6e452.jpg,77.08871459960938,24.633148193359375,573.5166015625,640.0,0.6964727640151978,cat
DATA_CLEAN/images/0c0560944db38125.jpg,814.1266525268554,274.8116882324219,1556.4825927734373,1127.628335571289,0.560175359249115,cat
DATA_CLEAN/images/0c10d1823e5be0aa.jpg,6.78631591796875,524.5193481445312,1075.47265625,1558.94921875,0.9260722398757935,cat
DATA_CLEAN/images/0c189ccc3e2b0ba8.jpg,764.4985900878906,875.5694854736328,3300.374331665039,2511.129232788086,0.9569628238677979,cat
DATA_CLEAN/images/0c19d36cf13905f5.jpg,1286.151416015625,0.0,1844.9712890624999,1270.751513671875,0.5671052932739258,cat
DATA_CLEAN/images/0c426eea1641e215(1).jpg,348.238134765625,136.1781005859375,856.68046875,394.7828125,0.9292021989822388,cat
DATA_CLEAN/images/0c76f24f6d8c5150.jpg,110.23727416992188,404.3492889404297,1040.4595184326172,790.7339477539062,0.9343101978302002,cat
DATA_CLEAN/images/0c76f24f6d8c5150.jpg,871.1919403076172,397.30403900146484,1296.7007446289062,758.7812042236328,0.8508951663970947,cat
DATA_CLEAN/images/0c770071da349195(1).jpg,146.83433532714844,62.58277893066406,1109.5135498046875,1595.7562255859375,0.9358639717102051,cat
DATA_CLEAN/images/0c809b2801160d2e.jpg,0.0,128.551708984375,2044.39375,1409.5916015625,0.9319882988929749,cat
DATA_CLEAN/images/0c826c6b37c9affa(1).jpg,2350.4804611206055,1.7018600463867186,4912.0,2559.4422203063964,0.787881076335907,cat
DATA_CLEAN/images/0ca67e4b126f16a5(1).jpg,433.46890211105347,138.88909578323364,955.5230569839478,892.6104068756104,0.9294323921203613,cat
DATA_CLEAN/images/0cc8b36be2b1be7e(1).jpg,0.0,0.0,2484.2707031249997,1622.0361328125,0.9434333443641663,cat
DATA_CLEAN/images/0cc955135a5cfaf3.jpg,465.41845703125,512.445263671875,1406.31044921875,1210.32158203125,0.9233367443084717,cat
DATA_CLEAN/images/0cdcde35eabb8a13.jpg,808.1487640380859,369.9064125061035,2478.7762817382813,1928.0054626464844,0.6023766398429871,cat
DATA_CLEAN/images/0cec0b64d607a20e.jpg,403.53061294555664,722.5298309326172,1106.6679382324219,1223.3010223388671,0.9157863259315491,cat
DATA_CLEAN/images/0d06e21437444df6(1).jpg,1252.2649765014648,1247.8147506713867,2978.5812377929688,2154.5278549194336,0.9492459297180176,cat
DATA_CLEAN/images/0d119d76b1a34c61(1).jpg,224.3340087890625,373.28924560546875,3084.5848388671875,2167.60458984375,0.9382898807525635,cat
DATA_CLEAN/images/0d159f9feee8fbc4.jpg,39.434051513671875,452.83531188964844,865.0600433349609,1264.5176696777344,0.9361218810081482,cat
DATA_CLEAN/images/0d176293998f02c1.jpg,489.25797271728516,0.0,2473.9565551757814,1920.7309204101564,0.918592095375061,cat
DATA_CLEAN/images/0d1954f541ecb489.jpg,0.0,116.385009765625,833.38876953125,741.4779296875,0.9323430061340332,cat
DATA_CLEAN/images/0d21ff2cdda3c5e6.jpg,697.5674011230468,87.37164306640625,2409.7237869262694,2305.5821838378906,0.9380073547363281,cat
DATA_CLEAN/images/0d247adaa87e4587(1).jpg,79.33326416015625,1234.2509719848633,1845.7942474365234,3153.5649536132814,0.9521287679672241,cat
DATA_CLEAN/images/0d28baddb923dab4.jpg,246.035302734375,44.10621337890625,3512.1889526367186,2335.6884643554686,0.9385988712310791,cat
DATA_CLEAN/images/0d3b6dfa015ba42e.jpg,454.2094986438751,236.80532150268556,795.2531282901764,877.254592704773,0.9043803215026855,cat
DATA_CLEAN/images/0d3b97b0349d49ba(1).jpg,223.5367446899414,891.6200134277344,1945.223080444336,2941.1815795898438,0.7926132678985596,cat
DATA_CLEAN/images/0d3b97b0349d49ba(1).jpg,239.28280792236328,891.9918365478516,1943.1396881103517,2954.833044433594,0.33830899000167847,cat
DATA_CLEAN/images/0d45422338509acd(1).jpg,0.0,4.161021423339844,1315.284753417969,2251.288330078125,0.8991355299949646,cat
DATA_CLEAN/images/0d45422338509acd(1).jpg,1152.3852783203126,446.00412292480473,4288.0,2824.8625549316407,0.707862138748169,cat
DATA_CLEAN/images/0d5c31fd16b17a9a.jpg,375.552734375,57.064111328125,2048.0,1527.3421875,0.9511727094650269,cat
DATA_CLEAN/images/0d5de52a97386b6e.jpg,1401.0646759033204,285.2169952392578,3805.2350555419926,2784.072607421875,0.9323644638061523,cat
DATA_CLEAN/images/0d5de52a97386b6e.jpg,2655.1652832031255,2454.046255493164,4680.207006835938,3251.2079772949223,0.9221439361572266,cat
DATA_CLEAN/images/0d7fbbaf18dcb1f6.jpg,0.34893035888671875,4.96734619140625,854.2401123046875,765.2372741699219,0.6417385935783386,cat
DATA_CLEAN/images/0d7fbbaf18dcb1f6.jpg,0.0,12.759132385253906,847.1334838867188,1146.7228698730469,0.5612137317657471,cat
DATA_CLEAN/images/0d90c350edb83225.jpg,100.890625,184.37749633789062,2720.11953125,2061.2786132812503,0.669354259967804,cat
DATA_CLEAN/images/0d95373d4e6d6777(1).jpg,435.82022190093994,415.16995429992676,2052.6864528656006,1669.2383289337158,0.9650711417198181,cat
DATA_CLEAN/images/0d96f8f8d6a6e66b.jpg,449.2318153381347,117.20523834228514,5999.234390258789,2834.1041564941406,0.6116230487823486,cat
DATA_CLEAN/images/0d972bd12818bb23.jpg,1304.357244873047,0.0,3103.5867187500003,1969.4323059082033,0.9296104907989502,cat
DATA_CLEAN/images/0da2429457016fcd.jpg,785.2108680725098,510.5906982421875,1699.6845657348633,1312.3824279785158,0.9191163778305054,cat
DATA_CLEAN/images/0da5ec5d4df2f79a.jpg,945.609506225586,3.0097900390625,2204.625161743164,1794.826986694336,0.6456583738327026,cat
DATA_CLEAN/images/0da5ec5d4df2f79a.jpg,946.9910491943359,4.901164245605469,2202.1757629394533,1793.3066009521485,0.5546473860740662,cat
DATA_CLEAN/images/0dc0afd3f07b3667(1).jpg,148.66680812835693,4.5640082359313965,1430.0,1045.5144395828247,0.9133594036102295,cat
DATA_CLEAN/images/0dc652433c0399a1(1).jpg,139.32920370101928,58.573982620239256,1591.2394950866699,2063.3700469970704,0.9104307889938354,cat
DATA_CLEAN/images/0dc6ee10fc371ec4(1).jpg,79.2292459487915,27.390570330619813,1143.0,947.2355933189392,0.9374138116836548,cat
DATA_CLEAN/images/0dca19e3dca57393.jpg,296.20974233150486,77.08691103458405,1379.1865914344787,966.6351323604584,0.9382624626159668,cat
DATA_CLEAN/images/0dd1521d067b4966(1).jpg,325.06350817680357,159.0947874069214,743.6994747161865,678.3263093948365,0.8955268859863281,cat
DATA_CLEAN/images/0dd238fe86763495.jpg,359.01646270751957,357.88582534790044,1623.1459350585938,1819.6444885253907,0.907607913017273,cat
DATA_CLEAN/images/0dd41e3cf42d825f.jpg,201.25621075630187,0.0,900.0,1213.176218032837,0.8914429545402527,cat
DATA_CLEAN/images/0ddb764e395505e9.jpg,223.04671325683594,399.29219512939454,2834.1843017578126,2251.702294921875,0.8563402891159058,cat
DATA_CLEAN/images/0ddd79df17147be4(1).jpg,1543.1884323120119,1084.6598556518554,2035.7402709960938,2033.5384414672853,0.9325302839279175,cat
DATA_CLEAN/images/0debab03f9d8bc3f.jpg,0.0,152.27242937088013,3100.131196594238,2736.5749307632445,0.956005871295929,cat
DATA_CLEAN/images/0e1575e68674afd4.jpg,183.95971775054932,367.6797103881836,437.6045083999634,568.2146072387695,0.817762017250061,cat
DATA_CLEAN/images/0e23ab322a315f38.jpg,565.035595703125,695.28046875,1454.14267578125,1511.155078125,0.8714215159416199,cat
DATA_CLEAN/images/0e459b7155e03bd4.jpg,216.966796875,395.5550537109375,4608.0,3156.17080078125,0.9430426359176636,cat
DATA_CLEAN/images/0e45da0a658f478d.jpg,199.19952535629272,55.215108156204224,1468.0422792434692,760.6341071128845,0.9648281931877136,cat
DATA_CLEAN/images/0e4d523523cdfaf6(1).jpg,951.6474243164063,1179.3684631347655,1745.0830993652344,2559.4157318115235,0.8557640910148621,cat
DATA_CLEAN/images/0e5448942162349c.jpg,511.93366088867185,150.2390594482422,1820.6943328857421,1288.098454284668,0.8660411834716797,cat
DATA_CLEAN/images/0e5478f61b4091ca.jpg,376.34279403686526,206.9085765838623,1216.6771728515625,778.3001419067383,0.8990011215209961,cat
DATA_CLEAN/images/0e7fbd24d4801e1b.jpg,1102.04931640625,323.8875732421875,2560.0,1915.846435546875,0.9156942367553711,cat
DATA_CLEAN/images/0e86fed8be9ac974.jpg,812.7432830810546,596.7425109863282,1869.707275390625,1263.520443725586,0.8923077583312988,cat
DATA_CLEAN/images/0e9345c3f9583be7(1).jpg,129.14948730468748,327.7654174804687,831.2050048828124,1212.646435546875,0.9179553389549255,cat
DATA_CLEAN/images/0e9fe464fb791837(1).jpg,153.216552734375,246.521484375,2262.828125,1499.5489501953125,0.9534536004066467,cat
DATA_CLEAN/images/0eb2912c87d1daf0(1).jpg,483.0384735107422,775.1779022216798,2011.7229888916017,1312.1119110107422,0.9302510023117065,cat
DATA_CLEAN/images/0eb507c7d12efaf5.jpg,125.8299560546875,14.931396484375,2560.0,1824.05126953125,0.9081529378890991,cat
DATA_CLEAN/images/0eb9984e6632e154.jpg,1386.5721130371094,688.1746948242188,2182.1345947265627,1142.523193359375,0.8693232536315918,cat
DATA_CLEAN/images/0ec7061697686e77.jpg,1054.7939987182617,700.6569213867188,2294.6384399414064,1695.2001251220704,0.892311692237854,cat
DATA_CLEAN/images/0ecee875ea96ddd6.jpg,360.5883056640625,327.913818359375,564.976513671875,677.255224609375,0.9268224239349365,cat
DATA_CLEAN/images/0eddae17f75a2469(1).jpg,1657.3154205322267,290.8732543945313,4909.129980468751,3446.995935058594,0.5969899892807007,cat
DATA_CLEAN/images/0ef1356906b75b88.jpg,934.0671752929687,312.7918338775635,4735.211270141602,3165.2180419921874,0.9412192106246948,cat
DATA_CLEAN/images/0ef44bd22503e0d2.jpg,5.486799621582032,330.80983276367186,1896.6952697753907,1999.8525817871093,0.9501145482063293,cat
DATA_CLEAN/images/0f06ec2c1d8a06b2(1).jpg,475.95181465148926,1412.8320693969727,1627.2010803222656,2928.563690185547,0.9021097421646118,cat
DATA_CLEAN/images/0f19cbb1ec2011e2.jpg,1006.00048828125,1786.900341796875,1551.9656249999998,2412.5951660156247,0.9377670288085938,cat
DATA_CLEAN/images/0f314d2edcaec56b.jpg,559.2656902313232,85.40929412841797,2920.5725646972655,2592.0,0.911609411239624,cat
DATA_CLEAN/images/0f31736a761a790f(1).jpg,1729.4071449279786,917.8741335868835,3830.0273780822754,2520.728702163696,0.9291880130767822,cat
DATA_CLEAN/images/0f3792d67602c89b.jpg,91.72735595703125,88.72256469726562,569.7326049804688,481.37164306640625,0.9322178363800049,cat
DATA_CLEAN/images/0f3e53b0bee4f0b8.jpg,293.22864532470703,43.916568756103516,544.4950103759766,304.2367935180664,0.9331897497177124,cat
DATA_CLEAN/images/0f4165dd8ee28616(1).jpg,722.6690505981445,341.66537017822264,1802.9830718994142,1420.306576538086,0.9257429838180542,cat
DATA_CLEAN/images/0f46c2f4a77133cd.jpg,0.0,99.107666015625,1195.644775390625,759.6809692382812,0.9327054023742676,cat
DATA_CLEAN/images/0f4b3093ae7044cf.jpg,313.05660247802734,366.6813659667969,1316.0020446777344,911.6046142578125,0.8736560940742493,cat
DATA_CLEAN/images/0f66efa96cf29aa0(1).jpg,630.1512451171875,420.23565673828125,801.079833984375,938.7816162109375,0.38376444578170776,cat
DATA_CLEAN/images/0f7f6f33e9dd756a.jpg,228.332373046875,231.613916015625,556.368310546875,685.855908203125,0.936805248260498,cat
DATA_CLEAN/images/0f885e7da8739d6a.jpg,2.842559814453125,81.32923126220703,1600.0,1191.7779541015625,0.8971731662750244,cat
DATA_CLEAN/images/0f8dd2807bfae2d3.jpg,238.87962341308594,213.83323516845704,2568.896832275391,2303.439404296875,0.9574404954910278,cat
DATA_CLEAN/images/0f937a3f29148e73.jpg,224.52102661132812,210.82875061035156,375.6676940917969,459.1034851074219,0.8568195104598999,cat
DATA_CLEAN/images/0f9a137d573c8dbd.jpg,605.2743621826172,2501.2244995117185,1370.283088684082,3608.329818725586,0.933080792427063,cat
DATA_CLEAN/images/0f9c27c1af510063.jpg,849.6000613689423,392.1441498756409,1292.5391984939577,769.8631101608277,0.9262489676475525,cat
DATA_CLEAN/images/0f9ced8b240163c0(1).jpg,1572.706851196289,1133.7230072021484,2110.275750732422,1636.2894744873047,0.8092620372772217,cat
DATA_CLEAN/images/0fa87213d9e07cec.jpg,11.980652618408204,401.35453033447266,1999.4201889038086,2685.227293395996,0.6972470879554749,cat
DATA_CLEAN/images/0fae60f56b3c75d8(1).jpg,0.0,564.8466247558594,3350.8654541015626,2298.0009155273438,0.942257285118103,cat
DATA_CLEAN/images/0fbb4eb1135e8e84.jpg,1293.9091682434082,236.22446060180664,3726.997756958008,2541.619110107422,0.8759143352508545,cat
DATA_CLEAN/images/0fc157408326772c.jpg,43.351924896240234,221.60256958007812,313.850830078125,581.3777618408203,0.9002807140350342,cat
DATA_CLEAN/images/0fca19850cae19fb.jpg,1346.3658142089844,855.3325927734376,3342.435955810547,1953.699526977539,0.9693112969398499,cat
DATA_CLEAN/images/0fd715a6cf4fd64f.jpg,515.1809875488282,558.2140045166016,3437.648638916016,2024.7350463867188,0.9475907683372498,cat
DATA_CLEAN/images/0fe14653cc772041.jpg,678.205078125,722.1396972656249,1872.0383789062498,1825.05615234375,0.8557132482528687,cat
DATA_CLEAN/images/0fe14653cc772041.jpg,279.25563354492186,1029.461865234375,1061.60009765625,1723.94384765625,0.4703123867511749,cat
DATA_CLEAN/images/0ff451f26502977b(1).jpg,1652.5298469543457,152.68315544128419,2928.0,2108.0,0.7432678937911987,cat
DATA_CLEAN/images/0ff451f26502977b(1).jpg,0.0,596.3507892608643,1979.3603187561037,1930.1951248168946,0.38939493894577026,cat
DATA_CLEAN/images/0ff451f26502977b(1).jpg,0.0,581.9133888244629,1129.8549453735352,1926.7679237365724,0.37128350138664246,cat
DATA_CLEAN/images/0ff451f26502977b(1).jpg,666.5707145690918,642.2300056457519,1946.8389770507813,2022.5026748657226,0.3182075023651123,cat
DATA_CLEAN/images/0ff451f26502977b(1).jpg,506.80132141113285,639.1545021057129,1962.2567047119142,2065.8336547851563,0.26012444496154785,cat
DATA_CLEAN/images/0ffa8b0fb0db5578.jpg,126.70921325683594,863.9278411865234,904.6858215332031,1437.2654724121094,0.8742853403091431,cat
DATA_CLEAN/images/0ffc089d34915181.jpg,493.95971832275393,441.7958221435547,2428.747723388672,1651.4396575927735,0.9360747337341309,cat
DATA_CLEAN/images/1000b3290873155c.jpg,641.2018990516663,1062.4604295730592,1544.7076025962829,1929.4776217460633,0.8311446905136108,cat
DATA_CLEAN/images/1000c2fb7cce0814.jpg,137.46734619140625,76.07664489746094,680.4189453125,640.61865234375,0.6952856779098511,cat
DATA_CLEAN/images/100d3d7254687c28(1).jpg,766.563886642456,930.4496349334717,1613.2188468933105,1445.446231842041,0.9081258773803711,cat
DATA_CLEAN/images/101e36eaeb44df81.jpg,208.5188232421875,476.38564453124997,894.0550048828125,1280.958544921875,0.9371691346168518,cat
DATA_CLEAN/images/1021fc14afa6ecb5.jpg,596.030517578125,270.09619140625,1821.749267578125,1540.840576171875,0.872626781463623,cat
DATA_CLEAN/images/102a2e86845101be.jpg,106.14967346191406,96.22428894042969,1600.0,1059.1348266601562,0.9492250680923462,cat
DATA_CLEAN/images/1037108ac77e8746(1).jpg,659.9092346191406,244.31988372802735,4399.8958740234375,3456.0,0.9331985116004944,cat
DATA_CLEAN/images/1040fd1cc8bbbe06.jpg,0.8065032958984375,22.528533935546875,1600.0,978.5591125488281,0.9126439094543457,cat
DATA_CLEAN/images/10472f331a5b39a8(1).jpg,0.0,237.2701171875,1576.05166015625,1155.54208984375,0.9474906325340271,cat
DATA_CLEAN/images/1047c4b658ed794e.jpg,112.10321044921875,101.18816299438475,1696.0300506591796,1374.1070846557616,0.9349653720855713,cat
DATA_CLEAN/images/104ea47ebf1f87a6.jpg,,,,,,
DATA_CLEAN/images/105428f117b24a4c.jpg,0.0,11.972503662109375,1279.7568359375,855.3758544921875,0.938681423664093,cat
DATA_CLEAN/images/1067efead1e8b56d.jpg,0.0,159.0982893705368,1862.3452351570131,2229.334880447388,0.9307512044906616,cat
DATA_CLEAN/images/106b55acdaa0b156.jpg,590.2620239257812,32.43292236328125,1070.777587890625,769.5084228515625,0.90355384349823,cat
DATA_CLEAN/images/1072fcc747884c84.jpg,293.42633304595944,599.5251846790313,730.2485912322998,813.8245844364166,0.9355047345161438,cat
DATA_CLEAN/images/10881c41f70ad278.jpg,409.7318157196045,140.1313076019287,783.981775522232,785.9786777496338,0.6954180002212524,cat
DATA_CLEAN/images/10881c41f70ad278.jpg,188.4077633857727,145.11466822624206,582.0369775295258,727.1349263191223,0.5320248007774353,cat
DATA_CLEAN/images/1089770f8c56f5c8.jpg,133.70955200195314,264.81533203125,2084.7258544921874,1632.5110473632812,0.9286353588104248,cat
DATA_CLEAN/images/108baaa22fb1b2da(1).jpg,315.8403778076172,137.9633331298828,1262.0172119140625,945.4976654052734,0.889266848564148,cat
DATA_CLEAN/images/1092eff4667bb31c(1).jpg,59.9928352355957,247.81431789398192,2066.9205234527585,1202.5308103561401,0.7521593570709229,cat
DATA_CLEAN/images/1093a53cba0bebf9(1).jpg,890.0580963134767,861.0814727783204,1306.3776214599611,1327.8056762695314,0.36014801263809204,cat
DATA_CLEAN/images/10947ce90d3c4111.jpg,160.66614990234376,360.3606811523438,3202.515417480469,2231.9349609375,0.9559447765350342,cat
DATA_CLEAN/images/109640042c63d732.jpg,7.426190185546875,0.0,2324.3530151367186,1703.3976654052735,0.925643801689148,cat
DATA_CLEAN/images/10a6e7f3356bbaaa(1).jpg,19.85380859375,78.648779296875,1013.0443359375,764.5361328125,0.9437078237533569,cat
DATA_CLEAN/images/10a7b7374142b3b1.jpg,0.0,360.73564453125,2015.729296875,1519.8986328125,0.9016425609588623,cat
DATA_CLEAN/images/10b9f276f20c21e4(1).jpg,281.9700469970703,502.69131088256836,2528.6951599121094,2219.14395904541,0.8517007827758789,cat
DATA_CLEAN/images/10ca6f3955c35a31.jpg,298.4477508544922,213.88311309814455,852.9792486190796,607.5823030471802,0.9012238383293152,cat
DATA_CLEAN/images/10e3b275832ea5d6(1).jpg,,,,,,
DATA_CLEAN/images/10ede4c3b6d85331(1).jpg,43.663553619384764,44.00005054473877,1089.922258758545,515.7418476104737,0.9523162841796875,cat
DATA_CLEAN/images/10fec85ab08dfbbe.jpg,835.2868105173112,252.47126913070682,3938.628697395325,2629.54868888855,0.9297300577163696,cat
DATA_CLEAN/images/10ffe439b0c3795a.jpg,1593.015269470215,550.7427917480469,2054.0376678466796,1085.4773542404175,0.7032160758972168,cat
DATA_CLEAN/images/10ffe439b0c3795a.jpg,161.44977064132692,388.2048480987549,1552.6839815139772,1358.5343086242676,0.3624800443649292,cat
DATA_CLEAN/images/1101777a7e3b0646(1).jpg,1100.7894020080566,628.4589614868164,1388.2217559814453,939.1202239990234,0.9479916095733643,cat
DATA_CLEAN/images/1105a47e08858b38.jpg,510.87561340332036,678.3502593994141,2502.5473266601566,2136.980212402344,0.9237779378890991,cat
DATA_CLEAN/images/110bd02cef9eb8e4.jpg,356.53857421875,574.181494140625,768.0,1023.4685546875,0.914953351020813,cat
DATA_CLEAN/images/111cfff1727ce137.jpg,490.68855972290044,624.8493209838867,1411.7470916748048,1997.1499465942384,0.88881516456604,cat
DATA_CLEAN/images/1125b1a4f6c7b501(1).jpg,707.9856991767883,489.9435043334961,805.731475353241,582.8498005867004,0.9177875518798828,cat
DATA_CLEAN/images/114d9daafecd8810.jpg,620.13984375,117.78867187499999,3072.0,2138.07509765625,0.9101004600524902,cat
DATA_CLEAN/images/11504302748bb290.jpg,19.265453338623047,6.450691223144531,974.1797218322754,1054.0167846679688,0.9179316759109497,cat
DATA_CLEAN/images/11665e60ede2fcf3.jpg,12.923166275024414,173.92033767700195,957.4230651855469,1080.0,0.8721513152122498,cat
DATA_CLEAN/images/116f39ff82014d42.jpg,373.3522499084473,105.10292387008667,1294.9808115005494,992.0993808746338,0.9439197778701782,cat
DATA_CLEAN/images/11753fc2b6c9843c(1).jpg,22.28697509765625,698.2385284423827,4656.273541259766,2932.224362182617,0.9337705373764038,cat
DATA_CLEAN/images/11762fef71d44be3.jpg,1566.3505371093752,948.9549362182618,2763.391241455078,2529.2334045410157,0.9186680316925049,cat
DATA_CLEAN/images/11879dd28efd237e(1).jpg,31.47234420776367,222.24783096313476,3091.0,3208.814286804199,0.9267517328262329,cat
DATA_CLEAN/images/1189cd07dd5780cb.jpg,0.0,80.20252990722656,629.552978515625,635.7579956054688,0.9262942671775818,cat
DATA_CLEAN/images/119b66249380fcc0.jpg,54.45865354537964,139.26463346481324,1147.8922444343568,633.3083647251129,0.8712915182113647,cat
DATA_CLEAN/images/119ef168507675e6(1).jpg,45.64648361206055,155.81620445251465,3847.133166503906,2575.5908752441405,0.8379010558128357,cat
DATA_CLEAN/images/11a535387c47f53c(1).jpg,59.08408203125,35.1035888671875,1024.0,758.48359375,0.9181491136550903,cat
DATA_CLEAN/images/11b4e4123b8b8c7c.jpg,678.0466964721679,91.79383277893066,1632.0,639.6254150390625,0.9119775295257568,cat
DATA_CLEAN/images/11c20e9f8248eb4e.jpg,1318.23369140625,932.82333984375,2594.7726562499997,1793.66279296875,0.9383248090744019,cat
DATA_CLEAN/images/11c63aaf7ad19334.jpg,0.0,63.45958709716797,1370.2384948730469,1059.3951416015625,0.6091510653495789,cat
DATA_CLEAN/images/11c63aaf7ad19334.jpg,0.0,61.35597229003906,1355.1377868652344,1062.7737426757812,0.5549704432487488,cat
DATA_CLEAN/images/11cb3a9542c81aac.jpg,275.1405029296875,386.010546875,457.910205078125,479.600537109375,0.45541372895240784,cat
DATA_CLEAN/images/11df5dec5e8b657f.jpg,1530.2500076293945,65.32192611694336,4146.587951660156,2040.1751403808594,0.5979659557342529,cat
DATA_CLEAN/images/11df5dec5e8b657f.jpg,15.90106201171875,60.89460754394531,4149.499053955078,2432.0,0.36610662937164307,cat
DATA_CLEAN/images/11e68260a15da24a.jpg,1378.2034423828127,721.2195190429688,2066.139422607422,1539.1505493164063,0.37207669019699097,cat
DATA_CLEAN/images/11e70d68cc3ac210.jpg,318.10520324707034,193.02635192871094,2585.260794067383,1445.9130340576173,0.9179292917251587,cat
DATA_CLEAN/images/11e7720916587ca5.jpg,111.23003067970276,421.2780148029327,1687.882145690918,2318.162873840332,0.8057212829589844,cat
DATA_CLEAN/images/11ee142c27bf2f3e(1).jpg,571.1030227661133,971.4040191650391,1447.208692932129,1481.1935668945314,0.9373642206192017,cat
DATA_CLEAN/images/11f1358496c51310(1).jpg,1183.627724647522,141.8965657711029,2308.064535140991,1702.8832874298096,0.8485304117202759,cat
DATA_CLEAN/images/11fc3937649cdfd5.jpg,5.7741943359375,214.98123779296873,1881.007470703125,1722.1291259765624,0.8583453297615051,cat
DATA_CLEAN/images/11fcc498c37450ab.jpg,0.0,613.3813018798828,2449.0350036621094,2308.4317016601562,0.9610798358917236,cat
DATA_CLEAN/images/11fcc498c37450ab.jpg,2033.8150360107422,275.35945587158204,3264.0,1226.97333984375,0.9194034337997437,cat
DATA_CLEAN/images/1205c690ff6a4175.jpg,489.25123214721674,148.87887239456177,1357.5860023498535,958.6260795593261,0.6552985906600952,cat
DATA_CLEAN/images/1205c690ff6a4175.jpg,188.59498500823975,188.05818557739258,1271.8342781066895,989.1258716583251,0.2853350043296814,cat
DATA_CLEAN/images/120a071e2c69b420(1).jpg,658.8319778442383,411.8340492248535,2396.152687072754,2646.0132598876953,0.9160521030426025,cat
DATA_CLEAN/images/12159526593d9957.jpg,759.9775695800781,453.61900329589844,1236.8682098388672,785.6075286865234,0.8504494428634644,cat
DATA_CLEAN/images/12159526593d9957.jpg,143.3287811279297,294.74231719970703,512.3365020751953,496.34788513183594,0.8401177525520325,cat
DATA_CLEAN/images/122cd03d7f285f5a.jpg,92.23851470947265,95.05209045410156,1632.0,980.8528930664063,0.9408937692642212,cat
DATA_CLEAN/images/123aa07959d44490(1).jpg,422.7235496520996,290.5193801879883,1701.1863372802734,2424.471331787109,0.8864604234695435,cat
DATA_CLEAN/images/123aa07959d44490(1).jpg,1551.552667236328,416.8843002319336,2906.751599121094,2430.9702209472657,0.8773647546768188,cat
DATA_CLEAN/images/12431cf27d68f5bf.jpg,0.0,193.07713623046874,2580.6205078125,1271.870654296875,0.9428880214691162,cat
DATA_CLEAN/images/12566e7f4132bdfa.jpg,,,,,,
DATA_CLEAN/images/1262b5c516278793.jpg,66.97601208686828,102.32759377956391,1676.6066013336183,1545.480567741394,0.9154051542282104,cat
DATA_CLEAN/images/12686d5adc243c9c.jpg,744.7274505615235,333.42573394775394,1048.9070709228515,636.9347213745118,0.9250898957252502,cat
DATA_CLEAN/images/12686d5adc243c9c.jpg,1122.4232391357423,958.5712738037109,1427.093865966797,1695.2371215820312,0.9244734048843384,cat
DATA_CLEAN/images/12686d5adc243c9c.jpg,875.2254180908203,921.9004486083985,1143.0528442382813,1255.3258117675782,0.8032552003860474,cat
DATA_CLEAN/images/12686d5adc243c9c.jpg,262.50803146362307,1085.5577087402344,658.2815139770508,1354.3568481445313,0.6778548955917358,cat
DATA_CLEAN/images/12686d5adc243c9c.jpg,261.08976516723635,1086.619482421875,659.0904510498048,1354.7175842285158,0.3250560760498047,cat
DATA_CLEAN/images/126e0ddc3da16de5(1).jpg,149.5128158569336,734.7182739257813,2313.765170288086,2099.9112396240234,0.9483325481414795,cat
DATA_CLEAN/images/126f1e01931033dc.jpg,12.933303833007812,336.8461608886719,345.7711181640625,544.7021484375,0.9349435567855835,cat
DATA_CLEAN/images/126f1e01931033dc.jpg,963.6594848632812,227.69558715820312,1222.128173828125,570.1529541015625,0.7988088726997375,cat
DATA_CLEAN/images/126f1e01931033dc.jpg,345.4420471191406,147.8843994140625,1185.9053955078125,766.2134399414062,0.5376796126365662,cat
DATA_CLEAN/images/127cd0f42c33ef0d.jpg,244.31259632110596,130.49421310424805,958.119010925293,593.9511299133301,0.9316325783729553,cat
DATA_CLEAN/images/127dc29fe0c452c7.jpg,549.9839957237244,139.69475853443146,2471.0,1948.3286494255067,0.9137113094329834,cat
DATA_CLEAN/images/12832ad796d180d7.jpg,21.01343822479248,270.03252124786377,536.6700611114502,840.9809303283691,0.9273059964179993,cat
DATA_CLEAN/images/12832ad796d180d7.jpg,616.9210681915283,651.2839508056641,986.4312973022461,959.9362907409668,0.9165509939193726,cat
DATA_CLEAN/images/12832ad796d180d7.jpg,661.5016479492188,65.81510066986084,1002.227611541748,485.1807117462158,0.8850300312042236,cat
DATA_CLEAN/images/128382e1a08a7b16.jpg,121.78916015625,94.1172119140625,1024.0,717.0,0.9169026017189026,cat
DATA_CLEAN/images/1284c1f86e4debd3(1).jpg,1068.062548828125,32.927416992187496,1381.756640625,556.0763671875,0.8901106119155884,cat
DATA_CLEAN/images/1284c1f86e4debd3(1).jpg,130.37545166015624,574.4504882812499,717.9252685546875,1172.3063232421875,0.8857458829879761,cat
DATA_CLEAN/images/128bba04d1be78e9(1).jpg,,,,,,
DATA_CLEAN/images/12a46e69b36252cb(1).jpg,328.45965576171875,182.24609375,1280.0,756.387451171875,0.9519038796424866,cat
DATA_CLEAN/images/12c73af1e795047a.jpg,0.0,786.0317871093749,3570.8238281249996,3456.0,0.9476998448371887,cat
DATA_CLEAN/images/12d951b2192e7265.jpg,528.0634460449219,322.8005859375,1833.618359375,1576.5351196289064,0.9242991209030151,cat
DATA_CLEAN/images/12de73c19f3ef488(1).jpg,997.0155334472656,601.3273620605469,1183.8047790527344,707.7448272705078,0.8858311176300049,cat
DATA_CLEAN/images/12de73c19f3ef488(1).jpg,883.1150054931641,360.83396911621094,1052.8208923339844,463.5755157470703,0.7616370320320129,cat
DATA_CLEAN/images/12de73c19f3ef488(1).jpg,582.1449279785156,660.2252960205078,767.0526123046875,770.5750274658203,0.7496469616889954,cat
DATA_CLEAN/images/12de73c19f3ef488(1).jpg,1045.0257873535156,343.8996124267578,1146.8006134033203,444.3975830078125,0.6559584736824036,cat
DATA_CLEAN/images/12de73c19f3ef488(1).jpg,366.95701599121094,904.0589904785156,510.05176544189453,1103.8836669921875,0.6175668835639954,cat
DATA_CLEAN/images/12e4ece36053068e.jpg,7.834130859375,305.052099609375,2230.4373046875,1764.69990234375,0.9491399526596069,cat
DATA_CLEAN/images/12ecd9cc8253296d.jpg,60.27440185546875,520.1683525085449,2475.6228149414064,1697.8298812866212,0.9202798008918762,cat
DATA_CLEAN/images/12faa39d4aab7554.jpg,191.92375717163085,34.51484670639038,2315.35502243042,2222.4858741760254,0.918049693107605,cat
DATA_CLEAN/images/12ff7d9f7a5fbff2.jpg,0.0,19.492431640625,927.9362182617188,953.161376953125,0.9100322723388672,cat
DATA_CLEAN/images/130927bc28a7c6a4.jpg,223.20842742919922,34.75227355957031,1356.8251037597656,1190.819091796875,0.9209586381912231,cat
DATA_CLEAN/images/131157db910f3ff7.jpg,1331.356182861328,712.9047637939453,1856.0617950439453,1701.732943725586,0.9018338918685913,cat
DATA_CLEAN/images/1318e19da5ea4e03.jpg,219.90152072906494,106.27978181838989,2596.1699271202087,2087.8180623054504,0.9524545669555664,cat
DATA_CLEAN/images/1321c80914e9903a.jpg,465.509423828125,328.90927734375,626.67734375,768.0,0.9436561465263367,cat
DATA_CLEAN/images/1321c80914e9903a.jpg,268.34794921875,491.381640625,429.81689453125,767.73876953125,0.8919309377670288,cat
DATA_CLEAN/images/1321c80914e9903a.jpg,269.5655517578125,488.71796875,429.04580078125,768.0,0.8666161894798279,cat
DATA_CLEAN/images/132476112f942216.jpg,137.718994140625,355.430517578125,646.674658203125,688.94072265625,0.905227541923523,cat
DATA_CLEAN/images/132d7d40524dde19.jpg,195.0802734375,842.08095703125,3334.8025634765627,2035.1551574707032,0.9233248829841614,cat
DATA_CLEAN/images/132d94201b95db30.jpg,433.66676330566406,201.27073287963867,946.6767311096191,590.0557136535645,0.945055365562439,cat
DATA_CLEAN/images/13378cd036476025(1).jpg,200.72669677734376,852.8807647705079,2922.1089660644534,2053.6205200195313,0.9094708561897278,cat
DATA_CLEAN/images/1342ad971c0f5d75(1).jpg,1262.1205863952637,229.45460319519043,2469.053630065918,1400.9638385772705,0.9444541931152344,cat
DATA_CLEAN/images/1342ad971c0f5d75(1).jpg,380.88567638397217,400.108674621582,970.7705337524413,684.9858024597168,0.7459389567375183,cat
DATA_CLEAN/images/134c41f4a52480ec.jpg,929.59423828125,900.7259765624999,2397.00908203125,1505.27490234375,0.9470721483230591,cat
DATA_CLEAN/images/1356aa8547768d38(1).jpg,12.36737060546875,53.47459411621094,579.6837158203125,598.90576171875,0.8701146841049194,cat
DATA_CLEAN/images/136a17c155695352.jpg,31.55393214225769,128.53279795646668,845.056509590149,1054.8807752609252,0.8699384331703186,cat
DATA_CLEAN/images/136caac9192c4037.jpg,299.26220703125,271.09716796875,549.130517578125,618.4025390625,0.8452848196029663,cat
DATA_CLEAN/images/137b31562c3fffa4(1).jpg,1106.1466232299804,301.5943862915039,3264.0,1804.5667053222658,0.5955069065093994,cat
DATA_CLEAN/images/137b31562c3fffa4(1).jpg,1103.7326522827148,310.77946014404296,3264.0,1804.3570587158204,0.5830824375152588,cat
DATA_CLEAN/images/138727ef02349ead.jpg,11.6678466796875,105.12652587890625,1277.0867919921875,958.7174072265625,0.9042072296142578,cat
DATA_CLEAN/images/138727ef02349ead.jpg,83.90786743164062,93.63545227050781,840.459228515625,426.71527099609375,0.4026893973350525,cat
DATA_CLEAN/images/1387ba6adc325768(1).jpg,538.754500579834,824.7905090332032,1566.2816345214844,1628.6174972534182,0.3853902220726013,cat
DATA_CLEAN/images/1387ba6adc325768(1).jpg,547.7778259277344,828.4599563598633,1222.5697723388673,1600.3290481567383,0.3640252947807312,cat
DATA_CLEAN/images/1392c7cc6903c580.jpg,233.2585144042969,203.39794921875003,2340.1499633789062,1658.884899902344,0.946627140045166,cat
DATA_CLEAN/images/1393f559276e9aad.jpg,83.4979476928711,790.5526840209961,937.3699768066407,2774.3147094726564,0.8344376087188721,cat
DATA_CLEAN/images/13a6beda9ab7497c.jpg,,,,,,
DATA_CLEAN/images/13b22333109dd00e.jpg,277.7181923389435,151.97857403755188,1063.4293069839478,778.6898589134216,0.9476759433746338,cat
DATA_CLEAN/images/13bee9226b367739(1).jpg,544.091552734375,148.192626953125,2069.349609375,1618.059326171875,0.5602954030036926,cat
DATA_CLEAN/images/13bee9226b367739(1).jpg,546.906982421875,148.05853271484375,2064.336669921875,1620.4498291015625,0.5574187636375427,cat
DATA_CLEAN/images/13e50a8096126640.jpg,1404.7471389770508,1045.658489227295,5616.0,3725.9702957153318,0.6889925003051758,cat
DATA_CLEAN/images/13e50a8096126640.jpg,1376.716171646118,1061.7146129608154,5616.0,3724.8884170532224,0.4809388518333435,cat
DATA_CLEAN/images/13f5f5212d0bbe1a.jpg,58.14157485961914,125.54946899414062,648.5081481933594,886.6009521484375,0.6987336277961731,cat
DATA_CLEAN/images/13f5f5212d0bbe1a.jpg,457.9511260986328,342.6787567138672,1077.1764373779297,1005.8895874023438,0.4848085939884186,cat
DATA_CLEAN/images/13f5f5212d0bbe1a.jpg,667.1942901611328,34.68391418457031,1415.5694580078125,926.9968414306641,0.30852067470550537,cat
DATA_CLEAN/images/13f5f5212d0bbe1a.jpg,692.3045349121094,33.090858459472656,1375.2330017089844,612.0924377441406,0.2959112524986267,cat
DATA_CLEAN/images/13f5f5212d0bbe1a.jpg,558.4115600585938,44.69806671142578,1418.0853271484375,1019.8763275146484,0.2861156165599823,cat
DATA_CLEAN/images/1402c0be885ff4e8(1).jpg,950.1491088867188,586.2539672851562,1822.5946044921875,1063.130859375,0.8946127891540527,cat
DATA_CLEAN/images/1417eccd5854e04a(1).jpg,850.2962508201599,837.2729068279266,2510.9673674583432,1794.859683895111,0.6030037999153137,cat
DATA_CLEAN/images/1417eccd5854e04a(1).jpg,832.8578660488129,836.2457988739013,2514.6091506958005,1788.0499822139739,0.5729708671569824,cat
DATA_CLEAN/images/142653279c486c85.jpg,253.0483627319336,116.92224502563477,741.2336730957031,571.163444519043,0.9012181162834167,cat
DATA_CLEAN/images/142b63db7db4dcfa(1).jpg,442.79499435424805,608.1659729003907,1656.1793975830078,2089.4078063964844,0.8611085414886475,cat
DATA_CLEAN/images/1431c47c54edf467.jpg,122.16377258300781,203.5873031616211,1600.0,1200.0,0.7954272627830505,cat
DATA_CLEAN/images/144bde46edb52c1d.jpg,1382.0469856262207,868.9661026000977,2623.596954345703,2084.931755065918,0.9185044765472412,cat
DATA_CLEAN/images/1453b15c0b066b7e.jpg,298.2846313476563,523.074819946289,3264.0,2448.0,0.9012337923049927,cat
DATA_CLEAN/images/145f52a192eb7188(1).jpg,1742.2283180236816,1301.8132095336914,2193.937728881836,1799.693783569336,0.8804258108139038,cat
DATA_CLEAN/images/146bbbd9e8ca00b8.jpg,17.56057891845703,57.6435791015625,3931.1358123779296,2444.0298202514646,0.9112594723701477,cat
DATA_CLEAN/images/14873adc1a5c65eb.jpg,708.1576034545899,730.2609283447266,1452.6579254150392,1583.3339538574219,0.7044222950935364,cat
DATA_CLEAN/images/148f5a9d7cb8255b.jpg,681.9764404296875,464.8944091796875,801.4561767578125,715.988525390625,0.9125281572341919,cat
DATA_CLEAN/images/148f5a9d7cb8255b.jpg,682.4676513671875,308.0614318847656,771.3192138671875,394.84857177734375,0.70075923204422,cat
DATA_CLEAN/images/1493bf7504370105.jpg,359.2918212890625,282.3431625366211,2977.9147216796873,1973.70625,0.9434986114501953,cat
DATA_CLEAN/images/1496414d81290f2c(1).jpg,1011.0042543411255,92.19521427154541,1877.083683013916,902.9299550056458,0.9263650178909302,cat
DATA_CLEAN/images/1496414d81290f2c(1).jpg,429.8583998680115,380.2809934616089,1016.3649044036865,1051.141448020935,0.8773432374000549,cat
DATA_CLEAN/images/14a0c603bfa93107.jpg,0.0,1329.8427725315094,1276.2978255271912,2131.864431667328,0.8977606296539307,cat
DATA_CLEAN/images/14aac87280f7d700.jpg,1003.989990234375,327.28370361328126,1566.4166015624999,1582.7493164062498,0.8635614514350891,cat
DATA_CLEAN/images/14aac87280f7d700.jpg,640.56796875,121.95538330078125,1118.4936767578124,1048.5254882812499,0.7648732662200928,cat
DATA_CLEAN/images/14ba1d9f3be52056.jpg,610.3390853881837,486.8573379516602,3793.9357849121097,3259.0550781250004,0.9336384534835815,cat
DATA_CLEAN/images/14c12954837d4e8e(1).jpg,454.39368896484376,1278.303762817383,1703.5243560791016,2318.873876953125,0.9246928691864014,cat
DATA_CLEAN/images/14c429335608a33a(1).jpg,166.6226806640625,318.065380859375,425.349658203125,639.45654296875,0.8663869500160217,cat
DATA_CLEAN/images/14c8c7d684c2a921(1).jpg,1389.3221557617187,1001.9430175781249,3038.499755859375,2988.9973388671874,0.2987515926361084,cat
DATA_CLEAN/images/14c95acc9b78517d.jpg,1453.0059722900392,1214.655722808838,3498.471112060547,2014.8048385620118,0.9212101101875305,cat
DATA_CLEAN/images/14cf28f3a53db541(1).jpg,1095.574644470215,894.8567420959473,2643.067446899414,1636.9402618408203,0.71126389503479,cat
DATA_CLEAN/images/14d42f09359d732f.jpg,2343.104351806641,258.78757324218753,3438.1073364257813,2737.494195556641,0.7446548938751221,cat
DATA_CLEAN/images/14d42f09359d732f.jpg,992.8007308959961,428.21812133789064,2513.461019897461,2688.0658813476566,0.4361411929130554,cat
DATA_CLEAN/images/14d42f09359d732f.jpg,984.9976364135742,225.4959915161133,3409.301293945313,2703.6228515625003,0.3084699511528015,cat
DATA_CLEAN/images/14de1287bac2e827.jpg,,,,,,
DATA_CLEAN/images/15000ae03213c3e5.jpg,469.07929687499995,460.102587890625,3079.742651367187,2830.1244873046876,0.9405968189239502,cat
DATA_CLEAN/images/15000ae03213c3e5.jpg,2827.0004150390623,1197.5309692382812,4078.0560058593746,2452.8076171875,0.7119038701057434,cat
DATA_CLEAN/images/1514c79c29368c0a(1).jpg,499.267440032959,998.4230529785157,1707.4951904296875,2295.813995361328,0.9307480454444885,cat
DATA_CLEAN/images/15183e29344961ec.jpg,80.578857421875,403.84869384765625,1008.9466552734375,953.0430908203125,0.9579613208770752,cat
DATA_CLEAN/images/1532761d014a6317.jpg,93.11520385742188,53.250732421875,577.3639526367188,630.7498779296875,0.8781227469444275,cat
DATA_CLEAN/images/154654b0c18b41bc.jpg,734.7965995788575,419.0143249511719,1683.1003051757814,1696.938381958008,0.9286144971847534,cat
DATA_CLEAN/images/156962d6751438a3.jpg,864.809912109375,16.960839843749998,2949.7212890625,1815.7513183593749,0.9085643887519836,cat
DATA_CLEAN/images/15710da4d8a28d2d.jpg,355.101318359375,282.76484375,957.1462890625,884.97646484375,0.8393915891647339,cat
DATA_CLEAN/images/158f4df4934c02bd.jpg,1.052974486351013,1233.3641529560089,1062.7511914253234,2173.2886669158934,0.9428989887237549,cat
DATA_CLEAN/images/159471c8b81e1814.jpg,132.08187866210938,52.93550109863281,640.0,570.8988037109375,0.8891496658325195,cat
DATA_CLEAN/images/1596e3ac1713fc46.jpg,55.01312789916992,316.11760559082035,1187.403451538086,1080.5878509521485,0.9130347967147827,cat
DATA_CLEAN/images/1596e3ac1713fc46.jpg,925.5750045776368,147.8121047973633,1901.7326782226564,1063.6100738525392,0.8596580028533936,cat
DATA_CLEAN/images/159b2a950d2027f3.jpg,140.1138210296631,634.1711101531982,3119.7032890319824,1672.203296661377,0.5432674884796143,cat
DATA_CLEAN/images/159b2a950d2027f3.jpg,936.9904317855835,478.5820233821869,1468.3851051330566,882.2315549850464,0.4951592981815338,cat
DATA_CLEAN/images/159b2a950d2027f3.jpg,92.87668657302856,484.1396267414093,1501.5937767028809,1698.088695526123,0.32572662830352783,cat
DATA_CLEAN/images/15a623b33df1df86.jpg,449.140185546875,280.670458984375,794.96552734375,583.20693359375,0.9115159511566162,cat
DATA_CLEAN/images/15a623b33df1df86.jpg,125.2239013671875,163.5947998046875,698.155029296875,470.24560546875,0.8852540254592896,cat
DATA_CLEAN/images/15a896a808d696ca(1).jpg,1212.1821258544921,436.4590209960938,2127.5368743896483,1789.3505950927736,0.7779530882835388,cat
DATA_CLEAN/images/15ac74ce31c0033a(1).jpg,127.1296049594879,35.49630525112152,1770.3089222431183,2084.220815896988,0.7202603816986084,cat
DATA_CLEAN/images/15ac74ce31c0033a(1).jpg,0.0,374.9549621105194,1736.957670021057,3185.1517822265623,0.2740471661090851,cat
DATA_CLEAN/images/15acf8f2af7c4047(1).jpg,0.43322296142578126,983.9675537109375,1613.6236267089844,1617.6873779296875,0.7937551736831665,cat
DATA_CLEAN/images/15c52eb7b5203b94.jpg,556.4703369140625,102.90631103515625,2523.908203125,1911.124267578125,0.9467095136642456,cat
DATA_CLEAN/images/15c52fa9b3e6780c(1).jpg,135.4207763671875,61.89375,768.0,1024.0,0.8206113576889038,cat
DATA_CLEAN/images/15c69804c52fdbc5.jpg,592.7453277587891,211.20764465332033,2670.304138183594,2434.418051147461,0.9247376918792725,cat
DATA_CLEAN/images/15d0d0ee65f2a1ab(1).jpg,878.1158447265625,269.19641494750977,2448.285675048828,1660.7181549072266,0.866490364074707,cat
DATA_CLEAN/images/15ddadf9f778c25d.jpg,0.7670187950134277,44.71066904067993,775.1069533824921,1062.9174156188965,0.9330424070358276,cat
DATA_CLEAN/images/15e859493da58081(1).jpg,744.4327392578125,987.4800415039062,1618.58154296875,2560.0,0.9271332025527954,cat
DATA_CLEAN/images/15ecce1177218210.jpg,329.86614990234375,106.21429443359375,1206.947021484375,795.503173828125,0.8384102582931519,cat
DATA_CLEAN/images/15f71a4fa435fcff(1).jpg,135.48564453125,423.761474609375,1085.14453125,1159.257421875,0.8908535242080688,cat
DATA_CLEAN/images/15f71a4fa435fcff(1).jpg,755.054736328125,236.327734375,1936.9306640625,1143.44453125,0.8653963804244995,cat
DATA_CLEAN/images/15fcc2364d6f1e6c(1).jpg,2392.353832626343,1324.684143590927,2646.8653371334076,1667.5083030223846,0.36959323287010193,cat
DATA_CLEAN/images/15fff25eb969da46(1).jpg,623.7892608642578,76.47452545166016,3435.7411071777346,2848.0,0.8642194271087646,cat
DATA_CLEAN/images/160876c3df163d9b.jpg,312.61748657226565,697.8126983642578,3161.270361328125,2093.4776275634767,0.8169934749603271,cat
DATA_CLEAN/images/160876c3df163d9b.jpg,1437.1880310058593,286.5473007202148,2532.628125,989.836102294922,0.5472424626350403,cat
DATA_CLEAN/images/160876c3df163d9b.jpg,908.9900207519531,285.2293441772461,2551.6203643798826,995.0806915283204,0.371825248003006,cat
DATA_CLEAN/images/1612e5aa2c792297.jpg,9.233881568908691,75.39973139762878,1088.1492229461671,1305.1458583831788,0.8750354051589966,cat
DATA_CLEAN/images/16209a2780674d02(1).jpg,204.02971642017363,266.71605596542355,663.3011707305908,673.5029064178467,0.9479543566703796,cat
DATA_CLEAN/images/1623f91d2675862d.jpg,65.22000980377197,24.889512062072754,1219.9136695861816,981.6426582336426,0.9475188255310059,cat
DATA_CLEAN/images/1624174856a13aab.jpg,989.5010742187501,452.8974243164063,2545.0609588623047,1998.4447357177735,0.8796663284301758,cat
DATA_CLEAN/images/163a88ab48c5932d(1).jpg,0.0,65.95370483398438,914.6608276367188,954.403564453125,0.9322023391723633,cat
DATA_CLEAN/images/163d65fb3d9c409d(1).jpg,1073.5032081604004,773.7016677856445,3132.5563430786133,2061.380386352539,0.9456256628036499,cat
DATA_CLEAN/images/164ff5c07df15d67.jpg,125.18113508224486,348.8332402229309,3107.7940198898314,1899.1183952331542,0.94560706615448,cat
DATA_CLEAN/images/1653c0a0f31c40c4.jpg,325.7805633544922,78.84262084960938,1600.0,1200.0,0.9081834554672241,cat
DATA_CLEAN/images/1654080d689806e6.jpg,50.17881202697753,865.3374504089355,978.0303474426269,1752.8475952148435,0.8383946418762207,cat
DATA_CLEAN/images/1654984f61b0de3b(1).jpg,156.298828125,120.696728515625,703.63984375,967.10546875,0.8845873475074768,cat
DATA_CLEAN/images/165d4c804fdbea3c.jpg,659.8310852050781,281.8875503540039,1291.4382934570312,921.0707855224609,0.9290398359298706,cat
DATA_CLEAN/images/165d9706db1e51bf.jpg,210.6983154296875,309.26343688964846,2839.7780700683597,2843.2617919921877,0.9065617918968201,cat
DATA_CLEAN/images/166b27a05993d857.jpg,603.3799033641815,234.8295490980148,1434.264607143402,553.1573965072631,0.8979770541191101,cat
DATA_CLEAN/images/166b27a05993d857.jpg,68.63673219680786,55.48995659351348,693.451317501068,606.194891166687,0.6593216061592102,cat
DATA_CLEAN/images/166c400cc4dc9c25(1).jpg,599.4687080383301,30.768356323242188,1200.0,856.1551666259766,0.9228901267051697,cat
DATA_CLEAN/images/166ec6e3c9137656.jpg,540.124365234375,49.10749969482422,2202.753936767578,1350.8463134765625,0.9148361682891846,cat
DATA_CLEAN/images/167066fb20c88a46.jpg,944.8530426025391,299.1911163330078,2087.459359741211,1941.2348266601562,0.9267265200614929,cat
DATA_CLEAN/images/167defce827499e2(1).jpg,168.7601318359375,85.5445068359375,624.503125,864.5083984375,0.7923880815505981,cat
DATA_CLEAN/images/167defce827499e2(1).jpg,0.0,99.966552734375,277.72548828125,927.24296875,0.7644913196563721,cat
DATA_CLEAN/images/167fb6c24b4187f4.jpg,717.2891227006912,1058.7572219371796,1633.6629464149476,1792.6422574043274,0.8739631772041321,cat
DATA_CLEAN/images/1686ce7615f4ea82(1).jpg,809.6405822753907,956.6641845703125,2095.3870422363284,1851.7285217285157,0.890160322189331,cat
DATA_CLEAN/images/1686ce7615f4ea82(1).jpg,338.3526489257813,530.7715667724609,1287.4131958007813,1118.7146118164062,0.8086937665939331,cat
DATA_CLEAN/images/168e8d9534ff2e49.jpg,187.53646001815795,55.53907113075256,2729.3779397964477,1754.0,0.9268776774406433,cat
DATA_CLEAN/images/16914627e4a130fa.jpg,1457.6166687011719,1148.531268310547,2916.6228881835937,2085.6643615722655,0.9201228618621826,cat
DATA_CLEAN/images/16914627e4a130fa.jpg,541.4138397216797,1000.3131408691406,1197.7949523925781,1863.5724975585938,0.788901686668396,cat
DATA_CLEAN/images/1695941391c0acd5.jpg,109.70883178710938,421.3155944824219,2572.5293060302733,2161.6868591308594,0.933516800403595,cat
DATA_CLEAN/images/16979b80d6715bb8.jpg,77.64759063720703,40.114688873291016,4000.0,2949.0890502929688,0.9422159194946289,cat
DATA_CLEAN/images/16a37b52d36895b2(1).jpg,0.0,230.75429992675782,2164.460513305664,3263.186315917969,0.7861470580101013,cat
DATA_CLEAN/images/16ba05db3db40b41.jpg,267.8669975280762,321.9166625976563,1847.918298339844,2355.437384033203,0.9488322734832764,cat
DATA_CLEAN/images/16bac8fa0a1e338a.jpg,670.544079208374,475.6572509765625,2091.6936378479004,1906.5482780456543,0.9277215003967285,cat
DATA_CLEAN/images/16c8ef9b6527529a.jpg,275.0617980957031,514.5870208740234,850.7084655761719,960.2339935302734,0.8276877403259277,cat
DATA_CLEAN/images/16d0d2f12deda324.jpg,1323.1344177246094,1863.7597961425781,2214.885745239258,2584.8148406982423,0.9244808554649353,cat
DATA_CLEAN/images/16d113f2366ed42f(1).jpg,491.67071363925936,327.6952390193939,1379.3796380996705,1139.1778970718383,0.8832869529724121,cat
DATA_CLEAN/images/16e358ea8b912f05.jpg,0.0,357.6837753295899,4108.5365234375,3259.3417602539066,0.9339672327041626,cat
DATA_CLEAN/images/16f7188630c8d92b(1).jpg,1467.809951543808,5.732834815979004,3157.9626455307007,2673.2573528289795,0.8477746248245239,cat
DATA_CLEAN/images/1704bb35b253c72d.jpg,729.8423492431641,991.0394165039063,1057.905697631836,1520.5189086914063,0.7144312858581543,cat
DATA_CLEAN/images/17123adbead9a9b0(1).jpg,331.13673706054686,0.0,3262.36142578125,2235.294140625,0.8844252824783325,cat
DATA_CLEAN/images/1721690ede4d312e(1).jpg,480.1814273357391,506.44553089141846,1271.4234659671783,893.7690226078033,0.9311030507087708,cat
DATA_CLEAN/images/1722a635879cd918.jpg,237.15924072265625,317.4379577636719,539.7088623046875,942.076416015625,0.36739495396614075,cat
DATA_CLEAN/images/1722a635879cd918.jpg,30.518035888671875,323.0816650390625,554.9342651367188,1167.291748046875,0.3336830735206604,cat
DATA_CLEAN/images/1729a7507f2e7bc5.jpg,884.750492477417,0.0,3394.563835144043,1974.522159576416,0.9210755825042725,cat
DATA_CLEAN/images/1734a13088f697cf.jpg,1244.54386947155,598.8557806015015,2009.5952440738677,1958.0920194625853,0.9447112679481506,cat
DATA_CLEAN/images/1761161ced206a59(1).jpg,144.133203125,331.0046875,505.434130859375,653.019091796875,0.9403760433197021,cat
DATA_CLEAN/images/176eb6c3d8097bc8(1).jpg,1194.944027709961,67.07851524353028,3434.667086791992,2207.6575561523437,0.8081839680671692,cat
DATA_CLEAN/images/176f662729e6bad6.jpg,903.7339141845704,1060.7396896362304,2172.8253662109373,3217.416119384766,0.7217753529548645,cat
DATA_CLEAN/images/17731196d75079e9(1).jpg,822.8005142211914,317.2988983154297,1953.1381896972657,2730.2533813476566,0.9220677614212036,cat
DATA_CLEAN/images/17793e172f53df83.jpg,26.749411010742186,100.29241132736206,1975.7864599227905,1719.7120971679688,0.9618212580680847,cat
DATA_CLEAN/images/177d42e7081d668f(1).jpg,458.418896484375,519.92021484375,1790.3302734375,1351.340625,0.6072417497634888,cat
DATA_CLEAN/images/178052b72c4845b9.jpg,840.5414794921875,153.179736328125,2199.235107421875,1060.666259765625,0.4760986566543579,cat
DATA_CLEAN/images/178052b72c4845b9.jpg,1241.35341796875,460.98237304687495,2253.04189453125,2249.283984375,0.25042983889579773,cat
DATA_CLEAN/images/1792b71dd072df88(1).jpg,58.51128387451172,79.3480224609375,646.1716918945312,517.775390625,0.9347977638244629,cat
DATA_CLEAN/images/17b56f4eaeb7f34f.jpg,0.0,445.4089096069336,1860.143444824219,3409.711413574219,0.9344226121902466,cat
DATA_CLEAN/images/17b62426b56f2266(1).jpg,95.44390869140625,108.72897338867188,1152.1361083984375,957.17041015625,0.9331825971603394,cat
DATA_CLEAN/images/17b6937ba9c38407.jpg,38.4849609375,79.346484375,532.3283203125,486.023046875,0.8694659471511841,cat
DATA_CLEAN/images/17c3ead841387f88.jpg,0.0,113.54197692871095,3794.549743652344,2848.0,0.9408042430877686,cat
DATA_CLEAN/images/17cecef926f0d7be(1).jpg,186.27051973342896,125.30986976623535,1972.3957328796387,2272.750426054001,0.9145597219467163,cat
DATA_CLEAN/images/17d24eddde4245f8.jpg,44.18365478515625,57.87452697753906,1055.1718139648438,1595.1788330078125,0.9284189939498901,cat
DATA_CLEAN/images/17ecc6c130ce00a6.jpg,2149.3302845478056,954.6785087585449,3699.0,2365.8662555694577,0.8750625848770142,cat
DATA_CLEAN/images/17ecc6c130ce00a6.jpg,688.2477556228638,334.34155211448666,2361.2670932292936,1443.3111539840697,0.32290011644363403,cat
DATA_CLEAN/images/17f5fe3529e18c89.jpg,577.5168418884277,476.9777297973633,3246.9242095947266,2835.2523803710938,0.8987123966217041,cat
DATA_CLEAN/images/17f6efb8229d9a68.jpg,234.69151496887207,146.74824714660645,3300.0,1623.7564373016357,0.9502732753753662,cat
DATA_CLEAN/images/17f9073f39fa381f.jpg,346.23849391937256,235.12029647827146,1493.2785987854004,994.1539764404296,0.9608097076416016,cat
DATA_CLEAN/images/18040002fae21db0.jpg,1380.8395751953126,56.67141265869141,3698.1648620605474,2703.773876953125,0.9136101603507996,cat
DATA_CLEAN/images/1806df622d361b24(1).jpg,558.4883012056351,611.5176748752594,1133.2807745456696,985.4766750335693,0.7811813950538635,cat
DATA_CLEAN/images/18310c6f92986dc8.jpg,897.7264297485352,1073.0858825683595,1951.8880096435548,2164.245886230469,0.932425856590271,cat
DATA_CLEAN/images/1833e1c0e76defbf(1).jpg,722.4048828125,323.79462890625,890.96162109375,591.936767578125,0.940679132938385,cat
DATA_CLEAN/images/183bd83837aafe69(1).jpg,121.37454557418823,51.42304515838623,2535.0,2515.8248462677,0.9377267956733704,cat
DATA_CLEAN/images/183dadec7323e115.jpg,249.42587280273438,1248.6246932983397,2592.0,3261.6988647460935,0.918167233467102,cat
DATA_CLEAN/images/1841bf7c8e945b96.jpg,207.5164031982422,70.41163444519043,1200.0,892.20703125,0.9457399845123291,cat
DATA_CLEAN/images/1855ab46fd2c35d8.jpg,160.4891357421875,221.01171875,1280.0,805.0284423828125,0.9374421834945679,cat
DATA_CLEAN/images/185f9b8a12b4d5ea(1).jpg,118.42527465820312,219.51844024658203,3264.0,2424.7505493164062,0.9242806434631348,cat
DATA_CLEAN/images/186148d50565ea63.jpg,320.57282409667965,247.62271690368652,1283.7131423950195,1409.5717163085938,0.25236207246780396,cat
DATA_CLEAN/images/187fea42f61ac9ed.jpg,1010.1559563875198,2671.5028857707975,1743.2783044338225,3915.913817024231,0.6935484409332275,cat
DATA_CLEAN/images/189c921621e19e2c.jpg,1363.5395568847657,599.4641387939454,3279.1549835205083,2303.3417358398438,0.3035621643066406,cat
DATA_CLEAN/images/189f00bcdf56cc9f.jpg,52.484765625,93.376025390625,910.40146484375,594.110205078125,0.952513575553894,cat
DATA_CLEAN/images/189fc64b18b4a711.jpg,640.2613830566406,721.1694458007813,4256.0,2111.006051635742,0.9497048258781433,cat
DATA_CLEAN/images/18ad8a0a85c6e1cc.jpg,0.0,215.57801456451415,933.8013347625732,1170.2749477386474,0.9394426345825195,cat
DATA_CLEAN/images/18b22fb0855bae0b.jpg,786.8469108581544,421.222494506836,1702.790043640137,1935.8574829101562,0.6160898804664612,cat
DATA_CLEAN/images/18b22fb0855bae0b.jpg,781.7145790100099,49.62893829345703,1948.7951614379883,1884.3618713378908,0.6136288046836853,cat
DATA_CLEAN/images/18b9a6bc00d5e030.jpg,602.2741088867188,274.7330627441406,984.0362548828125,524.427001953125,0.9286714196205139,cat
DATA_CLEAN/images/18ba04fdfa8d8cab.jpg,697.3867515563966,551.2416091918946,1511.482914733887,1267.7593826293946,0.7368963956832886,cat
DATA_CLEAN/images/18ba04fdfa8d8cab.jpg,533.1549133300781,1451.513053894043,1431.8527313232423,2037.0335723876954,0.43663927912712097,cat
DATA_CLEAN/images/18d7674b9d5538d6(1).jpg,902.2433395385742,1872.4263153076172,1683.8535930633545,2445.0214553833007,0.8448240756988525,cat
DATA_CLEAN/images/18db0845c0450b1c.jpg,386.769091796875,103.7977783203125,1016.5455078125,656.308984375,0.9365272521972656,cat
DATA_CLEAN/images/18db0845c0450b1c.jpg,76.003271484375,32.37021484375,487.1650390625,588.010546875,0.8105463981628418,cat
DATA_CLEAN/images/18ea7f11c5b37ff7.jpg,440.250732421875,318.1636962890625,2926.4235351562497,2291.1164062499997,0.9009484052658081,cat
DATA_CLEAN/images/190e3684b9975e88.jpg,648.681640625,352.8826904296875,1386.5586853027344,1037.4285888671875,0.7448618412017822,cat
DATA_CLEAN/images/1918a15f32baeeb8.jpg,75.92294921875,155.12236328125,1930.4083984375,1424.12421875,0.8802143335342407,cat
DATA_CLEAN/images/1954e04db7b67d16.jpg,628.9140701293945,1410.8327865600586,2792.647933959961,2471.113967895508,0.9422075748443604,cat
DATA_CLEAN/images/195c1a39f6dc3f60.jpg,628.0546302080154,358.1933921098709,3672.942441272736,3224.1293046951296,0.9142858386039734,cat
DATA_CLEAN/images/196318bf62b99484(1).jpg,591.8304443359375,428.2052230834961,1600.0,1199.7561645507812,0.9071623682975769,cat
DATA_CLEAN/images/196519145909e67a.jpg,3.116552734375,362.799462890625,1303.110546875,1294.8244140625,0.9006366729736328,cat
DATA_CLEAN/images/196519145909e67a.jpg,1526.0853515625,135.63310546875,2048.0,997.07255859375,0.7154038548469543,cat
DATA_CLEAN/images/19688abc3573bcf7.jpg,0.0,136.23766729831695,805.9964361190796,802.5314512252808,0.8804693818092346,cat
DATA_CLEAN/images/19830a12b4a27715.jpg,,,,,,
DATA_CLEAN/images/198c5c8376c87b3c.jpg,32.489250564575194,53.972226524353026,2204.0,1467.7422664642334,0.8740526437759399,cat
DATA_CLEAN/images/19a8b20a59e66f25.jpg,772.9049129486084,416.32298126220707,3323.8445877075196,2573.3051666259767,0.9177049994468689,cat
DATA_CLEAN/images/19b15408cee0f61b(1).jpg,185.00119018554688,222.65975952148438,712.61181640625,593.2965087890625,0.4815620481967926,cat
DATA_CLEAN/images/19b15408cee0f61b(1).jpg,722.2235107421875,169.26202392578125,989.3343505859375,438.51214599609375,0.4737183451652527,cat
DATA_CLEAN/images/19b15408cee0f61b(1).jpg,178.50872802734375,163.0133056640625,994.6966552734375,580.056640625,0.39742615818977356,cat
DATA_CLEAN/images/19b15408cee0f61b(1).jpg,182.5580291748047,225.8099365234375,697.883544921875,594.9105224609375,0.2946816682815552,cat
DATA_CLEAN/images/19b3bc8e122bdc44(1).jpg,902.4709625244141,1120.154507446289,1138.054573059082,1353.3503631591798,0.8629058599472046,cat
DATA_CLEAN/images/19b55408cccc303c(1).jpg,0.0,21.6037636756897,1117.590077018738,1009.7850036621095,0.9162498712539673,cat
DATA_CLEAN/images/19bd47b0cd23b553.jpg,0.0,120.97442150115965,2835.5212211608887,2452.55069732666,0.8945102691650391,cat
DATA_CLEAN/images/19bdb82c10e30eb6(1).jpg,687.3673645019531,470.35605926513676,4295.400732421876,1728.399545288086,0.8954294323921204,cat
DATA_CLEAN/images/19c5b7c8ed002bed.jpg,7.1314697265625,129.47540283203125,1237.6607666015625,859.6630859375,0.6822924017906189,cat
DATA_CLEAN/images/19f1990d1551a679.jpg,1378.9551990509033,1002.1910888671875,2672.7426727294924,1633.0685668945312,0.7042421698570251,cat
DATA_CLEAN/images/19f36838f8c4fccc.jpg,0.0,375.3396423339844,2148.691571044922,2385.8502868652345,0.9403214454650879,cat
DATA_CLEAN/images/1a02f18e3fbff527.jpg,448.0594847202301,580.5945131778717,2726.060125350952,2367.777159690857,0.925442099571228,cat
DATA_CLEAN/images/1a02f18e3fbff527.jpg,1349.8795294761658,263.9040913581848,2321.0709686279297,895.1159448623657,0.6975438594818115,cat
DATA_CLEAN/images/1a03c84df3d654ee(1).jpg,492.77986907958984,1015.2066947937012,1946.09532623291,2376.055824279785,0.888954758644104,cat
DATA_CLEAN/images/1a0eb0b46f5254cd.jpg,70.91572570800781,177.16160583496094,370.6126708984375,525.6093139648438,0.5769937038421631,cat
DATA_CLEAN/images/1a0eb0b46f5254cd.jpg,71.83802795410156,176.3862762451172,370.8423156738281,524.2639770507812,0.35170701146125793,cat
DATA_CLEAN/images/1a101a3cb1b61342.jpg,419.665380859375,260.7890625,2039.4650390625,1536.0,0.8662354946136475,cat
DATA_CLEAN/images/1a11484c1e837bb7(1).jpg,1662.6024077892303,831.8747700691223,2081.140105772018,1430.4666816711424,0.9117997884750366,cat
DATA_CLEAN/images/1a11484c1e837bb7(1).jpg,933.6606611251831,941.6832300186156,1360.9219604969023,1452.7665111541746,0.9099560976028442,cat
DATA_CLEAN/images/1a11484c1e837bb7(1).jpg,189.93204674720764,910.0692589759826,988.6512454986572,1212.9405966758727,0.4036140441894531,cat
DATA_CLEAN/images/1a11484c1e837bb7(1).jpg,580.3565474510193,917.7492500305175,966.2716446876525,1202.0669127464294,0.26059824228286743,cat
DATA_CLEAN/images/1a11cdc83586a677.jpg,232.9001988172531,253.24832968711854,2792.5772706985476,1911.8904819488525,0.8185338973999023,cat
DATA_CLEAN/images/1a1e2f17e07e73d6.jpg,504.0925830841065,244.04091677665713,4126.0,2739.278525352478,0.9402903318405151,cat
DATA_CLEAN/images/1a21d8372ec9c579.jpg,7.28228759765625,132.31982421875,558.9600219726562,620.6079711914062,0.965467095375061,cat
DATA_CLEAN/images/1a34817d8dcfe227.jpg,0.17024993896484375,16.11736297607422,504.9876403808594,985.9700775146484,0.8087202310562134,cat
DATA_CLEAN/images/1a34817d8dcfe227.jpg,0.0,8.42376708984375,1600.0,1049.3972778320312,0.8061373233795166,cat
DATA_CLEAN/images/1a427449eea41c90(1).jpg,0.0,781.882292175293,2109.363237953186,2470.856747055054,0.9350524544715881,cat
DATA_CLEAN/images/1a42ebb51ddad5eb.jpg,0.0,881.6583526611328,1549.1553131103515,1999.8052490234375,0.8035705089569092,cat
DATA_CLEAN/images/1a42ebb51ddad5eb.jpg,1751.2749633789062,395.1007781982422,3008.0,1985.0345581054687,0.37227296829223633,cat
DATA_CLEAN/images/1a48e117c5f89cf4.jpg,433.27227783203125,20.447341918945312,1022.5693969726562,444.09539794921875,0.6444575190544128,cat
DATA_CLEAN/images/1a48e117c5f89cf4.jpg,435.58270263671875,13.624908447265625,1048.9818115234375,719.35986328125,0.33346062898635864,cat
DATA_CLEAN/images/1a55b0008202c108.jpg,764.9752258300782,597.8024780273438,2364.949841308594,2486.80283203125,0.8717651963233948,cat
DATA_CLEAN/images/1a5ac65792622c98.jpg,870.7379196166993,932.9877868652344,1612.9881500244142,2110.780865478516,0.8972645998001099,cat
DATA_CLEAN/images/1a60d0cd56dcd5c5(1).jpg,173.88702392578125,326.2726745605469,624.5638427734375,626.0880126953125,0.7258905172348022,cat
DATA_CLEAN/images/1a6cffbdc5328ddb.jpg,545.5265625,693.1158203125,1327.0109375,1052.06318359375,0.9032365083694458,cat
DATA_CLEAN/images/1a6d78e5f2c7f693.jpg,108.61064453125,281.489013671875,960.330859375,1696.062109375,0.8528926372528076,cat
DATA_CLEAN/images/1a6f5f7b3084f577.jpg,319.9973415374756,205.98225736618042,2045.0709602355957,1635.2310791015625,0.934516429901123,cat
DATA_CLEAN/images/1a6f5f7b3084f577.jpg,181.75586066246035,0.0,778.296047115326,1217.4173637390138,0.8241118788719177,cat
DATA_CLEAN/images/1a723ca8be767b76.jpg,391.00548677444453,309.2590069770813,1745.5701736450194,1070.8552322387695,0.9018890857696533,cat
DATA_CLEAN/images/1a7c0f61692e04e9.jpg,1173.5983268737793,1899.8446117401122,2208.4010173797606,2956.0,0.7967797517776489,cat
DATA_CLEAN/images/1a7c0f61692e04e9.jpg,0.0,1900.002338218689,2207.834104156494,2953.041395187378,0.2668454647064209,cat
DATA_CLEAN/images/1a9b0a84fdcd4926.jpg,597.2116813659668,233.90833110809328,4245.25425567627,3679.709960174561,0.9074804782867432,cat
DATA_CLEAN/images/1aa4e26f2a2badff.jpg,463.94262313842773,561.6257667541504,1135.1457595825195,887.7964973449707,0.8758293986320496,cat
DATA_CLEAN/images/1aafcaff18e9f7af.jpg,357.89447221755984,152.63524351119995,2194.234017562866,1744.7767782211304,0.935285210609436,cat
DATA_CLEAN/images/1ac351b501e66450.jpg,1793.82685546875,651.856201171875,2551.86708984375,2013.75,0.9182676672935486,cat
DATA_CLEAN/images/1ad14046e0583656(1).jpg,491.12080078124995,0.0,2578.40185546875,1760.3909179687498,0.904594361782074,cat
DATA_CLEAN/images/1ad145219a719f9c.jpg,242.83612060546875,2.17889404296875,590.2257080078125,541.5076904296875,0.9026589393615723,cat
DATA_CLEAN/images/1ad5ca64e93cc24c.jpg,26.01092472076416,167.5701171398163,4351.3014087677,2006.2911302566527,0.9415359497070312,cat
DATA_CLEAN/images/1af3a5ba46045369.jpg,1115.67880859375,426.55849609375,1638.596484375,935.36748046875,0.7823179960250854,cat
DATA_CLEAN/images/1b03168704a37ef7.jpg,608.2039260864258,92.27545738220215,1084.1285705566406,826.0954284667969,0.8942441940307617,cat
DATA_CLEAN/images/1b0d5ebfafe09ede.jpg,6.8482666015625,38.05462646484375,2560.0,1802.35400390625,0.9251900911331177,cat
DATA_CLEAN/images/1b27f26c4b9d41dd(1).jpg,351.72593994140624,78.49329833984375,2274.0244140625,1695.9499755859376,0.9331628084182739,cat
DATA_CLEAN/images/1b29a74fa863255f(1).jpg,210.06601638793944,211.90433464050292,2065.3895736694335,2417.331362915039,0.9240289926528931,cat
DATA_CLEAN/images/1b517389947686b6(1).jpg,1129.3100646972657,847.771760559082,2776.4735137939456,1935.1545227050783,0.545818030834198,cat
DATA_CLEAN/images/1b5a5d9a04d5b39c(1).jpg,337.0572738647461,378.0244571685791,3825.930706787109,2909.414520263672,0.9355977773666382,cat
DATA_CLEAN/images/1b8da6fceb2229a9.jpg,99.699853515625,200.1293212890625,860.7595703125,634.91982421875,0.9465935230255127,cat
DATA_CLEAN/images/1b8f07a081f624cf.jpg,516.6958618164062,554.515625,761.8597412109375,959.5416259765625,0.8853442072868347,cat
DATA_CLEAN/images/1b90c52e40ac64d1.jpg,1298.9091247558595,438.00982360839845,2580.5521911621095,1507.0198974609375,0.9430996179580688,cat
DATA_CLEAN/images/1b91c96fa78fcc5c.jpg,373.77941598892215,7.868511390686036,1560.9315400123598,1384.3369930267336,0.9249439239501953,cat
DATA_CLEAN/images/1ba3bc54b6b73244.jpg,1601.4426437377929,0.0,2743.818827819824,1949.0395889282227,0.42725586891174316,cat
DATA_CLEAN/images/1ba6daa31d5034e1.jpg,58.24310302734375,100.98468017578125,1104.619384765625,1008.73486328125,0.3515903055667877,cat
DATA_CLEAN/images/1ba6daa31d5034e1.jpg,43.60491943359375,103.70260620117188,945.1542358398438,1042.873291015625,0.2962612211704254,cat
DATA_CLEAN/images/1bd021e816f483ca.jpg,2927.740855407715,1190.9733535766602,4587.705560302735,2094.838851928711,0.9088554382324219,cat
DATA_CLEAN/images/1bd4af28305a64f2.jpg,77.21792221069336,238.94297218322754,2489.2894706726074,1965.2943534851074,0.8771079778671265,cat
DATA_CLEAN/images/1bd94d7242f22dd3(1).jpg,410.88077545166016,149.85132694244385,1474.467372894287,1108.5011100769043,0.8966497182846069,cat
DATA_CLEAN/images/1bebfcb1515288c1.jpg,0.0,1129.7743698120119,1942.9949157714846,1878.8376159667969,0.92803955078125,cat
DATA_CLEAN/images/1bed4d16389043d8.jpg,738.4726377487182,225.53363513946533,2599.0,3308.110887145996,0.8579371571540833,cat
DATA_CLEAN/images/1bed4d16389043d8.jpg,0.0,281.8000018119812,1861.2637619018553,3340.970425033569,0.7888140678405762,cat
DATA_CLEAN/images/1c0319fd39ef095a.jpg,198.1596851348877,210.09340047836304,618.5808944702148,829.2490911483765,0.7883312702178955,cat
DATA_CLEAN/images/1c07ee9de6820229.jpg,,,,,,
DATA_CLEAN/images/1c095bd69a28fc78.jpg,303.4189758300781,105.31404113769531,639.8761596679688,581.6574096679688,0.4479495882987976,cat
DATA_CLEAN/images/1c095bd69a28fc78.jpg,0.0,25.49871826171875,613.8140869140625,605.6219482421875,0.4299757778644562,cat
DATA_CLEAN/images/1c095bd69a28fc78.jpg,228.19448852539062,105.84033203125,638.3117065429688,585.2808837890625,0.3215877413749695,cat
DATA_CLEAN/images/1c0c1fc097aff706.jpg,596.3691008090973,234.80487728118894,1791.0078835487363,1578.495162963867,0.8644064664840698,cat
DATA_CLEAN/images/1c16f995856a18b1.jpg,164.10516357421875,138.12957000732422,959.9627380371094,591.4817504882812,0.9435553550720215,cat
DATA_CLEAN/images/1c16ff650b46110c.jpg,566.7795043945313,1417.467205810547,1256.619451904297,2595.498101806641,0.6903150081634521,cat
DATA_CLEAN/images/1c16ff650b46110c.jpg,868.4992309570313,1314.906509399414,1448.7480834960938,2561.4091186523438,0.26908761262893677,cat
DATA_CLEAN/images/1c2d6d0ec4fc1dbc.jpg,678.5015106201172,225.2269744873047,3721.918487548828,2940.228271484375,0.9086747169494629,cat
DATA_CLEAN/images/1c31dc839b2201f5(1).jpg,478.78143310546875,524.8442504882812,1721.9981689453125,1563.176513671875,0.942521333694458,cat
DATA_CLEAN/images/1c31dc839b2201f5(1).jpg,805.65205078125,1586.4098510742188,1011.8402709960938,1862.6284423828124,0.5247804522514343,cat
DATA_CLEAN/images/1c31dc839b2201f5(1).jpg,792.5231689453125,2100.741064453125,1022.438671875,2304.0,0.33479076623916626,cat
DATA_CLEAN/images/1c458417047f4aee.jpg,63.10132179260254,258.94503378868103,2712.217586517334,2060.7243896484374,0.8566652536392212,cat
DATA_CLEAN/images/1c46c4ac765dfdc2.jpg,152.2472381591797,277.99312591552734,688.1710052490234,965.9999847412109,0.9424697160720825,cat
DATA_CLEAN/images/1c46c4ac765dfdc2.jpg,726.7527770996094,566.1990356445312,1264.7002410888672,874.2253875732422,0.6900318264961243,cat
DATA_CLEAN/images/1c4f12d508e86d26.jpg,347.15523142814635,1177.0892612934113,1650.5971787929534,1700.8175827980042,0.9165574908256531,cat
DATA_CLEAN/images/1c4fc681df4f4786(1).jpg,1205.0610948562621,296.8417551994324,2233.8936052322388,1623.0,0.8805866241455078,cat
DATA_CLEAN/images/1c526fa21fcc58f6.jpg,51.94426832199097,159.0923725605011,1702.550084209442,2186.283945465088,0.9420292973518372,cat
DATA_CLEAN/images/1c57c42683fd6b72.jpg,1329.9734985351563,423.5242584228516,3457.6940063476563,1865.6539489746094,0.9404442310333252,cat
DATA_CLEAN/images/1c5dc31a04c13fa3.jpg,3092.832647705078,2193.9243713378905,4747.117041015625,2924.039422607422,0.9078851938247681,cat
DATA_CLEAN/images/1c674157af1b35db.jpg,416.55892624855045,263.99530506134033,2527.132166862488,1723.3252012252808,0.963676929473877,cat
DATA_CLEAN/images/1c6b2e12c5fd961e(1).jpg,0.0,313.87234039306645,3008.754949951172,2691.6472229003907,0.907249927520752,cat
DATA_CLEAN/images/1c7635351e2d4029(1).jpg,556.7635548114777,239.81442646980287,1857.2196811676026,1383.114682197571,0.7426642775535583,cat
DATA_CLEAN/images/1c829368dbb7e63c.jpg,118.7630126953125,171.19878845214845,2448.0,3264.0,0.8237015008926392,cat
DATA_CLEAN/images/1c829368dbb7e63c.jpg,122.1330780029297,178.691748046875,2447.5900451660154,3264.0,0.39547625184059143,cat
DATA_CLEAN/images/1c8f6600f849b875.jpg,919.6169677734375,1704.3580020904542,1851.536850643158,2142.355562210083,0.886888325214386,cat
DATA_CLEAN/images/1c942d61442a5d88.jpg,566.9024658203125,565.6544189453125,2560.0,1895.03515625,0.9298200607299805,cat
DATA_CLEAN/images/1c977b41b0918875.jpg,1429.8040283203125,57.1721923828125,3323.801513671875,2699.1947021484375,0.7824147939682007,cat
DATA_CLEAN/images/1c9d6437efa06d37(1).jpg,19.62512969970703,64.82688903808594,1200.0,775.9055328369141,0.8927110433578491,cat
DATA_CLEAN/images/1caeac76cca51e75.jpg,0.0,356.2179660797119,1490.6163970947266,1809.7100395202638,0.9311346411705017,cat
DATA_CLEAN/images/1caf185871e9ab85.jpg,655.9420609474182,1134.555009841919,2762.5102672576904,2958.211658477783,0.924161434173584,cat
DATA_CLEAN/images/1cc8a21a182fe50a.jpg,555.2844093322753,0.0,1273.2943954467773,1005.8833061218262,0.9181931018829346,cat
DATA_CLEAN/images/1cc8a21a182fe50a.jpg,1167.8758964538574,8.390617752075196,1831.4855484008788,319.1423004150391,0.8781158328056335,cat
DATA_CLEAN/images/1ccc4f61c9003b62(1).jpg,0.0,68.18186149597169,915.818263244629,860.0,0.5576438307762146,cat
DATA_CLEAN/images/1ccc4f61c9003b62(1).jpg,0.0,73.33799209594727,918.2967025756836,855.2259582519532,0.4557538628578186,cat
DATA_CLEAN/images/1cd3c8607e83a1b3.jpg,524.4707908630371,0.0,1148.2299499511719,579.2222900390625,0.9010410308837891,cat
DATA_CLEAN/images/1ce78f88c7556ed8.jpg,0.0,441.0061740875244,1464.2219409942627,1703.9843616485596,0.9141063690185547,cat
DATA_CLEAN/images/1d10d180d38d975e(1).jpg,0.0,183.0033203125,1921.8119140625,1052.32822265625,0.9314746856689453,cat
DATA_CLEAN/images/1d1f2dd472039af7.jpg,567.1645641326904,220.72348594665527,1000.0,746.2306976318359,0.9244028329849243,cat
DATA_CLEAN/images/1d1f2dd472039af7.jpg,282.93089866638184,212.39304542541504,425.3915309906006,407.5622081756592,0.9216609001159668,cat
DATA_CLEAN/images/1d257d50070e2866.jpg,3.7061828613281254,195.7274917602539,3192.089947509766,2834.1613403320316,0.9232668876647949,cat
DATA_CLEAN/images/1d3f4fac74664995.jpg,1482.6726913452148,554.0294647216797,3971.287155151367,2007.1197509765625,0.95102858543396,cat
DATA_CLEAN/images/1d49c91f38dcef66.jpg,1135.9793975830078,1047.1665893554687,2666.8025756835937,2249.121789550781,0.9164828062057495,cat
DATA_CLEAN/images/1d49c91f38dcef66.jpg,1247.254898071289,127.24459533691406,3008.0431274414063,1636.3127746582031,0.4137536883354187,cat
DATA_CLEAN/images/1d57df2c029df5eb.jpg,589.4050781249999,462.88405151367186,1330.238671875,2267.623388671875,0.7869653701782227,cat
DATA_CLEAN/images/1d5f24f4ea2da95c(1).jpg,403.34901428222656,349.28812289237976,1044.181022644043,1307.5718793869019,0.8724092841148376,cat
DATA_CLEAN/images/1d882509e29c09af.jpg,0.0,202.50176467895506,1823.1260650634765,2135.148999023437,0.9046636819839478,cat
DATA_CLEAN/images/1d901fab652728e7.jpg,258.7430477142334,183.93796920776367,714.3589210510254,592.5956153869629,0.9341567754745483,cat
DATA_CLEAN/images/1d98b45775ca33b9.jpg,578.22744140625,265.15546875,2048.0,1341.9525390625,0.8396036028862,cat
DATA_CLEAN/images/1da18d2c90586c81.jpg,0.0,1476.0054027557374,2491.6026397705077,4179.991415405273,0.8134739398956299,cat
DATA_CLEAN/images/1da69705444bb730.jpg,53.351376628875734,391.02532982826233,3051.061328315735,2196.2229486465453,0.3159365653991699,cat
DATA_CLEAN/images/1db56e459fcb81a7.jpg,1520.5847625732422,1864.0495971679688,2492.297689819336,2728.991198730469,0.706276535987854,cat
DATA_CLEAN/images/1dbd78727e68197d(1).jpg,865.2738708496094,321.33711166381835,1626.9045578002929,1185.292904281616,0.8832123279571533,cat
DATA_CLEAN/images/1dc94851c8d3380a.jpg,621.7557495117188,349.51668090820317,2923.4981689453125,2030.1933471679688,0.9457827806472778,cat
DATA_CLEAN/images/1dcf4f5ec7baae87(1).jpg,321.5369567871094,281.35333251953125,543.2444458007812,485.3003845214844,0.8615018129348755,cat
DATA_CLEAN/images/1ddf88654322dbe6(1).jpg,750.0606575012207,415.6073234558105,2762.083218383789,2408.2077728271483,0.9313174486160278,cat
DATA_CLEAN/images/1de55413184fc408.jpg,68.01175117492676,343.3618640899658,803.0,1152.4213027954102,0.9425936937332153,cat
DATA_CLEAN/images/1df0cda0faefd5f6.jpg,794.4164978027344,606.5557250976562,1975.4920623779299,1944.0,0.898962140083313,cat
DATA_CLEAN/images/1df4a5c4e4a67c18.jpg,835.7816711425781,1302.0815505981445,2752.255810546875,3420.5826873779297,0.917843759059906,cat
DATA_CLEAN/images/1e1fb5fa2cde4f6e(1).jpg,1500.3831756591796,104.44984588623048,2368.4482177734376,2037.3239318847657,0.8670642375946045,cat
DATA_CLEAN/images/1e228b820b636608(1).jpg,1460.059531402588,125.92854766845704,4899.174526977539,3648.0,0.9200177788734436,cat
DATA_CLEAN/images/1e2c5fb4c266a26e.jpg,75.61648769378662,298.30973415374757,2174.3012413024903,1242.6683576583862,0.945019006729126,cat
DATA_CLEAN/images/1e2d1a625bed8d24.jpg,1809.2853595733643,641.7145004272461,2775.6943382263185,2678.088018798828,0.734644889831543,cat
DATA_CLEAN/images/1e44720331ce15ba(1).jpg,5.0904296875,147.51298828125,3945.375390625,3041.909765625,0.9313019514083862,cat
DATA_CLEAN/images/1e45195c49ebbbed.jpg,1195.315966796875,426.57031860351566,2080.7533935546876,1892.6383544921875,0.8396335244178772,cat
DATA_CLEAN/images/1e510df4ae608519.jpg,66.85561523437501,974.8404907226562,1205.0941772460938,1603.2798095703126,0.8927249908447266,cat
DATA_CLEAN/images/1e510df4ae608519.jpg,1531.318701171875,1259.9491577148438,2659.450341796875,1717.8377197265625,0.844923734664917,cat
DATA_CLEAN/images/1e5995ff0e56f5e9(1).jpg,475.1702880859375,512.9944610595703,719.7012329101562,1048.2220458984375,0.8105276226997375,cat
DATA_CLEAN/images/1e6b5441883f6e3f.jpg,1309.6916900634767,1039.0913299560548,2794.333868408203,2093.7386016845703,0.8268015384674072,cat
DATA_CLEAN/images/1e84ed398a7ce0be.jpg,51.54185485839844,29.920626068115233,942.0450622558593,662.4520385742187,0.9153106212615967,cat
DATA_CLEAN/images/1e85a013411c078a(1).jpg,1207.6177459716798,897.6772888183594,2461.597915649414,2491.5182189941406,0.9355732798576355,cat
DATA_CLEAN/images/1e9355888979a1d7.jpg,376.4358901977539,295.8136962890625,1118.2900177001952,920.6533447265625,0.8585778474807739,cat
DATA_CLEAN/images/1e982fcec127b9ee(1).jpg,1635.2824768066407,3.4238616943359377,5472.0,2949.93630065918,0.9331585168838501,cat
DATA_CLEAN/images/1e9932dce302dcf5.jpg,2025.6734848022459,387.43414878845215,3849.4491577148433,3144.393539428711,0.9277259707450867,cat
DATA_CLEAN/images/1eae7fce4e40ae07.jpg,679.3376495361327,742.7737243652343,4370.639144897461,3661.4658416748043,0.9114528894424438,cat
DATA_CLEAN/images/1eb79ecfd4f49982.jpg,160.690966796875,268.63447265625,1779.890625,1359.53564453125,0.8378740549087524,cat
DATA_CLEAN/images/1ec1411ffe0e09eb.jpg,315.5373229980469,51.132415771484375,757.1287841796875,849.44384765625,0.9179614782333374,cat
DATA_CLEAN/images/1ec5d1781b71df67.jpg,0.0,686.97890625,2252.81337890625,1933.393505859375,0.9550689458847046,cat
DATA_CLEAN/images/1ed01672c8a622f8.jpg,16.23516082763672,587.0813369750977,5090.07568359375,3977.5594711303706,0.9358454942703247,cat
DATA_CLEAN/images/1ef501c72be01ac3(1).jpg,1128.20947265625,521.3945800781249,1733.5801757812499,1743.0427734374998,0.8445155620574951,cat
DATA_CLEAN/images/1ef501c72be01ac3(1).jpg,1127.4683349609375,533.5042236328125,1732.06787109375,1753.3343261718749,0.44544556736946106,cat
DATA_CLEAN/images/1efcf8209f1eba75.jpg,1193.84093170166,0.0,3343.0,2411.3672492980954,0.8573017120361328,cat
DATA_CLEAN/images/1effd6cc85c9920a.jpg,0.0,98.46288223266602,3479.9430877685545,2592.0,0.9247020483016968,cat
DATA_CLEAN/images/1f3a51e6ef5f1890.jpg,679.0902614593506,0.0,2500.0,1189.2263889312744,0.9156484603881836,cat
DATA_CLEAN/images/1f4069b6f205c26a.jpg,23.32691516876221,318.3241554021835,662.7509578227997,1179.3101912498475,0.3751784563064575,cat
DATA_CLEAN/images/1f5230e77623f87a.jpg,1490.375804901123,5.524206161499023,4466.078281402588,3825.1934051513667,0.873446524143219,cat
DATA_CLEAN/images/1f592575f1120f9f(1).jpg,122.1588134765625,41.84547424316406,537.2994995117188,1184.6372985839844,0.8668180704116821,cat
DATA_CLEAN/images/1f592575f1120f9f(1).jpg,914.5404052734375,53.711509704589844,1385.6939697265625,891.1186981201172,0.642146646976471,cat
DATA_CLEAN/images/1f592575f1120f9f(1).jpg,918.0445861816406,48.86817932128906,1331.6552734375,658.2869720458984,0.5449635982513428,cat
DATA_CLEAN/images/1f592575f1120f9f(1).jpg,481.3300323486328,72.71614074707031,874.5131683349609,760.1411437988281,0.42124664783477783,cat
DATA_CLEAN/images/1f5ac93b7aa81584.jpg,343.8615437507629,791.6361701011657,1778.848650932312,2631.599392700195,0.9243874549865723,cat
DATA_CLEAN/images/1f6582d6f909d685(1).jpg,43.90019416809082,17.501981735229492,1840.2505187988281,2428.0607528686523,0.9229686260223389,cat
DATA_CLEAN/images/1f7267c5bed8f154(1).jpg,11.009228515625,1241.33876953125,786.844921875,1580.884765625,0.7613621950149536,cat
DATA_CLEAN/images/1f73966ab53db2e9.jpg,1020.8643142700196,741.1795204162597,1833.6839752197266,1274.389404296875,0.9329973459243774,cat
DATA_CLEAN/images/1f8310675913ce2e.jpg,0.0,71.31982421875,744.387939453125,622.031005859375,0.9490848779678345,cat
DATA_CLEAN/images/1f86da51e9ca9c31.jpg,1094.7600265502929,759.1409454345703,1773.8773681640625,1373.3388885498048,0.8979698419570923,cat
DATA_CLEAN/images/1fa2f9d8976755dc.jpg,0.0,355.16660089492797,1255.6913626670837,1427.2425834655762,0.6033565998077393,cat
DATA_CLEAN/images/1fa2f9d8976755dc.jpg,0.0,362.7952559709549,1265.7870323181153,1409.639982318878,0.5905527472496033,cat
DATA_CLEAN/images/1fa77de1ca936e86.jpg,1786.8927001953125,751.239013671875,3385.2542877197266,1867.6570892333984,0.8663671016693115,cat
DATA_CLEAN/images/1fa77de1ca936e86.jpg,158.8766098022461,835.157299041748,1986.8053436279297,1807.906150817871,0.8144481778144836,cat
DATA_CLEAN/images/1fa8a129ea5628f8.jpg,0.0,13.925779724121094,2456.579168701172,2429.882922363281,0.8364654183387756,cat
DATA_CLEAN/images/1fa8a129ea5628f8.jpg,2598.824935913086,740.3004547119141,3263.8163452148438,2436.965771484375,0.6098527908325195,cat
DATA_CLEAN/images/1fb789a5e628a62c(1).jpg,0.0,24.01714324951172,1131.9647216796875,1100.9841918945312,0.9333804845809937,cat
DATA_CLEAN/images/1fbf0b549afe3297(1).jpg,404.83432998657224,265.70634484291077,801.5447631835937,801.5820877075195,0.8969690799713135,cat
DATA_CLEAN/images/1fc070eb45d5f1c3(1).jpg,115.38650512695312,589.2424011230469,752.5727081298828,1014.2230987548828,0.9310484528541565,cat
DATA_CLEAN/images/1fc070eb45d5f1c3(1).jpg,880.3627777099609,401.5638732910156,1373.3624267578125,1014.0634918212891,0.9178336262702942,cat
DATA_CLEAN/images/1fd703ae713b9cdd.jpg,759.9982624053956,427.4220743179322,1225.1212257385255,801.8909841537476,0.9161005020141602,cat
DATA_CLEAN/images/1fd703ae713b9cdd.jpg,2.6187408685684206,445.38649549484256,478.51319260597234,802.6599700927735,0.8925718069076538,cat
DATA_CLEAN/images/1fe50070e6843a9f(1).jpg,136.13740940093993,284.16652336120603,2274.4887016296384,3431.7754562377927,0.9304525852203369,cat
DATA_CLEAN/images/1fea3f3882b2f2f7.jpg,327.19680428504944,157.74017214775085,1637.2635412216187,1617.1707940101624,0.69432532787323,cat
DATA_CLEAN/images/1fee4d235034f19f(1).jpg,21.28593292236328,421.0325305938721,3184.626244354248,2840.038128662109,0.9502524137496948,cat
DATA_CLEAN/images/20018d7ce28288ad.jpg,464.58740234375,110.33775329589844,1177.8314971923828,1193.4190368652344,0.5373051762580872,cat
DATA_CLEAN/images/2003931ccedbd262.jpg,18.930908203125,50.6828125,1024.0,892.616015625,0.9291501045227051,cat
DATA_CLEAN/images/20043716156884f0(1).jpg,2316.1983123779296,975.8615158081054,4284.177374267578,2410.8610885620114,0.7628509998321533,cat
DATA_CLEAN/images/2006c3a0865d2b57.jpg,572.4597549438477,536.1582946777344,836.7521667480469,934.6944427490234,0.9359886646270752,cat
DATA_CLEAN/images/200884e5513b9990.jpg,810.5376708984375,788.1937316894531,1806.3076904296875,1857.2471466064453,0.6958718299865723,cat
DATA_CLEAN/images/200884e5513b9990.jpg,1453.439923095703,786.217497253418,2550.6161773681642,1754.5959503173829,0.6396628618240356,cat
DATA_CLEAN/images/201e6f49d0138ee4.jpg,7.110365295410157,344.59891204833986,2595.9308532714845,3446.353729248047,0.9410611391067505,cat
DATA_CLEAN/images/202539dabd5bdb0b(1).jpg,81.94395446777344,154.8666000366211,502.0681915283203,899.2620849609375,0.9081682562828064,cat
DATA_CLEAN/images/202b6dd222105884.jpg,,,,,,
DATA_CLEAN/images/202c37f52cd59851.jpg,782.8290149688721,669.6493932724,2025.2635322570802,1732.773800468445,0.7992262840270996,cat
DATA_CLEAN/images/204289cd7a88bd99(1).jpg,597.2784423828125,138.63589477539062,1181.7606201171875,478.650390625,0.8067219257354736,cat
DATA_CLEAN/images/204f772d032c6c62.jpg,1192.2180908203125,1822.505712890625,2274.025259399414,3775.85947265625,0.9344024658203125,cat
DATA_CLEAN/images/2057743b4eddc2ae.jpg,381.600341796875,441.6064453125,730.9070434570312,797.1729736328125,0.38129091262817383,cat
DATA_CLEAN/images/20786150965848d0.jpg,88.20758056640625,124.34039306640625,601.630126953125,515.1612548828125,0.949600338935852,cat
DATA_CLEAN/images/207b4edd4431d695(1).jpg,284.662841796875,1654.07666015625,763.3829345703125,2321.512451171875,0.8487890958786011,cat
DATA_CLEAN/images/207b4edd4431d695(1).jpg,8.624664306640625,0.0,573.2362060546875,944.1815185546875,0.2854214608669281,cat
DATA_CLEAN/images/207b4edd4431d695(1).jpg,1655.52294921875,1056.87451171875,1918.9873046875,2032.9891357421875,0.2561996579170227,cat
DATA_CLEAN/images/207d42bc7d65fee8.jpg,619.74990234375,498.62978515625,1023.047265625,688.531201171875,0.9484661221504211,cat
DATA_CLEAN/images/2081911a148ecf2b(1).jpg,44.092615842819214,118.57108068466187,1007.6753540039062,597.4384582042694,0.9572391510009766,cat
DATA_CLEAN/images/209d5306c8f8c5c9(1).jpg,42.929168295860286,17.475505113601685,1507.6734930992125,2299.7580239295958,0.9349365234375,cat
DATA_CLEAN/images/20aac6c61de230ec(1).jpg,357.53436279296875,535.7071533203125,2117.885009765625,1318.2625732421875,0.9677660465240479,cat
DATA_CLEAN/images/20c624bf3e7791f1.jpg,0.0,20.097882270812985,1822.9816131591795,2153.8316230773926,0.9202721118927002,cat
DATA_CLEAN/images/20c6704a38b4ea8f(1).jpg,2339.7388458251953,229.0660858154297,3873.0030059814453,1415.6436920166016,0.8883095979690552,cat
DATA_CLEAN/images/20c6704a38b4ea8f(1).jpg,770.0112342834473,1193.1556701660156,1855.904769897461,2432.0327758789062,0.8111883401870728,cat
DATA_CLEAN/images/20c88ae55c66e617.jpg,53.32822265625,47.106396484375,1024.0,767.1150390625,0.9111430048942566,cat
DATA_CLEAN/images/20dfe835d491baa1.jpg,908.0684051513672,611.281128692627,1871.5064712524415,1369.9368453979494,0.9435913562774658,cat
DATA_CLEAN/images/20ebed7760f32575(1).jpg,505.0413162231445,461.7068664550781,2606.6648193359374,2174.5278259277343,0.9046437740325928,cat
DATA_CLEAN/images/20efc4e7bede834c.jpg,290.84121093749997,406.78359374999997,1073.41875,930.791455078125,0.9329485893249512,cat
DATA_CLEAN/images/21185774400f82da(1).jpg,1391.4062175750732,120.59628009796143,2730.9938049316406,1508.0192241668701,0.8934547901153564,cat
DATA_CLEAN/images/211f8f8ac4ef34e1.jpg,499.96371231079104,423.03824615478516,2182.652133178711,1943.5244018554688,0.9277422428131104,cat
DATA_CLEAN/images/212b9253d583d642.jpg,0.0,1143.5957153320312,1193.4246368408203,2000.0,0.7904966473579407,cat
DATA_CLEAN/images/212fa13502ca87fd.jpg,321.3252685546875,141.52607421875,492.605126953125,340.576025390625,0.900213360786438,cat
DATA_CLEAN/images/21444d52a864cc78.jpg,549.25830078125,870.003515625,956.25849609375,1403.61826171875,0.8892167806625366,cat
DATA_CLEAN/images/214f613afae932c2.jpg,204.63380432128906,344.4132385253906,625.481201171875,709.0504760742188,0.8675147891044617,cat
DATA_CLEAN/images/214f613afae932c2.jpg,718.4992065429688,544.8084106445312,1046.4178466796875,864.4645385742188,0.7967159152030945,cat
DATA_CLEAN/images/215b84c97e799fb6(1).jpg,2669.107763671875,1147.8197021484375,4608.0,2709.9716308593747,0.9223768711090088,cat
DATA_CLEAN/images/216968d90d79f746.jpg,288.4786743164062,417.20229492187497,3041.822021484375,4602.345117187499,0.9256536960601807,cat
DATA_CLEAN/images/216aaecf09201ada(1).jpg,130.98824093341827,126.2774893283844,827.2526744842529,567.952531528473,0.9515137672424316,cat
DATA_CLEAN/images/21798aab0225cb13.jpg,2199.4863052368164,1040.6129837036133,2881.6007080078125,1904.5647811889648,0.9503235220909119,cat
DATA_CLEAN/images/21a6be24b8457c61.jpg,910.1765181541442,245.607049870491,2047.5876309871671,2642.2503250122068,0.9093493223190308,cat
DATA_CLEAN/images/21af0598d45e5801.jpg,0.0,873.4108325958252,3037.4686889648438,2645.7659591674806,0.9611340165138245,cat
DATA_CLEAN/images/21c4e95729e989ed.jpg,801.9242874145508,2851.266732406616,2089.5599749565126,3842.0,0.8607242107391357,cat
DATA_CLEAN/images/21ca532f4b40ab2e(1).jpg,467.4059665203094,288.5205638408661,661.0751771926879,716.1395800113677,0.7822800278663635,cat
DATA_CLEAN/images/21cb23c1724418f3.jpg,74.64541540145875,549.4609176635743,925.186501121521,1352.1692710876466,0.9494943022727966,cat
DATA_CLEAN/images/21d5e4d371b0f37e.jpg,804.2899688720703,333.92194747924805,3872.0,2587.3720092773438,0.935767412185669,cat
DATA_CLEAN/images/21e00f2c99a5d982.jpg,11.379736328125,399.1983642578125,709.2818359375,1019.88154296875,0.9480419158935547,cat
DATA_CLEAN/images/21e64b1fc1d52da5(1).jpg,681.1456777095794,718.8693152189254,2398.902308607101,1818.3903854370117,0.8072853088378906,cat
DATA_CLEAN/images/21f2810aa2686fda.jpg,2671.4661155700683,890.4648925781249,4908.926533508301,2720.8631538391114,0.9485719203948975,cat
DATA_CLEAN/images/21fe8c9a6b6fdd8d.jpg,177.97842121124268,76.57149052619934,1587.9684937477114,1058.3740728378295,0.872395932674408,cat
DATA_CLEAN/images/21fe8c9a6b6fdd8d.jpg,171.0710716724396,81.94178395271302,1585.641665840149,1057.4525047302247,0.8064192533493042,cat
DATA_CLEAN/images/21feb63991c5df33(1).jpg,22.23404541015625,203.1413787841797,3092.0651214599607,2579.9428131103514,0.9384573698043823,cat
DATA_CLEAN/images/21fff83bc2110aa4.jpg,1169.3776489257814,491.6160858154297,1738.1989532470704,1345.2360321044923,0.8634352684020996,cat
DATA_CLEAN/images/21fff83bc2110aa4.jpg,381.1700408935547,1358.1291900634767,2848.0,2126.4209838867187,0.7943276166915894,cat
DATA_CLEAN/images/21fff83bc2110aa4.jpg,1167.6393676757814,491.73600006103516,1741.7140838623047,1342.280274963379,0.3373366594314575,cat
DATA_CLEAN/images/2204662f712a993b(1).jpg,0.0,0.0,2031.0987304687499,1347.9007324218749,0.8135735988616943,cat
DATA_CLEAN/images/222d05511ff49139.jpg,1181.2956024169923,993.8412185668946,2760.2702270507816,1589.981497192383,0.939224123954773,cat
DATA_CLEAN/images/223ad3bf084a3be4.jpg,157.6258955001831,987.1539410591125,4384.570701026916,2326.8419731140134,0.9391840696334839,cat
DATA_CLEAN/images/223c9df35c39c6b4(1).jpg,1092.8837493896485,736.2397705078125,2282.181427001953,1575.3428421020508,0.8002537488937378,cat
DATA_CLEAN/images/223c9df35c39c6b4(1).jpg,43.09966049194336,720.1534790039063,1691.5955657958984,1634.6818679809571,0.7796667218208313,cat
DATA_CLEAN/images/22523a6ce9e6beb2.jpg,505.8528259277344,856.1555740356446,1633.0950805664063,2678.334539794922,0.9313749074935913,cat
DATA_CLEAN/images/225e71c2f39dfc82.jpg,106.06024932861328,554.5224334716797,2454.193524169922,1700.5798095703126,0.9298751354217529,cat
DATA_CLEAN/images/2263cc20ac76045a.jpg,381.095556640625,224.7236328125,1576.715625,973.77373046875,0.943774938583374,cat
DATA_CLEAN/images/226703f97d26058e.jpg,772.4233520507812,384.74725341796875,1319.1296264648438,910.9193115234375,0.9458941221237183,cat
DATA_CLEAN/images/226a862f70321da4.jpg,0.0,788.7610710144043,2571.6505950927735,2043.2164924621582,0.7945778965950012,cat
DATA_CLEAN/images/226fcd1c3287fbf8.jpg,575.816748046875,247.7564453125,1477.653125,1536.0,0.9416400790214539,cat
DATA_CLEAN/images/2275c6191141af42.jpg,1.9104108810424805,205.2226985692978,458.12627148628235,449.1925456523895,0.9257118701934814,cat
DATA_CLEAN/images/22762cc6bb28b23a.jpg,347.439697265625,640.1635986328125,1601.448486328125,3058.2005859375,0.9016615152359009,cat
DATA_CLEAN/images/2276a758ee79807e.jpg,342.9168753147125,798.8918598175048,951.6096907138824,1103.101939201355,0.8931787014007568,cat
DATA_CLEAN/images/2283fb13d92ed52e(1).jpg,417.04163436889644,422.1727645874023,2236.80139465332,1251.6248260498046,0.9164855480194092,cat
DATA_CLEAN/images/22af7303fa42aee6.jpg,104.455419921875,44.0697998046875,935.0015625,638.18486328125,0.9548218846321106,cat
DATA_CLEAN/images/22b9c8ee6310a1e8(1).jpg,1433.192138671875,0.0,3264.0,2011.5453369140625,0.8747988939285278,cat
DATA_CLEAN/images/22cd43828cb4bb64(1).jpg,734.511047744751,1120.9726272583007,3765.559634399414,2219.4032775878904,0.9552005529403687,cat
DATA_CLEAN/images/22d5099433528198.jpg,0.0,910.9907684326172,2185.889758300781,2442.5121459960938,0.9245555996894836,cat
DATA_CLEAN/images/22d75b20d4b11454.jpg,349.96347427368164,205.0581932067871,691.9656276702881,622.4180221557617,0.4677835702896118,cat
DATA_CLEAN/images/22d7c0e381224395.jpg,630.390941619873,1.3433670043945314,2539.4691467285156,1297.5864807128908,0.8516026139259338,cat
DATA_CLEAN/images/22d7c0e381224395.jpg,155.04400634765625,675.6090408325196,2592.0,1926.011315917969,0.6683598756790161,cat
DATA_CLEAN/images/22e308c4aa16631a(1).jpg,0.217529296875,559.8398254394532,2573.777801513672,2289.6098876953124,0.9378039240837097,cat
DATA_CLEAN/images/22e5bbd57a9b108a.jpg,0.0,82.3348388671875,814.2139892578125,957.130615234375,0.934016227722168,cat
DATA_CLEAN/images/22e5dffe12897d2b(1).jpg,341.312744140625,176.671142578125,1083.932373046875,762.94677734375,0.8798421621322632,cat
DATA_CLEAN/images/230781893a4d1874.jpg,201.94015502929688,137.48252868652344,1597.274169921875,1176.3233947753906,0.8230848908424377,cat
DATA_CLEAN/images/230cd3ab76bbcd59(1).jpg,121.99317626953125,18.35026466846466,1164.814210510254,1069.2607944488525,0.8324445486068726,cat
DATA_CLEAN/images/2328af57de528efe(1).jpg,366.91241455078125,163.023681640625,778.2979736328125,754.0045776367188,0.8996590375900269,cat
DATA_CLEAN/images/232fad1cba59e207(1).jpg,2213.002372741699,193.04314041137695,4098.111877441406,1597.3095932006836,0.8244532346725464,cat
DATA_CLEAN/images/232fad1cba59e207(1).jpg,75.49543762207031,266.32744216918945,2504.0316467285156,2067.6923904418945,0.7596908807754517,cat
DATA_CLEAN/images/232fad1cba59e207(1).jpg,3133.960235595703,826.3966827392578,4320.0,2432.0,0.42454737424850464,cat
DATA_CLEAN/images/2334b1cbcebcacec.jpg,1942.4241593360903,534.4898248672486,2474.8111074447634,1031.3433999061585,0.8951942920684814,cat
DATA_CLEAN/images/2339d833e5768c15.jpg,762.1426895141601,458.35471801757814,2663.3785034179687,1799.9015625,0.933340311050415,cat
DATA_CLEAN/images/233e4a5d6c37265e.jpg,947.88544921875,451.893603515625,2600.279296875,2160.2941406249997,0.7249534726142883,cat
DATA_CLEAN/images/2348257c71aaf11b.jpg,385.7620056152344,288.8561645507813,2561.7683715820312,1822.5526519775392,0.9369992017745972,cat
DATA_CLEAN/images/234e5454b17ec157(1).jpg,175.44183654785155,753.8546447753906,1693.53369140625,2304.5733947753906,0.932168185710907,cat
DATA_CLEAN/images/234e5454b17ec157(1).jpg,1869.1769256591797,485.1829467773438,3016.06728515625,1187.4175231933593,0.9226170182228088,cat
DATA_CLEAN/images/2353c4d5368952f1(1).jpg,1141.8624069213868,478.6365543365478,4097.458566284179,2891.0352584838865,0.6756247878074646,cat
DATA_CLEAN/images/235b654aa63d88b4.jpg,549.6662109375,161.5718505859375,805.853759765625,673.04892578125,0.30912166833877563,cat
DATA_CLEAN/images/235ec2d3a3939561(1).jpg,706.10546875,473.8944091796875,1729.99365234375,1517.745361328125,0.880090594291687,cat
DATA_CLEAN/images/238429dd6bac41e0(1).jpg,1029.8541015625,28.33681640625,1528.0466796875,685.3798828125,0.7762447595596313,cat
DATA_CLEAN/images/238b16bd3ee3521b.jpg,48.99406433105469,150.25226593017578,1289.7872924804688,1067.2720336914062,0.834951639175415,cat
DATA_CLEAN/images/238f415a2ccc103c(1).jpg,20.190234375,712.83046875,967.7404296875,1993.6453125,0.7723860740661621,cat
DATA_CLEAN/images/23953ba064480240.jpg,0.0,84.70641875267029,1831.9876878738403,1916.3389104843138,0.7345122694969177,cat
DATA_CLEAN/images/2395e671dff18a63.jpg,1124.7791015625,103.69755859375,2048.0,1417.539453125,0.9318426847457886,cat
DATA_CLEAN/images/2395e671dff18a63.jpg,0.0,643.01875,1267.705859375,1223.4333984375,0.5336218476295471,cat
DATA_CLEAN/images/239848250e50235c.jpg,553.4337381362916,314.0767127990723,798.2189376831055,636.8106740951539,0.9135717153549194,cat
DATA_CLEAN/images/23a3c247a8254519(1).jpg,715.0173187255859,182.48374938964844,1513.8926696777344,799.4743347167969,0.9334798455238342,cat
DATA_CLEAN/images/23b9aa6680f93cc6.jpg,950.97763671875,573.016796875,1997.359375,1067.81455078125,0.920161247253418,cat
DATA_CLEAN/images/23b9aa6680f93cc6.jpg,108.2171142578125,710.51982421875,617.285205078125,1027.139453125,0.9192964434623718,cat
DATA_CLEAN/images/23bd7f4abe41c98f.jpg,363.5181118011475,382.62745971679686,2039.2970626831054,1940.1899185180664,0.8222410082817078,cat
DATA_CLEAN/images/23c01c89e56cffc0(1).jpg,466.41958236694336,244.99929428100586,814.7838592529297,760.2411460876465,0.8890269994735718,cat
DATA_CLEAN/images/23c221023eae8c74.jpg,503.7188707351685,149.04419565200806,1765.891343688965,1304.7095012664795,0.9212779998779297,cat
DATA_CLEAN/images/23e28498bf4402c1.jpg,420.07383594512936,196.731597328186,1786.2018234252928,1038.5254611968994,0.874536395072937,cat
DATA_CLEAN/images/23e28498bf4402c1.jpg,417.7639026641845,201.1469479560852,1179.6604663848875,1035.1337224960325,0.26506558060646057,cat
DATA_CLEAN/images/23ea4f4288b1e2d3(1).jpg,0.0,173.4382411956787,640.0,1102.057241821289,0.8518861532211304,cat
DATA_CLEAN/images/23ea4f4288b1e2d3(1).jpg,444.3803070068359,2.975270080566406,638.9437187194824,390.7461967468262,0.28176188468933105,cat
DATA_CLEAN/images/23f182d68f4c80cf.jpg,5.280059814453125,911.9785766601562,749.376220703125,1587.856201171875,0.9311122298240662,cat
DATA_CLEAN/images/23f182d68f4c80cf.jpg,813.254150390625,1421.2928466796875,1907.75244140625,2380.0947265625,0.7607786655426025,cat
DATA_CLEAN/images/23f4a2baac822003.jpg,0.0,271.344677734375,1329.1939453125,1531.7244140625,0.7903389930725098,cat
DATA_CLEAN/images/23f4a2baac822003.jpg,0.0,275.72802734375,1326.7671875,1534.059765625,0.26397985219955444,cat
DATA_CLEAN/images/23f7e245f8bcdf03.jpg,77.16773986816406,60.77639579772949,914.2486953735352,1079.8808670043945,0.8209992051124573,cat
DATA_CLEAN/images/23f7ee6c10faaad6.jpg,683.7336006402969,132.41428952217103,2914.619946861267,1926.6414532661438,0.9229817390441895,cat
DATA_CLEAN/images/23fcf74e80f6174e(1).jpg,17.67601490020752,47.0514178276062,855.8364200592041,646.6242027282715,0.8157709836959839,cat
DATA_CLEAN/images/23fd78e030f763a8(1).jpg,410.2355194091797,359.90779876708984,1282.1157836914062,963.6654663085938,0.9533486366271973,cat
DATA_CLEAN/images/2401c86768d83888(1).jpg,449.28076171875,814.5297622680664,4048.7549438476562,2181.7513427734375,0.9461072683334351,cat
DATA_CLEAN/images/2402848c38873d85.jpg,1093.2986342430115,818.6941163539886,2884.089548110962,1776.8568698883055,0.9221814870834351,cat
DATA_CLEAN/images/2408ddaad92a1ba9.jpg,570.8966789245605,783.8637313842773,2110.6223739624024,2576.604981994629,0.5474170446395874,cat
DATA_CLEAN/images/240df22ba16d0157(1).jpg,357.26055908203125,445.65155029296875,872.8162841796875,1200.7808837890625,0.9218307733535767,cat
DATA_CLEAN/images/241999b8ec88956d.jpg,2164.8089212417603,585.1597230434418,5558.0,3059.5415150642393,0.93355792760849,cat
DATA_CLEAN/images/24371e8e9f6ab9eb.jpg,371.0199956893921,313.6611533164978,2330.0,1543.5845584869385,0.9488642811775208,cat
DATA_CLEAN/images/243c04548fb27d66.jpg,164.259765625,849.48349609375,778.73671875,1506.56904296875,0.9238118529319763,cat
DATA_CLEAN/images/243c04548fb27d66.jpg,775.51708984375,1032.949609375,1047.80712890625,1453.0966796875,0.8956553339958191,cat
DATA_CLEAN/images/2445f926b4f91baf.jpg,733.8748260498047,10.443621826171876,3648.0,1637.459115600586,0.9270541667938232,cat
DATA_CLEAN/images/24513d3829af41f6(1).jpg,963.4989715576172,594.6912322998047,1588.2082580566407,1419.84140625,0.9279178380966187,cat
DATA_CLEAN/images/245ff7c3ba90a2a6.jpg,1602.4413757324219,924.1688598632813,3648.0,1896.6569091796875,0.8310288190841675,cat
DATA_CLEAN/images/245ff7c3ba90a2a6.jpg,343.4775329589844,1943.1035247802736,478.79652099609376,2190.780075073242,0.3474092185497284,cat
DATA_CLEAN/images/2466f19ebc66ecc8.jpg,1640.3682815551758,808.4568397521973,2468.197526550293,2220.21301574707,0.574141800403595,cat
DATA_CLEAN/images/2466f19ebc66ecc8.jpg,923.048399734497,814.590609741211,1806.9494979858398,2334.1470748901365,0.4803321659564972,cat
DATA_CLEAN/images/2467e4330ec685ba.jpg,130.03422617912292,82.28712518215178,3212.2263427734374,2274.3083806991576,0.9014089107513428,cat
DATA_CLEAN/images/249555e5e574bafa.jpg,5.58050537109375,43.51287841796875,640.0,633.0811767578125,0.8900015354156494,cat
DATA_CLEAN/images/24a087f94e0b2bd9.jpg,2272.0745759010315,1370.694585800171,2820.7859015464783,2089.6078577041626,0.7498648762702942,cat
DATA_CLEAN/images/24a087f94e0b2bd9.jpg,1908.1961778402328,1028.227611064911,2513.899955034256,1800.4395968914032,0.7479313611984253,cat
DATA_CLEAN/images/24b80385c672a486(1).jpg,1031.7985961914062,748.4722747802734,1730.387014770508,1375.0015808105468,0.9214913845062256,cat
DATA_CLEAN/images/24b8df32603b19fe(1).jpg,974.6529785156249,2469.69931640625,2537.364990234375,4035.6193359374997,0.9092390537261963,cat
DATA_CLEAN/images/24ba55e676e9b060(1).jpg,1675.1788818359375,627.0140319824219,2699.1827392578125,1200.0836181640625,0.7380988597869873,cat
DATA_CLEAN/images/24c92bca20a29cea(1).jpg,534.3402862548828,176.86370849609375,1597.9713439941406,1200.0,0.9137529134750366,cat
DATA_CLEAN/images/24ca90ab5ec55ab4.jpg,0.0,448.7110137939453,2621.221325683594,1864.8832061767578,0.9415521621704102,cat
DATA_CLEAN/images/24d46d2f7395934a(1).jpg,654.0374267578125,133.42692260742186,1781.6819458007812,1460.3933715820312,0.9454823136329651,cat
DATA_CLEAN/images/24d5aa16d00caf12.jpg,198.95909271240237,139.1170612335205,579.2817535400391,896.2376358032227,0.8852629661560059,cat
DATA_CLEAN/images/24d5aa16d00caf12.jpg,441.5936496734619,209.83070640563966,1223.1933151245119,924.4584777832032,0.8417065739631653,cat
DATA_CLEAN/images/24ff1412f5da5ed3.jpg,982.6839065551758,171.5077304840088,2732.921028137207,1992.084846496582,0.9575915336608887,cat
DATA_CLEAN/images/251cb1251395e640(1).jpg,894.7241592407227,33.327369689941406,3600.0,1881.2432098388672,0.9348371028900146,cat
DATA_CLEAN/images/2525f807a406cfd0.jpg,287.47790908813477,31.61587142944336,1050.2604904174805,909.7117080688477,0.8847954273223877,cat
DATA_CLEAN/images/252689c31bde1787.jpg,715.8835395812988,890.8462463378906,3039.447381591797,1954.2815963745118,0.9521317481994629,cat
DATA_CLEAN/images/25291b7f5345f71d.jpg,728.5640625,120.55209960937499,3072.0,2183.75859375,0.9078969955444336,cat
DATA_CLEAN/images/25318d02205831f0.jpg,5.5863162040710455,33.48222074508667,2436.1085172653197,2712.3356750488283,0.9406013488769531,cat
DATA_CLEAN/images/2538e3b03fad358b(1).jpg,420.98252573013303,746.4449070930481,669.7686834335327,1066.4010125160216,0.9368703365325928,cat
DATA_CLEAN/images/2538e3b03fad358b(1).jpg,907.869744682312,717.1324436187743,1521.5010561943054,1191.2075589179992,0.9250718951225281,cat
DATA_CLEAN/images/2538e6f08b8bba0a.jpg,241.73491125106813,427.0730662584305,906.5110445499421,1401.5955099105836,0.900448203086853,cat
DATA_CLEAN/images/256c41f23e4b1edd(1).jpg,46.88575744628906,18.296890258789062,727.2000885009766,760.6215667724609,0.6325132846832275,cat
DATA_CLEAN/images/2574278a3406efa9.jpg,125.7059097290039,173.77601623535156,1355.7276916503906,1015.5909729003906,0.8577284812927246,cat
DATA_CLEAN/images/257b4868059c99a4(1).jpg,1195.3077896118164,1009.3474937438965,3628.9945404052733,2582.954365539551,0.9605048894882202,cat
DATA_CLEAN/images/257b60f9af33c113.jpg,164.04513778686524,178.81505527496338,1618.1698585510255,937.8093871593476,0.9548532366752625,cat
DATA_CLEAN/images/257fefa388670ba6.jpg,1348.94619140625,1096.6986328125,1952.21162109375,1588.1289550781248,0.6687667965888977,cat
DATA_CLEAN/images/258c118a18051ba1.jpg,1243.468899536133,1225.536492919922,2295.333709716797,1913.7949035644533,0.9001649618148804,cat
DATA_CLEAN/images/258c118a18051ba1.jpg,187.34002075195315,188.36603393554688,3070.3970214843753,1705.3631103515627,0.8621575236320496,cat
DATA_CLEAN/images/258d37a7b06fbbbc(1).jpg,1242.8949645996095,623.576399230957,2560.2045135498047,1678.4957885742188,0.4988642930984497,cat
DATA_CLEAN/images/259ddf3bf93b8ddb.jpg,115.8587646484375,102.91299438476562,1170.2347412109375,883.206298828125,0.9430569410324097,cat
DATA_CLEAN/images/259ef99b7ab7d2da.jpg,261.1146240234375,597.7005004882812,1572.99560546875,2396.776611328125,0.8577286005020142,cat
DATA_CLEAN/images/25b3d9c4843b2d86.jpg,1185.0324189662933,362.14980602264404,2231.5757608413696,2387.594904899597,0.8494845628738403,cat
DATA_CLEAN/images/25b9ffc0f7bdf19e.jpg,561.932861328125,160.758984375,1913.377734375,1332.9578125,0.8812911510467529,cat
DATA_CLEAN/images/25bc26ae78e01646(1).jpg,241.2490683555603,147.39720935821532,648.3990085601806,811.3872303009033,0.549332857131958,cat
DATA_CLEAN/images/25bf8c5555bdcdbf.jpg,146.9439239501953,174.80799865722656,1127.1806030273438,1708.4249267578125,0.9495350122451782,cat
DATA_CLEAN/images/25d7b8299372a72d.jpg,45.08017158508301,883.5706987380981,2200.3570804595947,1496.1166019439697,0.8901995420455933,cat
DATA_CLEAN/images/25ed9a6969fe4aaa(1).jpg,646.3243446350098,838.3481460571289,2589.244793701172,1981.341561126709,0.939137876033783,cat
DATA_CLEAN/images/26054840b85d9cd6.jpg,873.72138671875,432.035986328125,1501.47705078125,976.36328125,0.9119306802749634,cat
DATA_CLEAN/images/261dbd5adcfaba0d.jpg,271.7963321685791,312.3597702026367,2440.3802444458006,4108.499166870117,0.9037930369377136,cat
DATA_CLEAN/images/262b5d464cd9f985(1).jpg,391.3414936065674,104.19298553466797,1531.3212432861328,1132.7169799804688,0.45562824606895447,cat
DATA_CLEAN/images/262b5d464cd9f985(1).jpg,384.637601852417,99.75456619262695,1532.7079238891602,1136.9073028564453,0.4506933391094208,cat
DATA_CLEAN/images/262ed8e2f8c8ae3c.jpg,263.2990966796875,8.81162109375,911.9703125,557.35908203125,0.9489696621894836,cat
DATA_CLEAN/images/263149151b310b9f.jpg,675.9789916992188,0.0,1927.167672729492,1840.9147552490235,0.9254920482635498,cat
DATA_CLEAN/images/263f88e6fecc196d.jpg,343.8216239690781,1005.8982716560364,870.261050248146,1455.0190027713775,0.7845442295074463,cat
DATA_CLEAN/images/264d5343b6417d83.jpg,0.0,520.8405029296874,1190.5398193359374,1829.0091796875,0.8932284116744995,cat
DATA_CLEAN/images/264dca5535d7479e(1).jpg,0.0,0.248748779296875,1484.194091796875,2449.8597564697266,0.9090536832809448,cat
DATA_CLEAN/images/264dca5535d7479e(1).jpg,1171.7437362670898,666.0674743652344,3040.0,2453.841766357422,0.7028937339782715,cat
DATA_CLEAN/images/2655edab4a381cca.jpg,154.58734130859375,133.52243041992188,664.2073364257812,836.395263671875,0.9018019437789917,cat
DATA_CLEAN/images/2661d7d874b7e63b.jpg,0.0,800.8828033447267,4683.447290039063,3427.370837402344,0.801734209060669,cat
DATA_CLEAN/images/26653d26e91e1f6b.jpg,0.0,239.611759185791,3356.0388278961177,2590.9249877929683,0.620170533657074,cat
DATA_CLEAN/images/26653d26e91e1f6b.jpg,1089.1621112823486,246.80711746215817,3434.8535156249995,2473.6211013793945,0.35556620359420776,cat
DATA_CLEAN/images/2667e0cd7800280d.jpg,771.2422126770019,204.9387222290039,2196.2314208984376,1217.3651809692383,0.940186619758606,cat
DATA_CLEAN/images/267306abd9b60ec1.jpg,374.83612060546875,74.53571319580078,817.7715454101562,346.7599182128906,0.6641005873680115,cat
DATA_CLEAN/images/267306abd9b60ec1.jpg,372.50328826904297,73.80253601074219,946.1694946289062,346.6266174316406,0.605213463306427,cat
DATA_CLEAN/images/267306abd9b60ec1.jpg,0.5817489624023438,254.21804809570312,272.58599853515625,531.4703063964844,0.4519757926464081,cat
DATA_CLEAN/images/2673f0b41e85ad57(1).jpg,1094.1451713562012,680.7615882873536,1798.662316131592,1738.0419219970704,0.889045238494873,cat
DATA_CLEAN/images/267b2bbf8b6ad324.jpg,340.35655975341797,162.74625778198242,855.6588935852051,587.3707008361816,0.9200509786605835,cat
DATA_CLEAN/images/2680a2f841eef0ae.jpg,1742.6494079589845,424.17711639404297,3186.575537109375,1748.2429504394531,0.8520470857620239,cat
DATA_CLEAN/images/2680a2f841eef0ae.jpg,509.76952743530273,1284.2377624511719,1473.4936614990236,1862.161541748047,0.7192292809486389,cat
DATA_CLEAN/images/268e2147dcf3daa8.jpg,1227.5537200927733,908.0980499267579,3018.0656982421874,1882.046923828125,0.9362542033195496,cat
DATA_CLEAN/images/269c1e7e836c44a9(1).jpg,132.98027343750002,103.93792877197266,3338.1960205078126,1669.2214416503907,0.933335542678833,cat
DATA_CLEAN/images/269fce50a948f788(1).jpg,0.0,17.982761764526366,3341.1569732666017,2192.1306787490844,0.9267078638076782,cat
DATA_CLEAN/images/26a79c5cdc3e203e.jpg,102.64781951904297,688.9970397949219,1042.0245361328125,1245.68115234375,0.9251788258552551,cat
DATA_CLEAN/images/26ab64ff7615533f(1).jpg,608.6771850585938,718.9885711669922,713.5570678710938,930.1029510498047,0.49707332253456116,cat
DATA_CLEAN/images/26ab89906dc138f9.jpg,73.72686767578125,135.8197021484375,688.27001953125,1225.7515869140625,0.27603989839553833,cat
DATA_CLEAN/images/26b2f7e7472b4054(1).jpg,246.01970214843752,329.7136871337891,3012.421179199219,2243.4561035156253,0.9485739469528198,cat
DATA_CLEAN/images/26cd62d0afecd8ba(1).jpg,2846.737861633301,715.6013488769531,3386.446762084961,1249.8756408691406,0.33799493312835693,cat
DATA_CLEAN/images/26d54663d763201a.jpg,297.63335132598877,127.8085708618164,741.024320602417,534.5128955841064,0.9257203340530396,cat
DATA_CLEAN/images/26d8145a6b2e61e6.jpg,433.9353824615478,56.61859130859375,1224.0,1089.0,0.9255890250205994,cat
DATA_CLEAN/images/26d97efdaabe0db6(1).jpg,1717.4170955657958,811.6943285942077,2896.524461364746,2106.9559166908266,0.8788522481918335,cat
DATA_CLEAN/images/26e5b53600881724.jpg,568.82529296875,154.948828125,1971.4908203125,1524.5966796875,0.8553402423858643,cat
DATA_CLEAN/images/26ee508e215bd02a(1).jpg,625.4577392578125,408.882861328125,2607.5267578125,2046.641015625,0.7366995811462402,cat
DATA_CLEAN/images/26f5d68ad951b45b.jpg,63.221954345703125,223.966796875,854.376220703125,1154.4659423828125,0.9289779663085938,cat
DATA_CLEAN/images/26f64041f65a474f.jpg,123.06558837890626,226.10907440185548,3642.602673339844,2549.045983886719,0.8519918322563171,cat
DATA_CLEAN/images/270f1ef92623ad33.jpg,46.12928409576416,11.946207332611085,924.0,700.8364677429199,0.9334458112716675,cat
DATA_CLEAN/images/2711c00f675a5ba0(1).jpg,810.1718069076538,343.0383752346039,1919.4424713134765,1934.0,0.8784596920013428,cat
DATA_CLEAN/images/271715fdd21f004a(1).jpg,1.5904525756835939,1143.7886352539062,2170.863385009766,2093.0458129882813,0.8787076473236084,cat
DATA_CLEAN/images/271cc231a3ae6fd9.jpg,1295.5092407226564,410.2577819824219,2963.6860473632814,2304.0,0.8671751618385315,cat
DATA_CLEAN/images/271d0009fb5ca152.jpg,283.68862652778625,224.89458761215212,1541.281378555298,722.8954542160035,0.9533730745315552,cat
DATA_CLEAN/images/27281e85acf04ffe.jpg,121.48275554180145,309.94515924453736,289.59851560592654,433.0018501281738,0.8605784177780151,cat
DATA_CLEAN/images/27281e85acf04ffe.jpg,125.98988882303237,310.54830265045166,283.89547698497773,430.57175703048705,0.4142508804798126,cat
DATA_CLEAN/images/2735cec3ac51ce7d.jpg,8.72900390625,36.1329833984375,907.5462890625,768.0,0.9497992396354675,cat
DATA_CLEAN/images/27382546fdc6d2a3(1).jpg,778.5252685546875,539.1964477539062,1865.614099121094,2101.83896484375,0.9263315796852112,cat
DATA_CLEAN/images/273f98533bd32b0b(1).jpg,389.9713897705078,588.5052490234375,906.142578125,1014.0174865722656,0.9210612773895264,cat
DATA_CLEAN/images/275b004e02fefb6e.jpg,210.1107938528061,144.71115703582763,2915.939925670624,3862.847419166565,0.9244694709777832,cat
DATA_CLEAN/images/2764cf2ad2bbfe69(1).jpg,301.9805603027344,161.62034606933594,393.9648132324219,269.8384704589844,0.2774718403816223,cat
DATA_CLEAN/images/2764cf2ad2bbfe69(1).jpg,301.29058837890625,51.7279052734375,480.8221740722656,270.3114929199219,0.2683087885379791,cat
DATA_CLEAN/images/276d1885e65cae57.jpg,1825.5908935546877,1325.0913299560548,3019.1862579345707,2325.2294860839843,0.9383946061134338,cat
DATA_CLEAN/images/2789ee9555435b8f.jpg,522.5917114257812,626.28564453125,1918.6102783203125,1336.7262573242188,0.9182778000831604,cat
DATA_CLEAN/images/2789ee9555435b8f.jpg,1365.0963745117188,447.32435913085936,2539.4832031250003,1138.840661621094,0.8929225206375122,cat
DATA_CLEAN/images/278faf2e443fd7de.jpg,0.05133056640625,13.954345703125,640.0,640.0,0.9390289187431335,cat
DATA_CLEAN/images/279b5f19b42e6972.jpg,1484.311580657959,1013.3142471313475,3945.481395721435,3255.4527282714844,0.931979775428772,cat
DATA_CLEAN/images/27a7684c33d1f376(1).jpg,520.08916015625,424.552685546875,835.18828125,497.252587890625,0.5477174520492554,cat
DATA_CLEAN/images/27bccb67f54e4a8d.jpg,584.755746459961,547.8562316894531,3022.06376953125,1944.4886169433594,0.9290779232978821,cat
DATA_CLEAN/images/27bee6e6c68e8fd3.jpg,77.52679443359375,50.271240234375,1280.0,960.0,0.937451183795929,cat
DATA_CLEAN/images/27c0080b4572f833.jpg,509.40347185134885,488.1905828475952,951.225478363037,756.3471971511841,0.9030047655105591,cat
DATA_CLEAN/images/27c7b0284611e8bc.jpg,76.45783996582031,91.38671875,377.9859619140625,632.323486328125,0.892082691192627,cat
DATA_CLEAN/images/27cbc637936b455f.jpg,526.3519020080566,667.890909576416,1929.6632995605469,2848.0,0.5651069283485413,cat
DATA_CLEAN/images/27d36a19a82a3df7(1).jpg,711.221418762207,0.0,4113.414987182617,1890.8010040283202,0.8679783344268799,cat
DATA_CLEAN/images/27db29b15423f09f.jpg,1331.15888671875,959.156689453125,1637.676708984375,1251.019921875,0.4979894161224365,cat
DATA_CLEAN/images/27e74ca854a8fa89.jpg,32.484968304634094,80.72863340377806,390.750081539154,784.5907044410704,0.8925222158432007,cat
DATA_CLEAN/images/27f252a476f25608(1).jpg,1.40704345703125,0.0,635.3140869140625,632.220458984375,0.9053325653076172,cat
DATA_CLEAN/images/27f3b67aada6fbb2(1).jpg,0.0,456.0324188232422,3028.406396484375,2000.733984375,0.9433457851409912,cat
DATA_CLEAN/images/27fb9126c3e81799.jpg,0.0,0.0,1920.8961700439454,1325.1441934585573,0.9389365911483765,cat
DATA_CLEAN/images/280fcfeb0d043f78(1).jpg,309.6289855957031,231.23304882049558,512.9389485359192,631.0793682575226,0.9061886072158813,cat
DATA_CLEAN/images/281144aa5852f4b3.jpg,144.60019483566282,184.60001349449155,634.3537150382995,727.6987697124481,0.9368879795074463,cat
DATA_CLEAN/images/28430029a0da36f7(1).jpg,1316.3500732421876,687.863623046875,2612.3821044921874,2106.4736816406253,0.9366352558135986,cat
DATA_CLEAN/images/284b8e7c704ceefc.jpg,1.541455078125,405.34930114746095,3185.9579223632813,2433.842706298828,0.8785384893417358,cat
DATA_CLEAN/images/284ba57192d7e7a2.jpg,1164.8581787109374,700.93212890625,2049.46669921875,1738.210400390625,0.8793061971664429,cat
DATA_CLEAN/images/2850487383ea935f.jpg,7.02880859375,106.55029296875,2368.20361328125,1850.632568359375,0.9184482097625732,cat
DATA_CLEAN/images/28521e3918c83b9d(1).jpg,559.9368476867676,1265.3093338012695,1325.528335571289,2010.8740615844727,0.9011789560317993,cat
DATA_CLEAN/images/28521e3918c83b9d(1).jpg,629.6456527709961,855.7686519622803,1254.4248390197754,1340.7559204101562,0.8041781187057495,cat
DATA_CLEAN/images/28521e3918c83b9d(1).jpg,683.9406204223633,426.5979480743408,1238.036880493164,733.1751251220703,0.3016971945762634,cat
DATA_CLEAN/images/28521e3918c83b9d(1).jpg,663.6942291259766,119.96356010437012,1133.9055252075195,492.51471042633057,0.2978176474571228,cat
DATA_CLEAN/images/286ede89f8f35087.jpg,1145.931852722168,98.83460083007813,2169.313824462891,1464.1591369628907,0.8990522623062134,cat
DATA_CLEAN/images/287028b6c6aeb474.jpg,1949.6920623779297,686.9742874145509,3140.2950439453125,1746.7786376953127,0.9193016886711121,cat
DATA_CLEAN/images/2878048b009d331a.jpg,1024.8301757812499,493.25877685546874,3494.830078125,3141.6143554687496,0.9434447884559631,cat
DATA_CLEAN/images/2884e90090f3f7bf.jpg,281.4866180419922,0.0,5184.0,3258.0929992675783,0.4246498942375183,cat
DATA_CLEAN/images/2884e90090f3f7bf.jpg,233.65167846679688,0.0,5184.0,3222.1675415039062,0.3494979739189148,cat
DATA_CLEAN/images/289834597d8e4c0b.jpg,221.22372436523438,40.33119201660156,471.27276611328125,357.2615051269531,0.7280080914497375,cat
DATA_CLEAN/images/289e0c4a9f322baa.jpg,822.2833259582519,35.62004776000976,1836.4717346191405,1173.45534324646,0.8274635076522827,cat
DATA_CLEAN/images/289e0c4a9f322baa.jpg,280.49510049819946,99.97265186309814,847.1600589752197,1030.6183586120605,0.6388899087905884,cat
DATA_CLEAN/images/28af86f5d014d58c.jpg,396.0359995365143,640.1569547653198,1925.1196632385254,1671.6307682991028,0.9203355312347412,cat
DATA_CLEAN/images/28bfb80539db863f.jpg,872.7758651733399,394.71016387939454,2591.375555419922,2152.554235839844,0.94361412525177,cat
DATA_CLEAN/images/28d648693534f812(1).jpg,605.4992431640625,220.2440574645996,3353.964318847656,2587.914825439453,0.9520236253738403,cat
DATA_CLEAN/images/28dace61362aa533.jpg,851.1466300964355,396.3990142822266,4260.451158142089,2726.5077209472656,0.9033548831939697,cat
DATA_CLEAN/images/28e014662534a070.jpg,100.07060546875,82.843505859375,2048.0,1362.810546875,0.7007546424865723,cat
DATA_CLEAN/images/28e87e487db1443f.jpg,113.76664924621582,1330.5017211914062,823.1953765869141,2411.0411865234373,0.52427738904953,cat
DATA_CLEAN/images/28e87e487db1443f.jpg,2770.2624755859374,960.0393585205078,3264.0,1896.6737823486328,0.36760249733924866,cat
DATA_CLEAN/images/28f3a06ac2bb614f(1).jpg,0.0,532.34560546875,1797.25869140625,1658.91181640625,0.764063835144043,cat
DATA_CLEAN/images/28f3a06ac2bb614f(1).jpg,0.0,537.353759765625,1798.7759765624999,1659.6788085937499,0.6952892541885376,cat
DATA_CLEAN/images/28ff01dea1b73441.jpg,12.573385620117188,93.04748687744141,4672.0,3080.804510498047,0.9034203886985779,cat
DATA_CLEAN/images/290d0a5401f1649a.jpg,243.53118896484375,250.83080291748047,1600.0,1178.7652587890625,0.7857204675674438,cat
DATA_CLEAN/images/291459253598031b(1).jpg,212.62763671874998,341.10219726562497,2917.8556640624997,1593.7265625,0.9323358535766602,cat
DATA_CLEAN/images/2929a80a246183c6.jpg,132.3169189453125,450.3382690429687,1464.1581665039062,1470.1313232421874,0.8719044923782349,cat
DATA_CLEAN/images/292cde2538e4d2e0.jpg,515.0088119506836,262.11238861083984,1292.1954345703125,1199.9679565429688,0.922676682472229,cat
DATA_CLEAN/images/2941534cc59b276f.jpg,149.41873168945312,1183.3136169433594,2141.905682373047,2794.5316772460938,0.9003840684890747,cat
DATA_CLEAN/images/29470d6da1444db7.jpg,811.9925537109375,313.8543701171875,1280.0,691.1527099609375,0.9282651543617249,cat
DATA_CLEAN/images/295459c961208a99.jpg,1189.3737012147903,273.31045746803284,3382.9301738739014,1394.3204426765442,0.7942410111427307,cat
DATA_CLEAN/images/295459c961208a99.jpg,234.55101817846298,467.91800916194916,1271.6667884588242,1838.537392616272,0.2653467059135437,cat
DATA_CLEAN/images/29731bc4fadc27c5.jpg,686.7125305175781,358.90314331054685,1431.168408203125,747.162060546875,0.9276409149169922,cat
DATA_CLEAN/images/2977bed185134402(1).jpg,714.0606079101562,361.561767578125,2041.1671142578125,1868.24658203125,0.7094056606292725,cat
DATA_CLEAN/images/297f61182812db24.jpg,461.3376159667969,626.9529899597169,1358.619763183594,2018.504525756836,0.9244857430458069,cat
DATA_CLEAN/images/29845c40a39fd6a5.jpg,0.0,486.954293012619,1647.0620471954346,1362.5120478630067,0.9411607980728149,cat
DATA_CLEAN/images/298870bd2c24049b.jpg,28.073978424072266,94.42119598388672,1973.5706329345703,1332.815170288086,0.9318773746490479,cat
DATA_CLEAN/images/2995241cf49c4e25.jpg,275.849365234375,0.0,1280.0,692.9359130859375,0.9400946497917175,cat
DATA_CLEAN/images/2996d3465929e8cd.jpg,857.2431762695313,1178.181364440918,1384.8348937988283,2564.527069091797,0.7390530109405518,cat
DATA_CLEAN/images/29a068514c5082e0(1).jpg,471.05319843292233,347.4557916641235,3511.847048950195,3189.403502655029,0.8868007659912109,cat
DATA_CLEAN/images/29ac83bb627568a7(1).jpg,32.61817932128906,43.61488342285156,1577.9428100585938,1049.5220184326172,0.9403394460678101,cat
DATA_CLEAN/images/29bac7eb09134b8a.jpg,0.4135150909423828,388.04894256591797,782.8911666870117,2428.5375732421876,0.8536797761917114,cat
DATA_CLEAN/images/29bac7eb09134b8a.jpg,195.37577362060546,0.0,2164.8085235595704,706.8481246948243,0.7567991018295288,cat
DATA_CLEAN/images/29be719aaae4ccc8(1).jpg,195.57128477096558,135.65092072486877,1177.1448432922364,1337.8918350219726,0.9342430830001831,cat
DATA_CLEAN/images/29cb4e6a4097ab2b(1).jpg,74.03030681610107,190.77412772178647,3853.3368892669673,2610.0,0.733318567276001,cat
DATA_CLEAN/images/29cb4e6a4097ab2b(1).jpg,2068.0487937927246,194.64935231208798,3910.0,2415.1872549057007,0.381353497505188,cat
DATA_CLEAN/images/29d37be3a9a9740c.jpg,853.4011077880859,166.8082046508789,1198.0770874023438,587.4598693847656,0.619333028793335,cat
DATA_CLEAN/images/29f02d030d00b894.jpg,5.6811065673828125,0.0,2960.634558105469,1515.281101989746,0.8740559816360474,cat
DATA_CLEAN/images/2a1594b001dc2115.jpg,1.89154052734375,81.92622375488281,578.1595458984375,619.2559814453125,0.8451763987541199,cat
DATA_CLEAN/images/2a212dc371c5ccc1.jpg,339.08447265625,443.74163818359375,483.513671875,598.3900146484375,0.9462556838989258,cat
DATA_CLEAN/images/2a3ec9fb86b72621(1).jpg,291.885888671875,64.580224609375,634.573388671875,709.62353515625,0.8966783285140991,cat
DATA_CLEAN/images/2a427b1201dcd69d.jpg,339.23529052734375,98.23780059814453,2988.7886352539062,2195.258020019531,0.9398758411407471,cat
DATA_CLEAN/images/2a4288d4b6c03d60.jpg,254.10919189453125,97.35973358154297,1600.0,1192.8572082519531,0.8892132043838501,cat
DATA_CLEAN/images/2a503eb93a4346b7.jpg,414.2987548828125,0.0,2712.0773437499997,1667.8628906249999,0.8941154479980469,cat
DATA_CLEAN/images/2a5efddc8eeaaf73.jpg,426.1345363616943,827.8920238494873,3486.6971298217773,3041.1939224243165,0.7917790412902832,cat
DATA_CLEAN/images/2a6342390c382d96(1).jpg,1041.6667580604553,921.7205667495728,1756.4902925491333,1700.6112742424011,0.537899374961853,cat
DATA_CLEAN/images/2a634d069f739326(1).jpg,2040.6526565551756,1303.3365726470947,2739.122200012207,1688.4904861450195,0.8918876051902771,cat
DATA_CLEAN/images/2a6a41744ee43e65(1).jpg,9.710202026367188,0.0,3121.6140014648436,1288.4491333007813,0.8728748559951782,cat
DATA_CLEAN/images/2a6b01d6a6d7a603.jpg,1446.6450447082518,1093.862451171875,2144.4438064575193,1844.4368835449218,0.9376459717750549,cat
DATA_CLEAN/images/2a70d88e8f8cbe3e(1).jpg,28.806488037109375,23.783782958984375,587.5137939453125,619.6595458984375,0.719576358795166,cat
DATA_CLEAN/images/2a80239132ed24e3.jpg,326.22998046875,245.588134765625,1271.302490234375,878.2919921875,0.9146316647529602,cat
DATA_CLEAN/images/2a9f650610515397.jpg,689.6748504638672,240.71694946289062,1449.6041564941406,860.3385314941406,0.8895732164382935,cat
DATA_CLEAN/images/2aa0f93678afc828(1).jpg,1114.904086303711,16.93968276977539,4592.0,2167.64483795166,0.9142017364501953,cat
DATA_CLEAN/images/2abce5f2661ab9b3.jpg,516.49169921875,305.9501037597656,873.66943359375,757.3187255859375,0.8850265741348267,cat
DATA_CLEAN/images/2ac6f500274e9350.jpg,0.0,0.0,1475.35791015625,1110.5373046875,0.9036383032798767,cat
DATA_CLEAN/images/2ad95d37c95b534e.jpg,0.0,25.185813903808594,2103.946325683594,1485.7181144714355,0.8227240443229675,cat
DATA_CLEAN/images/2ad95d37c95b534e.jpg,662.8680038452148,2554.8029846191407,1602.2480644226075,3886.8079147338867,0.6447749733924866,cat
DATA_CLEAN/images/2adbc285573e0125(1).jpg,557.676944732666,385.27210235595703,674.659309387207,531.9263076782227,0.7904407978057861,cat
DATA_CLEAN/images/2ae56f5ff315dfe4.jpg,1428.6176010131835,0.0,2653.3263290405275,1297.7442512512207,0.4921779930591583,cat
DATA_CLEAN/images/2ae7e2f5251f73e1.jpg,1238.476510620117,849.8169937133789,2127.6550048828126,1342.3595947265626,0.8145555853843689,cat
DATA_CLEAN/images/2af9fbb8175d23ab.jpg,563.7605667114258,971.6788291931152,765.7344341278076,1232.835865020752,0.728014349937439,cat
DATA_CLEAN/images/2aff5fcb7130ff2e(1).jpg,1914.3846221923827,3072.5912338256835,2729.243476867676,4272.0,0.9081786274909973,cat
DATA_CLEAN/images/2aff5fcb7130ff2e(1).jpg,649.1978336334229,3062.3080101013184,1957.7154922485352,4272.0,0.8948597311973572,cat
DATA_CLEAN/images/2b0004ea80b2fdb2(1).jpg,443.16163063049316,211.95054054260254,586.5018367767334,458.61659049987793,0.8269824981689453,cat
DATA_CLEAN/images/2b0312ef80a86066(1).jpg,628.676416015625,310.321875,933.94345703125,628.532421875,0.8519738912582397,cat
DATA_CLEAN/images/2b0312ef80a86066(1).jpg,376.337255859375,56.79971923828125,796.852685546875,295.704150390625,0.4856628179550171,cat
DATA_CLEAN/images/2b0312ef80a86066(1).jpg,93.86785888671875,170.65869140625,312.4781494140625,373.1955078125,0.348741352558136,cat
DATA_CLEAN/images/2b0312ef80a86066(1).jpg,112.99290771484375,346.64453125,430.61435546875,716.8873046875,0.33927029371261597,cat
DATA_CLEAN/images/2b306d584389138a.jpg,273.0788553237915,105.11806387901306,1213.0,808.3725292205811,0.9016009569168091,cat
DATA_CLEAN/images/2b32bedbab7375b6.jpg,510.2734375,1580.53662109375,781.847412109375,1778.3367919921875,0.7376326322555542,cat
DATA_CLEAN/images/2b38f0a1479c8b2c(1).jpg,2404.808235168457,587.3897552490234,4000.0,2591.518211364746,0.8487457036972046,cat
DATA_CLEAN/images/2b38f0a1479c8b2c(1).jpg,0.0,1272.421646118164,1562.0078086853027,2539.670753479004,0.7951555848121643,cat
DATA_CLEAN/images/2b3d8da1b3b20586.jpg,663.3152343749999,192.080712890625,2152.626708984375,2044.536328125,0.9367518424987793,cat
DATA_CLEAN/images/2b7a258daaeb3636.jpg,1600.794873046875,923.3986724853515,2920.2001098632813,1673.079217529297,0.737002432346344,cat
DATA_CLEAN/images/2b7a258daaeb3636.jpg,495.35578765869144,137.0687255859375,1556.3877685546875,717.8454666137695,0.6649633646011353,cat
DATA_CLEAN/images/2b7a258daaeb3636.jpg,617.2861450195312,497.6689819335938,1897.1987548828126,1040.5456787109374,0.4123212397098541,cat
DATA_CLEAN/images/2b7a258daaeb3636.jpg,1188.3649795532226,519.4421905517578,2816.836706542969,1210.1950744628907,0.31990715861320496,cat
DATA_CLEAN/images/2b7a258daaeb3636.jpg,614.5380157470703,514.2653045654297,2804.3338623046875,1182.31845703125,0.3053950071334839,cat
DATA_CLEAN/images/2b7b03b80924037e.jpg,1698.7496424674987,356.3558348178864,4196.826871967316,2917.409460067749,0.9321668148040771,cat
DATA_CLEAN/images/2b898b663d827ce6(1).jpg,45.67181901931763,139.31404495239258,1958.068271636963,1763.855954360962,0.9127222299575806,cat
DATA_CLEAN/images/2b9d56413b0c5b7d.jpg,616.425146484375,102.68803710937499,2402.687109375,1982.37099609375,0.9129146933555603,cat
DATA_CLEAN/images/2baa0031df2b102e.jpg,237.54453125,1140.45849609375,1534.4865234375,2046.1966796875,0.7408435344696045,cat
DATA_CLEAN/images/2bb264debf803945(1).jpg,0.0,390.9030578613281,1596.8208251953124,1728.0,0.9308613538742065,cat
DATA_CLEAN/images/2bb264debf803945(1).jpg,1456.0887084960937,584.0025512695312,2304.0,1715.055908203125,0.764437198638916,cat
DATA_CLEAN/images/2bc54296076efbff.jpg,386.01831207275393,678.1866943359375,2165.154510498047,2138.094845581055,0.9471257925033569,cat
DATA_CLEAN/images/2bcb0d03dfa84a00.jpg,251.61523132324217,13.696876525878906,3872.0,2298.749085998535,0.9131061434745789,cat
DATA_CLEAN/images/2be334fb692c3c78(1).jpg,610.4559707641602,163.1354522705078,1173.3585357666016,1192.3318481445312,0.6985399723052979,cat
DATA_CLEAN/images/2be95fd57818a75a(1).jpg,966.1176796913147,1230.4186220645904,1295.29556889534,1615.2043824195862,0.6930443048477173,cat
DATA_CLEAN/images/2c0252db6412a427(1).jpg,859.4529754638672,474.385595703125,2300.946044921875,1368.904116821289,0.7494837641716003,cat
DATA_CLEAN/images/2c0b85ac9cedb43d.jpg,211.8533203125,372.538037109375,3072.0,2060.184814453125,0.8934301137924194,cat
DATA_CLEAN/images/2c13a59aef3d680d.jpg,53.060791015625,712.93720703125,1362.04921875,1921.2482421875,0.9540766477584839,cat
DATA_CLEAN/images/2c1e8f944143e52d.jpg,369.12420654296875,231.96588134765625,917.4647827148438,695.7026977539062,0.7519118785858154,cat
DATA_CLEAN/images/2c22a35d86f88919.jpg,1658.4278106689453,796.5092658996582,2499.2860794067383,2183.388328552246,0.903834342956543,cat
DATA_CLEAN/images/2c231cfc7ba09d62.jpg,234.90235805511475,48.71082305908203,584.2301368713379,576.6622543334961,0.9256805181503296,cat
DATA_CLEAN/images/2c24d4a13b750a44.jpg,0.0,88.30917358398438,1508.3197021484375,1063.7815856933594,0.915739893913269,cat
DATA_CLEAN/images/2c30b6de759829dc(1).jpg,305.1205624818802,285.5804430961609,1517.5390000343323,1623.0768342971803,0.9076106548309326,cat
DATA_CLEAN/images/2c38cad9461fbc55.jpg,174.08533935546876,15.472711181640625,2726.4302978515625,1326.7893310546876,0.8935356140136719,cat
DATA_CLEAN/images/2c534c70dd931055(1).jpg,1106.3092480659486,604.635495185852,1591.213320350647,1108.2091724395752,0.9464198350906372,cat
DATA_CLEAN/images/2c534c70dd931055(1).jpg,492.0772068500519,206.09423274993898,830.8651845932008,732.6821943283081,0.9196310043334961,cat
DATA_CLEAN/images/2c55312f1ee0a1a8.jpg,924.2217750549316,766.0174412727356,2582.0755462646484,1269.5714321136475,0.5907495617866516,cat
DATA_CLEAN/images/2c55312f1ee0a1a8.jpg,1766.0539541244507,801.5419821739197,2574.8964672088623,1268.2470245361328,0.4501612186431885,cat
DATA_CLEAN/images/2c55312f1ee0a1a8.jpg,912.7752542495728,739.41619348526,1866.6566019058228,1246.4002075195312,0.29027605056762695,cat
DATA_CLEAN/images/2c70e2e8afccc25a(1).jpg,1184.9126586914062,490.03516845703126,2916.27861328125,1972.9594665527345,0.7839844822883606,cat
DATA_CLEAN/images/2c70e2e8afccc25a(1).jpg,769.4942504882813,1397.9876953125,2371.466226196289,2072.1595092773437,0.7261862754821777,cat
DATA_CLEAN/images/2c7fc898041478fe.jpg,0.0,384.9353713989258,1807.634829711914,2358.9551330566405,0.9408823251724243,cat
DATA_CLEAN/images/2c7fc898041478fe.jpg,1770.7798278808593,188.8477798461914,2455.0920318603517,1541.8837097167968,0.8460395932197571,cat
DATA_CLEAN/images/2c85fc1663e12885.jpg,891.84375,118.7166961669922,3456.0,2295.2725708007815,0.9186016917228699,cat
DATA_CLEAN/images/2c85fc1663e12885.jpg,308.0416717529297,1154.5156494140626,2168.8860717773437,2297.534216308594,0.28958195447921753,cat
DATA_CLEAN/images/2c9a8fd24f444305(1).jpg,241.1664581298828,49.68658447265625,1521.9940185546875,1080.8132934570312,0.9482889175415039,cat
DATA_CLEAN/images/2ca00d5292ce43f6(1).jpg,0.0,25.862770080566406,1202.5944519042969,1025.592041015625,0.936601996421814,cat
DATA_CLEAN/images/2ca2bd1d46694a20(1).jpg,0.0,628.0325180053711,2237.571148681641,2085.7418701171873,0.8930230140686035,cat
DATA_CLEAN/images/2cad4b7bf1e28eff.jpg,645.8726436138153,93.45433201789857,1234.5566659927367,1068.2594455718995,0.9058398008346558,cat
DATA_CLEAN/images/2cadb87bede22060(1).jpg,523.9766693115234,846.1618423461914,772.0184326171875,1126.8671035766602,0.834330677986145,cat
DATA_CLEAN/images/2cadb87bede22060(1).jpg,505.79200744628906,817.8536796569824,633.7818717956543,977.3759078979492,0.7433969974517822,cat
DATA_CLEAN/images/2cadb87bede22060(1).jpg,3.2909345626831055,688.1362724304199,115.46839714050293,885.7724189758301,0.7374129891395569,cat
DATA_CLEAN/images/2cadb87bede22060(1).jpg,6.093921661376953,691.0653305053711,107.15131759643555,886.680965423584,0.5858519673347473,cat
DATA_CLEAN/images/2cadb87bede22060(1).jpg,326.10740661621094,727.6508903503418,400.39661407470703,837.4223327636719,0.43166351318359375,cat
DATA_CLEAN/images/2cc0451ca1d5e88c.jpg,397.64898662567134,78.644087600708,1593.431065750122,1737.4509609222412,0.9365571737289429,cat
DATA_CLEAN/images/2cc2858e8fc7e511(1).jpg,293.02496337890625,168.73666381835938,878.1804809570312,610.00439453125,0.6466969847679138,cat
DATA_CLEAN/images/2cc2858e8fc7e511(1).jpg,995.5216674804688,128.34979248046875,1279.6961669921875,913.9613037109375,0.47747302055358887,cat
DATA_CLEAN/images/2cc2858e8fc7e511(1).jpg,1005.6215209960938,136.27459716796875,1278.8265380859375,626.75048828125,0.28828293085098267,cat
DATA_CLEAN/images/2cc301d85bb26881.jpg,329.7429931640625,271.224951171875,674.78876953125,499.42587890625,0.8530106544494629,cat
DATA_CLEAN/images/2ce975c0753a2bd7.jpg,509.4929198741913,70.10678057670593,992.673866701126,654.2967830657959,0.9143763184547424,cat
DATA_CLEAN/images/2ce975c0753a2bd7.jpg,1034.5779696464538,86.52169225215911,1449.0197762489317,670.6711159229278,0.906211793422699,cat
DATA_CLEAN/images/2ce975c0753a2bd7.jpg,105.63353601694106,82.72160739898682,507.48559198379513,718.9931270599365,0.8945766687393188,cat
DATA_CLEAN/images/2ced2cac4034b47c.jpg,97.95125656127931,180.55866119861605,1375.901045036316,1123.836919784546,0.9157438278198242,cat
DATA_CLEAN/images/2d1358bbf806d71d.jpg,762.0412170410157,0.0,5184.0,2986.0155120849613,0.9244486093521118,cat
DATA_CLEAN/images/2d1eef553846026f(1).jpg,518.3315460205079,602.1954803466797,2399.302844238281,2442.944512939453,0.8808354139328003,cat
DATA_CLEAN/images/2d20374f75962d49.jpg,333.35578165054324,444.47982053756715,1246.9025939941407,2201.4816345214845,0.9171268939971924,cat
DATA_CLEAN/images/2d230a9e8fa9a8a7.jpg,1462.264224243164,126.26375427246094,2874.063848876953,2264.772601318359,0.8884608745574951,cat
DATA_CLEAN/images/2d23effa6192a1b8(1).jpg,180.06993119716645,277.3976088523865,504.08313560485846,477.35979666709903,0.7912344932556152,cat
DATA_CLEAN/images/2d2f145194b3c927.jpg,700.8685038089752,0.0,1977.8271307945251,714.9391201019288,0.8744118809700012,cat
DATA_CLEAN/images/2d2f145194b3c927.jpg,785.3553825855255,637.7897568702698,1497.5259155273438,1902.9883876800538,0.8078466653823853,cat
DATA_CLEAN/images/2d32eeeebc6347aa(1).jpg,403.4846878051758,1.128387451171875,1263.2758331298828,1045.2359008789062,0.880121648311615,cat
DATA_CLEAN/images/2d53df994511216e.jpg,5.775656700134278,149.33600025177003,1507.3286647796633,1599.4426162719728,0.93170565366745,cat
DATA_CLEAN/images/2d53df994511216e.jpg,1097.2568565368654,75.10951766967774,2467.7365608215337,1209.2989379882813,0.6556477546691895,cat
DATA_CLEAN/images/2d5c36886375d74c.jpg,397.3476501464844,506.20038452148435,2760.7118408203123,1989.7652526855468,0.9492272138595581,cat
DATA_CLEAN/images/2d6da0e60ed10c4e.jpg,1037.3063856601716,0.0,2988.3343395233155,861.433729839325,0.8885030150413513,cat
DATA_CLEAN/images/2d8123970f06a4a4(1).jpg,3.7356376647949214,2382.6277256011963,2958.4181785583496,3975.0660896301265,0.566795289516449,cat
DATA_CLEAN/images/2d8123970f06a4a4(1).jpg,0.0,2383.9550971984863,2971.055030822754,5235.873985290527,0.486967533826828,cat
DATA_CLEAN/images/2d84a4a05cc2436c.jpg,265.2858581542969,167.8676300048828,541.9056396484375,391.7893981933594,0.9561470746994019,cat
DATA_CLEAN/images/2d9388e7dcc67664(1).jpg,208.25326538085938,73.17298889160156,639.5714111328125,605.4752197265625,0.359284907579422,cat
DATA_CLEAN/images/2d9a028eb71c6d4b.jpg,402.3089294433594,266.38299560546875,1015.942138671875,616.45361328125,0.4023282527923584,cat
DATA_CLEAN/images/2d9a028eb71c6d4b.jpg,405.1911315917969,306.29266357421875,783.5281372070312,618.169677734375,0.32378318905830383,cat
DATA_CLEAN/images/2daf82b1b3af8756(1).jpg,143.01280517578127,28.139749145507814,2390.510385131836,2781.2945434570315,0.9048687219619751,cat
DATA_CLEAN/images/2dd82e4ccfd26585.jpg,1253.3827030181885,193.70430793762208,4504.916415405273,3368.627465820313,0.8741065263748169,cat
DATA_CLEAN/images/2de3282e506088b1.jpg,104.68650817871094,0.0,998.8780212402344,1151.8669128417969,0.7912352085113525,cat
DATA_CLEAN/images/2e38923206f66cb3.jpg,339.37717895507814,76.46572265625001,1547.7498687744142,2734.1620422363285,0.8317086696624756,cat
DATA_CLEAN/images/2e51d8e104976cd3.jpg,454.397216796875,202.818603515625,706.56689453125,586.2213745117188,0.34524035453796387,cat
DATA_CLEAN/images/2e51d8e104976cd3.jpg,186.35951232910156,114.50904846191406,694.8670654296875,586.9732666015625,0.28781449794769287,cat
DATA_CLEAN/images/2e53eeda59ced0dc(1).jpg,126.45247848033905,1014.1931016921998,951.9737514019013,1771.818350172043,0.928126335144043,cat
DATA_CLEAN/images/2e5d2f573c1fbd17(1).jpg,1760.1652436256409,914.0933141708374,2372.7520880699158,2563.4863662719727,0.48124954104423523,cat
DATA_CLEAN/images/2e5ddb1f55c23b10.jpg,871.4196533203125,529.43203125,3072.0,2286.8759765625,0.8923020958900452,cat
DATA_CLEAN/images/2e5ddb1f55c23b10.jpg,0.58330078125,1063.57265625,602.693994140625,2304.0,0.7927402853965759,cat
DATA_CLEAN/images/2e6572645d27e765.jpg,147.73929996490477,104.43534126281737,1566.9731292724607,1160.9219036102295,0.9432739019393921,cat
DATA_CLEAN/images/2e7824eaebdb5014(1).jpg,181.58723144531248,377.3057373046875,860.043310546875,1125.3089355468749,0.9414924383163452,cat
DATA_CLEAN/images/2e7c79e0ce7bcbe9(1).jpg,334.75371837615967,290.9077840805054,674.3465984344482,655.8663105010986,0.86942458152771,cat
DATA_CLEAN/images/2e935088b5d3a435.jpg,2189.60506439209,15.288848876953125,3317.174835205078,781.7068576812744,0.6310669183731079,cat
DATA_CLEAN/images/2edeec7b3db6c2fd(1).jpg,1503.7459476470947,224.49792823791503,3851.8377319335937,2585.9421798706053,0.9545497894287109,cat
DATA_CLEAN/images/2ee30409c3fe1dd1.jpg,324.57025146484375,383.3006286621094,546.6017456054688,528.87158203125,0.9305408596992493,cat
DATA_CLEAN/images/2ef088a98bca38a9.jpg,86.04583740234375,80.46984672546387,2000.0,1325.4596710205078,0.9014317989349365,cat
DATA_CLEAN/images/2ef5be0357f0c6c3.jpg,1670.0593620300292,291.6407867431641,2490.0130577087402,1263.97134475708,0.7910319566726685,cat
DATA_CLEAN/images/2ef5be0357f0c6c3.jpg,2130.823306274414,1141.8109703063965,2951.118127441406,2139.5045791625976,0.42056915163993835,cat
DATA_CLEAN/images/2f02ee0404a7278d.jpg,364.025634765625,245.63308715820312,1267.7041015625,841.2389526367188,0.8857477903366089,cat
DATA_CLEAN/images/2f1443976978b34e.jpg,120.48368453979492,98.59222412109375,663.1550216674805,975.3192901611328,0.9289767146110535,cat
DATA_CLEAN/images/2f1d35edb55a1dc6.jpg,236.6844892501831,34.780025482177734,868.9827919006348,662.0599746704102,0.9176864624023438,cat
DATA_CLEAN/images/2f322e377bee80c3.jpg,1570.9929565429688,634.8500549316407,2541.722412109375,1056.3197143554687,0.9277620315551758,cat
DATA_CLEAN/images/2f3253ef663f2852.jpg,100.33575177192688,91.36742234230042,2660.632290840149,2725.0,0.9294052124023438,cat
DATA_CLEAN/images/2f34c4e1df7f85b7.jpg,47.5673828125,129.421240234375,629.25498046875,484.5828125,0.9305346012115479,cat
DATA_CLEAN/images/2f44181d36bbf7d8(1).jpg,532.719140625,305.64912109375,1940.00390625,1027.18515625,0.946773886680603,cat
DATA_CLEAN/images/2f49cb950e526fc6.jpg,1089.569666671753,421.8251265525818,3413.666859817505,2532.5785348892214,0.8827234506607056,cat
DATA_CLEAN/images/2f4d8da78c52e6df.jpg,1.9732012748718262,24.61300790309906,1374.9204139709473,1028.4950065612793,0.9170354604721069,cat
DATA_CLEAN/images/2f5021e3ea145cbe.jpg,147.9247802734375,233.8073486328125,847.66484375,506.5689453125,0.7132160067558289,cat
DATA_CLEAN/images/2f5021e3ea145cbe.jpg,140.4235595703125,232.2751953125,848.2330078125,576.5345703125,0.26931750774383545,cat
DATA_CLEAN/images/2f6338ac61ff65f4.jpg,123.539453125,110.60673828125,917.9919921875,761.12724609375,0.8577272295951843,cat
DATA_CLEAN/images/2f7b88aff29e9553.jpg,182.86773376464845,219.47655487060547,5184.0,3014.170477294922,0.9216318130493164,cat
DATA_CLEAN/images/2f80650c09768622.jpg,1858.4996478557587,368.1000063419342,3628.157191991806,2321.571979045868,0.7203060984611511,cat
DATA_CLEAN/images/2f86749b4a8f21a0.jpg,412.0867772102356,207.88866090774536,939.005471420288,553.9651908874512,0.8129488825798035,cat
DATA_CLEAN/images/2f9f7eefc6b4b86d(1).jpg,250.24389038085937,17.48708381652832,4015.985545349121,2771.570265197754,0.9491807222366333,cat
DATA_CLEAN/images/2fac44ec26c681c6.jpg,,,,,,
DATA_CLEAN/images/2fafa365fcb5c40d.jpg,273.42533855438234,73.87915153503418,983.6543373584748,894.6716998577118,0.9378291964530945,cat
DATA_CLEAN/images/2ff94e9aa9416810.jpg,0.0,128.67158203125,845.7982421875,933.1177734375,0.899978756904602,cat
DATA_CLEAN/images/3006e8e91c383359.jpg,216.0077713012695,21.61612854003906,1534.6563980102537,1133.4051025390625,0.9345740079879761,cat
DATA_CLEAN/images/3008843b5d6e1cbc.jpg,240.01191482543945,81.76299362182617,1336.6097213745118,1487.039488220215,0.9070936441421509,cat
DATA_CLEAN/images/302341578b6d66d5.jpg,83.96893692016602,424.16696548461914,2871.694972229004,1591.0400169372558,0.9279332160949707,cat
DATA_CLEAN/images/302e8db6827821ab.jpg,0.0,0.0,3133.409454345703,1964.7762660980225,0.9409438967704773,cat
DATA_CLEAN/images/30448ac2b76c0fb5.jpg,417.81881046295166,295.4340454339981,2661.5078468322754,1630.5300970077515,0.9481648802757263,cat
DATA_CLEAN/images/3056843f164bcddb.jpg,2.173916244506836,443.78443450927733,663.6066833496094,918.0,0.9174944162368774,cat
DATA_CLEAN/images/305982a8aa362450.jpg,65.43573760986328,50.19715118408203,1073.7451057434082,1023.8984527587891,0.890417218208313,cat
DATA_CLEAN/images/30625186020e4d1d(1).jpg,1548.9499053955078,459.9755104064941,3460.056619262695,2792.472486877441,0.8522738218307495,cat
DATA_CLEAN/images/30625186020e4d1d(1).jpg,0.0,630.5393669128417,1929.0364013671874,3250.049084472656,0.5935819745063782,cat
DATA_CLEAN/images/3078207b0b6c94ed(1).jpg,0.0,1829.9524795532227,1155.5820579528809,3220.497509765625,0.8672146797180176,cat
DATA_CLEAN/images/307f31389ab2c31f(1).jpg,0.0,326.44621582031255,3417.974890136719,2283.6060791015625,0.9213781356811523,cat
DATA_CLEAN/images/30825d9160b9c909.jpg,1445.155322265625,2711.45736694336,2618.682568359375,3771.4641052246097,0.8594595193862915,cat
DATA_CLEAN/images/3084627ecd2f5044.jpg,0.0,68.06684346199035,1716.3821107864378,1236.7128219604492,0.8704042434692383,cat
DATA_CLEAN/images/308b87654c4fe08e(1).jpg,581.5246536254882,136.23414573669433,1154.169034194946,848.8090908050536,0.8932467699050903,cat
DATA_CLEAN/images/3093ca158954df95(1).jpg,134.74237976074218,179.1391342163086,1597.674609375,1152.348486328125,0.9283387064933777,cat
DATA_CLEAN/images/309b360b19998442.jpg,976.0845485687256,868.5948280334472,2576.0,1932.0,0.9419341087341309,cat
DATA_CLEAN/images/30b644e541f06906.jpg,253.41490387916562,132.26592028141022,2076.8432310104367,1849.0,0.920107364654541,cat
DATA_CLEAN/images/30be5abe692daa60.jpg,621.4207275390625,387.3158874511719,1074.8563232421875,851.894189453125,0.8885179758071899,cat
DATA_CLEAN/images/30c3d937a8cf37c4(1).jpg,1713.983213186264,931.2035744190216,2597.608822822571,1868.3311710357666,0.9033596515655518,cat
DATA_CLEAN/images/30d26ee1796a97b1.jpg,1576.4641470909119,1581.433432817459,2005.535771369934,2264.8042466640472,0.25317123532295227,cat
DATA_CLEAN/images/30da48478aa494f7.jpg,744.2663177490234,333.9408721923828,2884.2959579467774,2371.7006240844726,0.933742105960846,cat
DATA_CLEAN/images/30e0758e43ed1f10.jpg,948.8928268432618,542.94521484375,2142.6314392089844,1844.3938293457031,0.8246536254882812,cat
DATA_CLEAN/images/30ef8745d91ee441.jpg,5.679286193847656,140.05850083827974,2927.3324617385865,1656.7983241081238,0.8342584371566772,cat
DATA_CLEAN/images/30f04c135eb42dd9.jpg,1075.160467529297,1105.472021484375,1461.3697265625,1662.5582885742188,0.5620031356811523,cat
DATA_CLEAN/images/31148305bd49c3ee.jpg,146.88088102340697,178.9297522544861,996.642244720459,595.9957111358642,0.9428752660751343,cat
DATA_CLEAN/images/3121fa0bbf8b5d78.jpg,1008.6020469665527,1024.431037902832,2535.329818725586,2718.041229248047,0.9343701601028442,cat
DATA_CLEAN/images/3123392e7059b27e.jpg,2608.8375915527345,314.3418640136719,3456.0,1452.2160278320314,0.9018019437789917,cat
DATA_CLEAN/images/3147abc745a8e37e(1).jpg,820.5400390625,67.040283203125,1862.073486328125,1896.42431640625,0.9299624562263489,cat
DATA_CLEAN/images/314c39ea7f9d2f24(1).jpg,1224.952507019043,541.5382385253906,3821.7418670654297,2665.644073486328,0.9445800185203552,cat
DATA_CLEAN/images/31536c3acdb10edd(1).jpg,0.0,501.98619079589844,1872.728826904297,2000.0,0.9167248010635376,cat
DATA_CLEAN/images/315d1413ae03e219.jpg,2093.361328125,528.6156372070312,4608.0,3456.0,0.941916286945343,cat
DATA_CLEAN/images/3164a6cbcf68f49d(1).jpg,108.06917266845704,96.4701644897461,2248.042922973633,1743.7813385009767,0.9244042634963989,cat
DATA_CLEAN/images/316580c2c007e286.jpg,647.2469902038574,217.69145507812502,1214.7509536743164,933.9712028503418,0.586874783039093,cat
DATA_CLEAN/images/316580c2c007e286.jpg,643.4509700775147,213.23465881347659,1216.602136230469,935.7230346679688,0.4208988547325134,cat
DATA_CLEAN/images/31678ac193b76c83.jpg,180.7296875,142.302880859375,1024.0,604.709619140625,0.9330933094024658,cat
DATA_CLEAN/images/3180e9e93c86d0ad(1).jpg,2110.323944091797,191.6381549835205,3461.1792846679687,1229.2336303710938,0.538429856300354,cat
DATA_CLEAN/images/3180e9e93c86d0ad(1).jpg,2028.0118423461915,244.3256378173828,3949.126666259766,2921.373651123047,0.35425716638565063,cat
DATA_CLEAN/images/3184f84a79938b5d.jpg,1395.1316848754884,5.350973510742188,3959.0500122070316,3338.5842773437503,0.9047545194625854,cat
DATA_CLEAN/images/3186ed29002cee7c.jpg,1731.4541015625,1392.650491333008,4252.359100341797,2972.364065551758,0.9373867511749268,cat
DATA_CLEAN/images/31adf0e102b3dc9f.jpg,0.0,353.9493232727051,2038.6302612304687,1648.1999725341798,0.9443966746330261,cat
DATA_CLEAN/images/31b24eaddcfae314.jpg,72.67022151947022,312.0008454799652,936.869315314293,1731.2658125877383,0.6063353419303894,cat
DATA_CLEAN/images/31cd804a98749c71.jpg,685.3477409362794,185.6473503112793,2442.4189453125,1391.6948455810548,0.9312942028045654,cat
DATA_CLEAN/images/31d33c4055396ed2(1).jpg,1415.3601928710937,531.2589752197266,2107.270880126953,1212.6185394287108,0.6240004301071167,cat
DATA_CLEAN/images/31ed706f52272a87.jpg,98.07882041931153,176.40650146007536,2326.695176410675,1565.4509187698363,0.9524918794631958,cat
DATA_CLEAN/images/31fc2613823a1a28.jpg,1288.948631286621,591.8690368652343,3828.2284492492677,3060.498964691162,0.9034925699234009,cat
DATA_CLEAN/images/32010f3c0edb705f.jpg,7.472504425048828,52.84765434265137,4145.529039001464,2844.525746154785,0.9221229553222656,cat
DATA_CLEAN/images/32116b9156733430(1).jpg,380.63603515625,1.2922119140625,1476.1076171875,586.91142578125,0.8189603686332703,cat
DATA_CLEAN/images/32116b9156733430(1).jpg,522.867333984375,305.526611328125,1899.40546875,1464.778515625,0.8176778554916382,cat
DATA_CLEAN/images/32116b9156733430(1).jpg,506.110595703125,309.026611328125,1888.72578125,1408.3171875,0.33889222145080566,cat
DATA_CLEAN/images/32123fa6b2b6a59e(1).jpg,571.3950347900391,926.1202239990234,681.9804382324219,1167.2442626953125,0.7222066521644592,cat
DATA_CLEAN/images/323042bb0386d453.jpg,286.9974075317383,958.8578598022461,1498.049499511719,3135.1419921875004,0.916537344455719,cat
DATA_CLEAN/images/323042bb0386d453.jpg,2246.0455718994144,277.33482284545903,3492.2870788574223,1602.7339324951174,0.9074604511260986,cat
DATA_CLEAN/images/323042bb0386d453.jpg,1429.11492767334,219.11180648803713,2212.1362274169924,1630.644192504883,0.8551276326179504,cat
DATA_CLEAN/images/323734d962161a7a(1).jpg,582.8765873908997,576.8453764915466,1179.9882016181946,1164.1060738563538,0.9266374111175537,cat
DATA_CLEAN/images/323bbf8f5ea79f3e.jpg,5.9810546875,588.2544921875,2012.2474609375,1202.49150390625,0.894852876663208,cat
DATA_CLEAN/images/324b3298cbc12c38(1).jpg,487.13984375,311.69462890625,961.3900390625,551.173486328125,0.9211636781692505,cat
DATA_CLEAN/images/32503f5f84fa4e39.jpg,1387.864892578125,280.12646484375,2445.0738189697267,1344.9229797363282,0.8518772125244141,cat
DATA_CLEAN/images/32539a6612177e46(1).jpg,227.8447723388672,144.10260009765625,614.0648803710938,633.51220703125,0.2914976477622986,cat
DATA_CLEAN/images/32577c1f47adac63.jpg,143.7261199951172,280.48492431640625,449.7977294921875,582.768310546875,0.7557364702224731,cat
DATA_CLEAN/images/3257cdc33829fa6c.jpg,873.3679183959961,822.5412231445313,2109.8210357666017,1880.6906799316407,0.890600323677063,cat
DATA_CLEAN/images/3259dd8957bc3c32.jpg,854.1169281005859,68.0897003173828,2261.286428833008,2391.335028076172,0.9259465932846069,cat
DATA_CLEAN/images/325f2eb732d4fef9.jpg,113.69359850883484,38.53898286819458,1154.0695447921753,781.620876789093,0.9523094296455383,cat
DATA_CLEAN/images/325f3780cde3d230.jpg,146.4210205078125,289.41845703125,2083.03662109375,1496.9644775390625,0.9459577202796936,cat
DATA_CLEAN/images/3271b93768c73e86.jpg,321.045166015625,148.27401733398438,1069.3248291015625,956.739501953125,0.8970023393630981,cat
DATA_CLEAN/images/327471cc08625b94.jpg,186.35317993164062,2.7503814697265625,633.5404663085938,500.146240234375,0.5621464252471924,cat
DATA_CLEAN/images/32849b5b065a8ca8.jpg,92.66800880432129,48.35386276245117,994.017219543457,858.2633972167969,0.9284489154815674,cat
DATA_CLEAN/images/328aa4508644223a.jpg,0.6879997253417969,294.9421977996826,2358.2830810546875,2086.5249252319336,0.9535958766937256,cat
DATA_CLEAN/images/3293e00ee7d4a428(1).jpg,167.77431640625,124.0720703125,1024.0,669.03076171875,0.9055139422416687,cat
DATA_CLEAN/images/32953a20b0caa3d4(1).jpg,757.3529415130615,633.3092475891114,2466.226889038086,2139.874180603027,0.9428497552871704,cat
DATA_CLEAN/images/32b8eb6b755dbf32.jpg,169.8171615600586,119.74884033203125,521.6698455810547,527.8569793701172,0.8347247838973999,cat
DATA_CLEAN/images/32c0f319a425a9c2.jpg,1032.3929016113282,1051.4734924316406,2455.718432617188,2976.0,0.9102583527565002,cat
DATA_CLEAN/images/32cc0db82ee88032(1).jpg,91.14895935058594,1330.8310546875,2852.725341796875,2413.7281494140625,0.6597820520401001,cat
DATA_CLEAN/images/32cc0db82ee88032(1).jpg,85.16523742675781,1315.6513641357421,2839.0396362304687,2418.318896484375,0.4924928843975067,cat
DATA_CLEAN/images/32cc0db82ee88032(1).jpg,122.2210922241211,1331.8869140625,2608.6067321777346,2425.1337341308595,0.38274672627449036,cat
DATA_CLEAN/images/32cfbdc0c8eb63f3.jpg,272.9846923828125,145.4677978515625,516.54365234375,426.463330078125,0.9067517518997192,cat
DATA_CLEAN/images/32dc8ad4ff55d1a3.jpg,729.39013671875,2081.344482421875,1058.6400146484375,2558.541259765625,0.8093162775039673,cat
DATA_CLEAN/images/32f53ed6dde976f6.jpg,199.25174713134766,80.59661865234375,1020.5522155761719,895.7211303710938,0.9325512051582336,cat
DATA_CLEAN/images/32f8cf5cf30f863f(1).jpg,183.8810920715332,58.6426019668579,3000.0,1993.0,0.9119061231613159,cat
DATA_CLEAN/images/32fc7419cf5a5455.jpg,0.4984283447265625,0.0,318.9512939453125,193.7630615234375,0.8731573820114136,cat
DATA_CLEAN/images/331f1d5b3b0f7354.jpg,,,,,,
DATA_CLEAN/images/331fa866eb80241a.jpg,66.255078125,65.088671875,885.47158203125,738.6072265625,0.908790647983551,cat
DATA_CLEAN/images/331fb8a822b0ed58.jpg,1053.5471603393555,1986.3981903076171,1723.8379806518556,2580.2743057250977,0.633965253829956,cat
DATA_CLEAN/images/332348d2d59f48ed.jpg,167.50519275665283,4.402780532836914,771.3140487670898,428.69439125061035,0.8022316694259644,cat
DATA_CLEAN/images/3323ef97f69389df(1).jpg,128.25703124999998,99.7435546875,2599.627734375,2031.2668945312498,0.9447805881500244,cat
DATA_CLEAN/images/333237764324cc79.jpg,434.6547546386719,776.0424133300781,2659.4260963439942,2156.3731567382815,0.9023299217224121,cat
DATA_CLEAN/images/333c333d5c341fed.jpg,313.1529426574707,464.1578674316406,927.5870513916016,1027.9840850830078,0.8380979895591736,cat
DATA_CLEAN/images/334054ee1ed6fdba(1).jpg,3.7024261474609377,183.86350326538087,2139.6436462402344,1755.7894165039063,0.9278135895729065,cat
DATA_CLEAN/images/335517fa14d24105.jpg,662.8748779296875,287.5594177246094,1257.772705078125,724.93359375,0.6711829900741577,cat
DATA_CLEAN/images/335517fa14d24105.jpg,20.79296875,153.45596313476562,610.7144165039062,455.72698974609375,0.4456949234008789,cat
DATA_CLEAN/images/337533ccf26c7ded(1).jpg,267.61095275878904,1.3808578491210937,3029.7599807739257,2500.200534057617,0.9220405220985413,cat
DATA_CLEAN/images/33774df774ef2006.jpg,0.0,105.3279541015625,2178.59296875,1867.6001953125,0.91962069272995,cat
DATA_CLEAN/images/3379c4611d4fb9b4(1).jpg,0.0,118.422119140625,1935.86171875,1530.90703125,0.8624800443649292,cat
DATA_CLEAN/images/33819e84a9698408.jpg,436.3605499267578,8.72049331665039,1930.2391052246094,1655.6526184082031,0.873924970626831,cat
DATA_CLEAN/images/33999ce42db8d409(1).jpg,19.339488601684568,38.227365016937256,1712.0838767051696,1481.9514925003052,0.9464688301086426,cat
DATA_CLEAN/images/339b71d0376dcabc.jpg,119.30186471939086,361.2315557956695,679.8473748683929,745.5975629806518,0.8672056198120117,cat
DATA_CLEAN/images/339b71d0376dcabc.jpg,653.3950140953064,113.85810594558716,979.3465451240539,719.8004271507263,0.797275960445404,cat
DATA_CLEAN/images/339d92504170d0dd(1).jpg,214.6121826171875,28.5391845703125,2557.8662109375,1736.63818359375,0.9458968639373779,cat
DATA_CLEAN/images/33ad963d395861d5(1).jpg,61.3642578125,95.0123046875,938.203125,701.34111328125,0.938480019569397,cat
DATA_CLEAN/images/33afa27550d364d8.jpg,377.3499069213867,696.4777221679688,855.59765625,1080.0,0.9027085304260254,cat
DATA_CLEAN/images/33afa27550d364d8.jpg,1263.0033874511719,395.0386962890625,1436.8684387207031,531.3396606445312,0.4809480309486389,cat
DATA_CLEAN/images/33afdc18b6db72ad.jpg,56.16055145263672,74.52677574157715,488.1342622756958,655.7504238128662,0.9086124897003174,cat
DATA_CLEAN/images/33b4abac1c8550fa(1).jpg,0.0,631.9189636230469,2378.2929931640624,3060.3635375976564,0.9255772233009338,cat
DATA_CLEAN/images/33b6483a94e0ba2e.jpg,734.0693626403809,656.6520870208741,1150.5558547973633,1316.7913108825685,0.9238032102584839,cat
DATA_CLEAN/images/33b6483a94e0ba2e.jpg,411.43918495178224,772.6939567565918,732.8092021942139,959.2865310668946,0.8393608927726746,cat
DATA_CLEAN/images/33bcffdbf9cd1917.jpg,8.312557983398438,290.37520599365234,2403.020984649658,1926.1455116271973,0.8768316507339478,cat
DATA_CLEAN/images/33bd1508c7e2bd85.jpg,714.8787414550782,710.6649536132812,3264.0,2315.830810546875,0.919907808303833,cat
DATA_CLEAN/images/33bed87471be8430.jpg,115.24206540584564,982.9284708023071,1124.9109990119932,1545.3715531826017,0.9480099678039551,cat
DATA_CLEAN/images/33c2d10c99153c1e.jpg,2781.3317699432373,1346.994026184082,3543.8735313415523,2036.5377800464628,0.9015880227088928,cat
DATA_CLEAN/images/33c6105caa60329a(1).jpg,1861.4676574707032,665.2764877319337,4288.0,2760.4028625488286,0.9343700408935547,cat
DATA_CLEAN/images/33ca3aa19f4e031e(1).jpg,578.7009765625,721.46064453125,1346.784375,1223.49228515625,0.8224440813064575,cat
DATA_CLEAN/images/33d8fd0ba56b61cd(1).jpg,278.5962890625,264.7921875,668.08818359375,769.47919921875,0.9478647112846375,cat
DATA_CLEAN/images/33e43a39bb72fb91.jpg,26.751976776123048,338.7418037414551,1508.3176513671874,1580.719500732422,0.8672820925712585,cat
DATA_CLEAN/images/33e43a39bb72fb91.jpg,1386.8991928100586,144.23129577636718,2411.758184814453,1575.0842796325683,0.8669025897979736,cat
DATA_CLEAN/images/33e7262da9ad20a4(1).jpg,621.1608398437501,259.5848785400391,1818.4291122436525,1861.3803955078126,0.8876888155937195,cat
DATA_CLEAN/images/33f0c96622b5f787.jpg,783.1907887458801,682.9240844249725,1172.257827758789,1115.7467737197876,0.872820258140564,cat
DATA_CLEAN/images/33f0c96622b5f787.jpg,1611.3448719978333,1098.120656490326,1935.2073369026184,1510.3036251068115,0.7740320563316345,cat
DATA_CLEAN/images/34051865c412824f(1).jpg,43.49842071533203,64.63236808776855,2263.9177322387695,2031.840133666992,0.9008369445800781,cat
DATA_CLEAN/images/343573c958cfd4e8.jpg,445.7455078125,203.984375,1558.84140625,1355.2666015625,0.9012445211410522,cat
DATA_CLEAN/images/34478d20c852f78e.jpg,314.75712890625,11.5748291015625,3064.63125,1660.06171875,0.7927396893501282,cat
DATA_CLEAN/images/3448770b4ee1d357.jpg,966.95185546875,191.0887939453125,2313.140478515625,1977.9357421875,0.8875245451927185,cat
DATA_CLEAN/images/34563f6eb3908b23(1).jpg,1004.3063453674317,1014.4315124511719,2056.343643951416,1864.9970840454102,0.9355512857437134,cat
DATA_CLEAN/images/34564464f9658788.jpg,844.9911117553711,269.6908378601074,1142.7073860168457,866.0621166229248,0.8858112096786499,cat
DATA_CLEAN/images/34564464f9658788.jpg,497.8882026672363,495.7543659210205,723.8108825683594,710.6438541412354,0.531326949596405,cat
DATA_CLEAN/images/3456d9031d6b0b1b.jpg,1107.5858779907228,0.0,3406.855535888672,2729.486108398438,0.9150324463844299,cat
DATA_CLEAN/images/3461da85ca47fff7.jpg,66.38174171447754,75.7875358581543,1910.8722312927248,1507.4234909057618,0.956748366355896,cat
DATA_CLEAN/images/346852e16571ebce.jpg,1298.9056537628173,755.7123504638672,3342.165106201172,1640.2218200683594,0.9424483180046082,cat
DATA_CLEAN/images/347a584d4b8f1da2(1).jpg,952.2709716796875,727.1785766601562,2594.937744140625,3819.2633789062497,0.8699907660484314,cat
DATA_CLEAN/images/3489c4c8e77a5a3b(1).jpg,251.61237831115724,519.6724227905273,2235.701348876953,1944.0,0.928102970123291,cat
DATA_CLEAN/images/348aebb5ff8a9166(1).jpg,845.8389282226562,389.7066650390625,2560.0,1009.1007080078125,0.9405913949012756,cat
DATA_CLEAN/images/34d4b030969472d6.jpg,0.0,185.15706062316895,1961.9323776245117,1510.8170837402345,0.9198311567306519,cat
DATA_CLEAN/images/34d826629e4ed655.jpg,278.77739868164065,50.01684465408326,3471.0,2287.7770088195803,0.945229709148407,cat
DATA_CLEAN/images/34db76e2e9bb050c.jpg,899.4337463378906,755.6299484252929,2156.161340332031,2443.943408203125,0.8750419616699219,cat
DATA_CLEAN/images/34e2842901fdc3e0.jpg,168.7323974609375,30.487841796875,859.4806640625,619.064892578125,0.909194827079773,cat
DATA_CLEAN/images/34f21ea37cadfaee.jpg,701.0585433959961,403.89061584472654,1655.4041717529296,2000.0,0.9369864463806152,cat
DATA_CLEAN/images/34fa22549cf01803.jpg,139.25860409736634,1049.0750272750854,857.1375442504883,1669.0,0.885124683380127,cat
DATA_CLEAN/images/3501f2f36f833ac1.jpg,7.419334030151367,345.6501754760742,2886.671740722656,2853.893911743164,0.9471908807754517,cat
DATA_CLEAN/images/35056a636dffe1ba.jpg,207.07113647460938,31.401702880859375,635.3983154296875,597.2474365234375,0.8760448098182678,cat
DATA_CLEAN/images/35224f0b18928f5b.jpg,44.917945861816406,215.77377319335938,1019.5826721191406,1394.2549133300781,0.9117714166641235,cat
DATA_CLEAN/images/352c23ca1ab81d10(1).jpg,532.9353485107422,57.68827400207519,2416.0,1590.3860260009765,0.9542228579521179,cat
DATA_CLEAN/images/3541c84ebe6a524f.jpg,168.77352905273438,0.0,485.9752197265625,455.0054016113281,0.420175164937973,cat
DATA_CLEAN/images/3541c84ebe6a524f.jpg,5.2622222900390625,2.57196044921875,497.1146545410156,453.17352294921875,0.3673393726348877,cat
DATA_CLEAN/images/3555d45598c90403.jpg,1278.1244659423828,1307.4219177246093,1975.9679809570314,1844.767803955078,0.8592294454574585,cat
DATA_CLEAN/images/355e0480b48ec718.jpg,23.615826416015626,1705.7500030517579,1499.103662109375,2517.982745361328,0.793527364730835,cat
DATA_CLEAN/images/357065273dd903a1(1).jpg,383.59901733398436,74.5169677734375,1772.4680419921874,2304.0,0.928779125213623,cat
DATA_CLEAN/images/3583f7558f2cebc6(1).jpg,187.7609375,619.8416015625,1290.8994140625,2041.171484375,0.9358515739440918,cat
DATA_CLEAN/images/3583f7558f2cebc6(1).jpg,966.0462890625,494.4671875,1534.9212890625,1574.416796875,0.7588039636611938,cat
DATA_CLEAN/images/358a5ff5d767a66d.jpg,1104.1406616210938,740.2922836303711,1924.8378662109376,1443.0621826171875,0.815680205821991,cat
DATA_CLEAN/images/3590122c8f7b314e.jpg,1006.2717521190643,1229.4060423374176,1961.4449508190155,1811.3965153694153,0.9485228061676025,cat
DATA_CLEAN/images/35935ba83ed262e0(1).jpg,370.382373046875,110.417724609375,745.27861328125,669.769775390625,0.8821876645088196,cat
DATA_CLEAN/images/3598f0b3ea30bd59(1).jpg,462.2623626708984,404.5612197875977,2089.20703125,2228.767858886719,0.6135481595993042,cat
DATA_CLEAN/images/35a52c22b7cb395b(1).jpg,1238.7357421875,532.2862060546875,2012.221875,1704.61171875,0.9005105495452881,cat
DATA_CLEAN/images/35a7365d575ea44c.jpg,990.2766311645508,858.0135131835938,2883.079934692383,1875.5306579589844,0.9360336065292358,cat
DATA_CLEAN/images/35ab0f808ed7828b.jpg,0.0,472.4009153366089,1400.556713104248,2720.723258972168,0.9085239768028259,cat
DATA_CLEAN/images/35b136741622f8db(1).jpg,1155.8789978027344,1331.819757080078,4096.1334777832035,3570.569689941406,0.9177703857421875,cat
DATA_CLEAN/images/35b9563e6114a549.jpg,628.7121772766113,195.78704833984375,1369.8665618896484,1037.754726409912,0.8364105224609375,cat
DATA_CLEAN/images/35c36bd6f7565635.jpg,581.9603805541992,308.6028007507324,911.2857055664062,719.8311172485352,0.7116149067878723,cat
DATA_CLEAN/images/35cd26b70081f15a.jpg,795.7461456298828,707.42578125,2612.507373046875,2024.8652893066408,0.9575257301330566,cat
DATA_CLEAN/images/35ce6d5bd0a74360.jpg,1187.3758575439454,821.1366806030273,2148.764840698242,2060.2271484375,0.8457751274108887,cat
DATA_CLEAN/images/35d6c2fccc75bf66.jpg,736.1891586303711,303.0443969726563,1045.854089355469,656.6649333953858,0.9218376874923706,cat
DATA_CLEAN/images/35e759c1edf68698.jpg,413.0375385284424,262.6162528991699,506.60672187805176,396.7219352722168,0.7086101770401001,cat
DATA_CLEAN/images/3600ef872757665e.jpg,711.6349064350128,142.59070472717286,3351.648670578003,2654.3203197479247,0.9431795477867126,cat
DATA_CLEAN/images/3607cc1cafd830de.jpg,278.5030071258545,417.44539346694944,1181.2612592697144,1174.3157758712769,0.9279564619064331,cat
DATA_CLEAN/images/360c8b4cf52eaf69.jpg,253.7672275543213,159.80534477233888,870.7459594726563,698.2429931640626,0.9418610334396362,cat
DATA_CLEAN/images/361ee777774ad9fe.jpg,489.9806213378906,241.13346576690674,1777.756118774414,1415.3743171691895,0.9189171195030212,cat
DATA_CLEAN/images/36295115fb16132a(1).jpg,62.70840167999267,206.11774921417236,1500.0,885.2231025695801,0.9319310188293457,cat
DATA_CLEAN/images/36352f2bd651e795.jpg,826.5531778335571,0.0,3000.0,1250.2764701843262,0.766047477722168,cat
DATA_CLEAN/images/3636cf45ff071385.jpg,488.78368377685547,593.7367248535156,996.0862731933594,902.5691223144531,0.48782292008399963,cat
DATA_CLEAN/images/3636cf45ff071385.jpg,480.29529571533203,593.2203674316406,994.95849609375,973.6400604248047,0.37953317165374756,cat
DATA_CLEAN/images/3637039cdf8d2925(1).jpg,986.1917266845703,620.8622329711914,2338.712725830078,1726.2467880249023,0.8142980337142944,cat
DATA_CLEAN/images/3639a81b69708bdd.jpg,190.16157302856445,314.91764602661135,504.80253067016605,1085.4551879882813,0.9039018750190735,cat
DATA_CLEAN/images/3639a81b69708bdd.jpg,970.6034774780273,435.75708618164066,1585.5032775878906,730.526985168457,0.2610121965408325,cat
DATA_CLEAN/images/3650dcfc42a4368d(1).jpg,205.56917190551758,505.1416873931885,620.0213432312012,1000.0,0.6631213426589966,cat
DATA_CLEAN/images/36686338ea24a027.jpg,609.3173171997071,328.43677825927733,3218.6095642089845,2373.3857299804686,0.9285968542098999,cat
DATA_CLEAN/images/366b2bdfd965cd1c.jpg,321.88369140625,490.98408203125,1472.954296875,1883.18359375,0.9272505044937134,cat
DATA_CLEAN/images/366b2bdfd965cd1c.jpg,191.776806640625,195.829296875,579.81669921875,626.306103515625,0.7900500297546387,cat
DATA_CLEAN/images/3688025f4c3032e6.jpg,677.464306640625,454.022705078125,1269.3958984375,1269.86748046875,0.6257296800613403,cat
DATA_CLEAN/images/368ec34ebbf783c1(1).jpg,1331.6293579101564,607.3896667480469,2524.2956298828126,1500.7974609375,0.9272205829620361,cat
DATA_CLEAN/images/368ec34ebbf783c1(1).jpg,260.45057983398436,576.8668823242188,1084.0789367675782,1319.197021484375,0.8721317648887634,cat
DATA_CLEAN/images/3690e87a6b85100e.jpg,434.0399139404297,258.18851165771486,2801.9525756835938,2228.762255859375,0.6787290573120117,cat
DATA_CLEAN/images/3690e87a6b85100e.jpg,434.2992874145508,255.8599868774414,2793.350994873047,2222.6107543945313,0.39359748363494873,cat
DATA_CLEAN/images/369b571ea627d5a3.jpg,524.8954899787902,406.821321105957,1491.4506465911863,607.2228803634644,0.3347512185573578,cat
DATA_CLEAN/images/369ba3eb42103ef0(1).jpg,77.1382568359375,144.168408203125,835.2318359375,628.813525390625,0.9576807022094727,cat
DATA_CLEAN/images/369bcc7a22a12544.jpg,199.6915054321289,1148.5301010131836,1850.1941802978515,3264.0,0.9088133573532104,cat
DATA_CLEAN/images/369ce3da6b0c7efb.jpg,1118.2794570922852,1541.078281402588,2176.3229370117188,2580.1694869995117,0.9023274779319763,cat
DATA_CLEAN/images/369ea1a8b4617681.jpg,687.950244140625,1343.60068359375,3105.995690917969,2297.683520507813,0.9569279551506042,cat
DATA_CLEAN/images/36bd1538a1299aed(1).jpg,470.33515048027033,163.83473374843595,1948.859552192688,1396.7151320457458,0.9564968347549438,cat
DATA_CLEAN/images/36c24656fe490a88(1).jpg,799.78095703125,572.210595703125,3072.0,1720.1636718749999,0.9552931785583496,cat
DATA_CLEAN/images/36d6170c6941e411.jpg,840.1964664459227,916.3690710067748,1491.856241226196,1527.089624404907,0.8415400981903076,cat
DATA_CLEAN/images/36e77b7901694420.jpg,37.1822509765625,4.230682373046875,1236.4779052734375,873.653076171875,0.9218675494194031,cat
DATA_CLEAN/images/370e5b88f0e3802e.jpg,1363.9626159667969,205.7369842529297,3189.232800292969,2346.77756652832,0.9168343544006348,cat
DATA_CLEAN/images/3717e292126e56b7(1).jpg,680.7861328125,531.3046875,1189.4650268554688,1472.7657165527344,0.9363199472427368,cat
DATA_CLEAN/images/371911630aa16107.jpg,0.0,82.89121127128601,1100.668002128601,1419.371060848236,0.9345550537109375,cat
DATA_CLEAN/images/37198d03f6c6990b.jpg,0.0,1200.291929626465,3482.4670532226564,3440.9476318359375,0.9591007232666016,cat
DATA_CLEAN/images/371bbdf42b02871c.jpg,1713.7298534393312,259.18483200073246,3399.7185485839846,2568.490156555176,0.9162708520889282,cat
DATA_CLEAN/images/3737800102b4175b(1).jpg,406.4965591430664,1143.6954223632813,594.5740814208984,1395.6745697021483,0.38938087224960327,cat
DATA_CLEAN/images/3737800102b4175b(1).jpg,337.0553176879883,1446.4802612304686,644.575259399414,1580.3161712646483,0.37828952074050903,cat
DATA_CLEAN/images/3739a2c614728352.jpg,1671.666943359375,349.9622863769531,3264.0,2405.787725830078,0.9463299512863159,cat
DATA_CLEAN/images/373cd3e570dce033(1).jpg,13.892974853515625,34.397430419921875,1591.2022399902344,1022.0475769042969,0.9396426677703857,cat
DATA_CLEAN/images/374130a3fb1a1a4e.jpg,0.0,832.8434005737305,2297.9671142578127,3138.3119567871095,0.9170184135437012,cat
DATA_CLEAN/images/374642e97a62fce8.jpg,510.45096588134766,80.72781372070312,1072.6910018920898,712.59521484375,0.8564966917037964,cat
DATA_CLEAN/images/3750e6da4235aafa.jpg,427.7574645996094,361.7746032714844,1992.2319580078126,1245.4643188476564,0.9347763061523438,cat
DATA_CLEAN/images/3757ad4efb2c1379(1).jpg,534.3200208663941,1811.3519691467286,1389.3674039840698,2440.483424949646,0.915876030921936,cat
DATA_CLEAN/images/375b21650618f198.jpg,478.9490432739258,1521.6976867675783,1485.8068359375002,2051.9561645507815,0.7421960234642029,cat
DATA_CLEAN/images/37661d99f037a170.jpg,412.5509262084961,833.4278106689453,3144.843864440918,2753.7979125976562,0.9610304832458496,cat
DATA_CLEAN/images/37799218e52689c0.jpg,204.12235260009766,380.72174072265625,836.2900543212891,1051.5324401855469,0.879243016242981,cat
DATA_CLEAN/images/3779db16de97af41.jpg,389.5668029785156,9.372673034667969,1358.6944580078125,1019.7198486328125,0.9558179974555969,cat
DATA_CLEAN/images/3798d65cd0ef772d(1).jpg,229.93489379882814,398.6182342529297,3906.3997650146484,3444.0014465332033,0.9413756132125854,cat
DATA_CLEAN/images/379e67d927b15f62(1).jpg,1486.56884765625,935.8277587890625,2038.6658935546875,1244.014404296875,0.9124165177345276,cat
DATA_CLEAN/images/379e67d927b15f62(1).jpg,971.103271484375,941.89404296875,1519.489501953125,1261.268798828125,0.8962537050247192,cat
DATA_CLEAN/images/37aec5055e21b890(1).jpg,753.8951774597168,520.659832763672,1744.4230499267578,1014.796664428711,0.9168115854263306,cat
DATA_CLEAN/images/37aec5055e21b890(1).jpg,6.466552734375,1232.3276916503908,1189.4230041503906,1943.7817291259767,0.81898033618927,cat
DATA_CLEAN/images/37b1467243a97cd8.jpg,971.4568176269531,818.3156433105469,3736.1201782226562,2793.68603515625,0.6508113741874695,cat
DATA_CLEAN/images/37b1467243a97cd8.jpg,1462.3216705322266,385.90338134765625,3757.847412109375,1740.7439575195312,0.33463287353515625,cat
DATA_CLEAN/images/37b16c13ba7da916.jpg,273.58314056396483,167.335929107666,2477.601416015625,1204.1788238525392,0.8700211644172668,cat
DATA_CLEAN/images/37b421e53e667092(1).jpg,322.7051451206207,0.0,2047.0,1087.486905193329,0.7505315542221069,cat
DATA_CLEAN/images/37c160d2db91646a.jpg,275.5906677246094,224.9550075531006,767.3567905426025,802.7017478942871,0.5423943996429443,cat
DATA_CLEAN/images/37c38dbe23f1810b.jpg,642.7560546875,486.65380859375,1249.05234375,886.424609375,0.6359953880310059,cat
DATA_CLEAN/images/37c38dbe23f1810b.jpg,246.4546875,571.6576171875,1824.074609375,1536.0,0.568587064743042,cat
DATA_CLEAN/images/37d1183fc61c3062(1).jpg,178.34912109375,865.38681640625,807.58232421875,1131.1458984375,0.9299376010894775,cat
DATA_CLEAN/images/37d58d21bcdaf0bb.jpg,51.088714599609375,180.181396484375,577.2793579101562,561.91162109375,0.9392654895782471,cat
DATA_CLEAN/images/37d836dd6ec6b23f.jpg,638.0797576904297,156.67258987426757,1342.422784423828,1210.5681427001953,0.7961978912353516,cat
DATA_CLEAN/images/37ecb1824af79ce5(1).jpg,900.131103515625,377.67348632812497,2169.85458984375,2011.3123535156249,0.9376059770584106,cat
DATA_CLEAN/images/37fd02c9343813c2.jpg,0.0,29.426553153991698,1469.3667839050293,841.4105752944946,0.9382630586624146,cat
DATA_CLEAN/images/38001d1824cdddb3.jpg,1133.5025253295898,1256.4870391845704,2731.5438079833984,2492.3513122558597,0.8594158887863159,cat
DATA_CLEAN/images/380756c0750ab15b(1).jpg,74.342138671875,494.9515625,1063.2109375,1584.847265625,0.8850693702697754,cat
DATA_CLEAN/images/380756c0750ab15b(1).jpg,1005.74814453125,570.5724609375,1984.2921875,1577.546875,0.8348858952522278,cat
DATA_CLEAN/images/3817d3984b5dcb22.jpg,528.8996337890625,272.8757080078125,2044.75048828125,1455.1400390625,0.9387505054473877,cat
DATA_CLEAN/images/381d5a5f3ed3ee32.jpg,23.4302038192749,634.3041622638702,3843.3029067993166,1855.0503195762635,0.8322305083274841,cat
DATA_CLEAN/images/382df18caa7e5c2c.jpg,1206.6287412643433,35.61153244972229,2387.782875061035,1576.4333753585815,0.8797738552093506,cat
DATA_CLEAN/images/38307af2d7397a2f.jpg,806.0271057128907,810.477621459961,2489.150408935547,1856.4858947753908,0.9532966613769531,cat
DATA_CLEAN/images/3833e5d7be243723(1).jpg,341.450390625,38.976416015625,997.3501953125,594.987158203125,0.9589267373085022,cat
DATA_CLEAN/images/383e9ccdf26d38a4.jpg,3960.0205513000487,1979.670314025879,4795.384858703613,3387.762707519531,0.931874692440033,cat
DATA_CLEAN/images/383e9ccdf26d38a4.jpg,3977.7922828674314,1974.2186096191406,4794.895335388183,3390.9987030029297,0.5096875429153442,cat
DATA_CLEAN/images/383e9ccdf26d38a4.jpg,2830.779972839355,853.7419178009033,3417.6155960083006,1411.981800842285,0.35620617866516113,cat
DATA_CLEAN/images/38518d6945627686.jpg,302.39666748046875,413.42755126953125,434.2974548339844,613.4930419921875,0.8312562704086304,cat
DATA_CLEAN/images/38518d6945627686.jpg,198.35247802734375,44.44712829589844,533.8690795898438,324.986572265625,0.6013647317886353,cat
DATA_CLEAN/images/3861e2445fabad30(1).jpg,221.2584716796875,30.6695068359375,638.66318359375,434.098681640625,0.8910529613494873,cat
DATA_CLEAN/images/386a0ef65cdf8680(1).jpg,439.10723404884334,434.4539655447006,2944.9974060058594,2606.045974159241,0.9118030667304993,cat
DATA_CLEAN/images/38782c7531909422(1).jpg,0.0,143.20283203125,1364.182421875,1367.0,0.9063749313354492,cat
DATA_CLEAN/images/3881e2c1e8c8efc6.jpg,38.58318328857422,0.0,3996.9161987304688,2963.079071044922,0.7740195989608765,cat
DATA_CLEAN/images/38a272d1f8a83201.jpg,532.2259892463684,205.44261288642883,2109.6565607070925,1581.7306546211244,0.9417639970779419,cat
DATA_CLEAN/images/38a4b9d86f024127(1).jpg,0.0,66.66637420654297,1449.5596313476562,1059.6533203125,0.9425010681152344,cat
DATA_CLEAN/images/38a6af8f3c037953.jpg,1541.8032531738281,1227.8332077026366,2889.8245544433594,2070.480583190918,0.8473384976387024,cat
DATA_CLEAN/images/38a6af8f3c037953.jpg,463.4098262786865,1299.9289642333983,1838.0074645996094,2094.872201538086,0.4572523236274719,cat
DATA_CLEAN/images/38b7768096683365.jpg,36.71823348999023,55.49991512298584,1090.9109867095947,609.5886943817138,0.9422186613082886,cat
DATA_CLEAN/images/38bbd14ec0a85e6c.jpg,1122.459765625,49.2267578125,1884.705078125,1531.69921875,0.9199421405792236,cat
DATA_CLEAN/images/38c4f6fd78f0c236.jpg,512.8823608398437,301.1199493408203,1326.822137451172,1868.0215148925781,0.8694278597831726,cat
DATA_CLEAN/images/38c8eed408f465e1.jpg,670.1775512695312,176.86931152343752,2095.1908935546876,1606.1646240234375,0.8586106300354004,cat
DATA_CLEAN/images/38d648cc2c63a9af.jpg,8.841732788085938,2313.2762969970704,1278.8757385253907,2894.3963012695312,0.9108297228813171,cat
DATA_CLEAN/images/38d648cc2c63a9af.jpg,1430.6091430664062,1119.756610107422,1871.3526123046875,1491.767431640625,0.74924635887146,cat
DATA_CLEAN/images/38d91e9802665258.jpg,349.5997619628906,16.03771209716797,1282.0587158203125,715.2321624755859,0.4645434617996216,cat
DATA_CLEAN/images/38d91e9802665258.jpg,578.9810562133789,18.70840072631836,1273.7591552734375,707.8431701660156,0.2696796953678131,cat
DATA_CLEAN/images/38df824273c318d2.jpg,1067.441372680664,624.3852676391602,1926.5784301757812,1515.571517944336,0.9115304946899414,cat
DATA_CLEAN/images/38df824273c318d2.jpg,1745.5180206298828,1022.0704650878906,2514.0468566894533,1596.0549682617188,0.7769851088523865,cat
DATA_CLEAN/images/3902b7f116d3a4a6.jpg,671.3587719082832,189.23374004364013,1687.207795524597,2341.1246676445007,0.9326660633087158,cat
DATA_CLEAN/images/3906a667467e186e.jpg,534.4292449951172,579.5481109619141,815.0166320800781,923.5223388671875,0.7527760863304138,cat
DATA_CLEAN/images/39108e796f9a5a19.jpg,71.650146484375,174.47869873046875,1178.286376953125,855.7606201171875,0.9069076180458069,cat
DATA_CLEAN/images/391d9e62168778cc(1).jpg,266.0158808708191,50.42451915740967,768.0,441.183423614502,0.724831223487854,cat
DATA_CLEAN/images/391d9e62168778cc(1).jpg,129.86751251220704,368.48249664306644,556.2162403106689,882.5991069793702,0.44707953929901123,cat
DATA_CLEAN/images/3920524bb0989a9e(1).jpg,0.0,118.37744140625,579.4832763671875,623.5350341796875,0.9254079461097717,cat
DATA_CLEAN/images/392810e4fa3ef82f(1).jpg,877.8322601318359,166.78001403808594,1441.492919921875,748.1812286376953,0.9100633859634399,cat
DATA_CLEAN/images/393144e0c14815fe.jpg,0.0,449.64322156906127,2546.5885929107667,2335.0,0.9408400654792786,cat
DATA_CLEAN/images/393c19ad51a0d0f7(1).jpg,385.78684844970707,136.1136428833008,2592.0,1919.7993713378908,0.8904902935028076,cat
DATA_CLEAN/images/395eff2d19c28e00.jpg,1739.244369506836,774.379330444336,3828.2498931884766,2873.825765991211,0.9224544167518616,cat
DATA_CLEAN/images/3964fc82ee10561c(1).jpg,115.90945434570312,0.0,375.4356689453125,266.86773681640625,0.5905715227127075,cat
DATA_CLEAN/images/3964fc82ee10561c(1).jpg,88.06689453125,0.302734375,548.82177734375,591.8369140625,0.3890279531478882,cat
DATA_CLEAN/images/396c1042b683ebc5.jpg,1413.8504516601563,63.53888626098633,2181.239923095703,1162.3637191772461,0.28879958391189575,cat
DATA_CLEAN/images/397f0e9fce9c2457.jpg,754.393702697754,1632.5593688964843,3252.482666015625,2448.0,0.7418687343597412,cat
DATA_CLEAN/images/397f0e9fce9c2457.jpg,791.8314971923828,1189.7981872558594,1992.2572265625001,1793.697610473633,0.4704771637916565,cat
DATA_CLEAN/images/3984479420b3b5be.jpg,95.872802734375,118.35512161254883,516.5471267700195,610.604133605957,0.3585490584373474,cat
DATA_CLEAN/images/3984479420b3b5be.jpg,92.51184463500977,119.01939392089844,514.2296600341797,610.0524520874023,0.27603083848953247,cat
DATA_CLEAN/images/39903cd17304cd72(1).jpg,72.15386962890625,190.38577270507812,936.9698486328125,460.725341796875,0.7763637900352478,cat
DATA_CLEAN/images/39903cd17304cd72(1).jpg,150.68038940429688,325.9804992675781,1009.0242919921875,876.962158203125,0.6281995177268982,cat
DATA_CLEAN/images/39ad6ed9b5c2b360.jpg,1175.6494903564453,261.09302520751953,1563.0267333984375,739.5445251464844,0.8383387923240662,cat
DATA_CLEAN/images/39ad6ed9b5c2b360.jpg,278.8591003417969,177.56317138671875,791.561279296875,677.0653533935547,0.7919127941131592,cat
DATA_CLEAN/images/39ad6ed9b5c2b360.jpg,275.6052017211914,181.21292114257812,794.1288757324219,678.6397552490234,0.38140371441841125,cat
DATA_CLEAN/images/39b1ffe126b054d3.jpg,77.44719715118408,259.20695900917053,336.524161195755,775.3865211486817,0.9219893217086792,cat
DATA_CLEAN/images/39b1ffe126b054d3.jpg,500.4939301013947,237.92874536514285,722.1347716331483,729.0058280944825,0.764011025428772,cat
DATA_CLEAN/images/39b1ffe126b054d3.jpg,303.111713218689,243.54303774833681,512.5641446113586,748.5832180976868,0.4992724657058716,cat
DATA_CLEAN/images/39b2b787c450132e.jpg,326.8927001953125,373.084716796875,422.59112548828125,580.774169921875,0.9137749671936035,cat
DATA_CLEAN/images/39b2b787c450132e.jpg,328.32110595703125,59.73828125,411.58685302734375,237.84051513671875,0.8837372064590454,cat
DATA_CLEAN/images/39b2b787c450132e.jpg,22.624954223632812,358.505615234375,104.89803314208984,601.202392578125,0.7987321615219116,cat
DATA_CLEAN/images/39b2b787c450132e.jpg,13.677078247070312,43.45945739746094,158.53411865234375,225.26083374023438,0.7432089447975159,cat
DATA_CLEAN/images/39b93e931e9f4836.jpg,1422.4810091257095,668.1492455005646,3800.4798374176025,2192.8090767860413,0.9506272077560425,cat
DATA_CLEAN/images/39c3646706b4bda4(1).jpg,541.2673820495605,265.9970901489258,1589.8618270874024,1282.5839370727538,0.910295307636261,cat
DATA_CLEAN/images/39c925320d6305e6(1).jpg,810.7084350585938,130.984130859375,2509.2373046875,1908.61181640625,0.92424076795578,cat
DATA_CLEAN/images/39d5e49f84a54d43(1).jpg,188.593017578125,62.892822265625,2560.0,1814.21142578125,0.7533800601959229,cat
DATA_CLEAN/images/39d5e49f84a54d43(1).jpg,234.5098876953125,0.0,2548.535400390625,1826.640869140625,0.3471103310585022,cat
DATA_CLEAN/images/39de1c75d846efb2(1).jpg,0.0,2820.034231567383,2676.1549163818363,4607.301159667969,0.8764535188674927,cat
DATA_CLEAN/images/39e74ba4cfc07a88.jpg,1091.5071456909182,187.24034118652347,3613.4980285644533,2637.376239013672,0.8842957019805908,cat
DATA_CLEAN/images/39f023875aaf1c81(1).jpg,0.0,378.3563703536987,1557.055891418457,1691.4423439025877,0.9266833066940308,cat
DATA_CLEAN/images/39f812a795b8b834(1).jpg,1043.326912689209,232.87404174804686,3226.3486083984376,1803.0473358154297,0.9365962743759155,cat
DATA_CLEAN/images/39ff70dd30e451b6.jpg,435.4960095405579,239.18159880638123,3103.659177017212,2645.423170280457,0.703276515007019,cat
DATA_CLEAN/images/3a0e5c05f66ba8b3.jpg,599.9231585264206,500.6960275173187,916.51997423172,831.89666056633,0.9405893087387085,cat
DATA_CLEAN/images/3a123071fa80b9f4.jpg,376.212890625,237.49453125,1697.7216796875,1530.071484375,0.9190115928649902,cat
DATA_CLEAN/images/3a282e2937a30bfb.jpg,1448.5485717773438,942.1595397949219,2667.7075836181643,2885.797979736328,0.9262035489082336,cat
DATA_CLEAN/images/3a349dfaa43ea33e.jpg,343.1854248046875,233.67363281250002,2623.2763916015624,2158.530487060547,0.8236465454101562,cat
DATA_CLEAN/images/3a35a55f884545b8(1).jpg,0.0,288.74413375854493,3634.896054077148,2294.7748962402343,0.9437325596809387,cat
DATA_CLEAN/images/3a3ab5997072362a.jpg,46.592236328125,0.0,526.30126953125,714.160791015625,0.7119040489196777,cat
DATA_CLEAN/images/3a3f24795042b178.jpg,957.67578125,64.6548828125,2048.0,1521.78984375,0.8774518966674805,cat
DATA_CLEAN/images/3a47ba7b6cef19c9.jpg,724.6689453125,475.03759765625,1229.40771484375,715.29345703125,0.8928923010826111,cat
DATA_CLEAN/images/3a47ba7b6cef19c9.jpg,409.1484375,467.3680419921875,727.3538208007812,718.96875,0.8320935964584351,cat
DATA_CLEAN/images/3a47ba7b6cef19c9.jpg,91.96615600585938,518.6646728515625,454.5084228515625,711.1917114257812,0.8188761472702026,cat
DATA_CLEAN/images/3a4c078de56dc50a.jpg,938.2226379394532,465.5561264038086,1905.265299987793,1414.3859466552735,0.862118124961853,cat
DATA_CLEAN/images/3a505f5d7c13c537(1).jpg,190.7716796875,269.997265625,1664.3935546875,1362.3181640625,0.8514132499694824,cat
DATA_CLEAN/images/3a533fe105f3332c(1).jpg,,,,,,
DATA_CLEAN/images/3a53f28a102e00bd.jpg,1524.493388748169,128.48643074035644,4207.814747619629,2991.47839050293,0.9471414089202881,cat
DATA_CLEAN/images/3a6aa4a2e4a2e7df.jpg,247.8411340713501,246.49728298187256,746.1611251831055,906.553035736084,0.7999668717384338,cat
DATA_CLEAN/images/3a8231d62fcee96c.jpg,196.4544158935547,194.63952941894533,1778.411508178711,2588.1237762451174,0.9284521341323853,cat
DATA_CLEAN/images/3a9c6137d983031a.jpg,624.0241241455078,46.58317565917969,1564.0866088867188,1056.607666015625,0.9344303011894226,cat
DATA_CLEAN/images/3a9d51b925f933e8.jpg,0.0,62.16738376617432,3216.8881622314457,2180.434969329834,0.9313781261444092,cat
DATA_CLEAN/images/3ab56777a5c13219(1).jpg,128.62142944335938,882.6276245117188,1204.376953125,2071.25048828125,0.741266667842865,cat
DATA_CLEAN/images/3abaaf3c50f16185.jpg,301.2001037597656,106.83969116210938,957.93896484375,847.619873046875,0.8719968199729919,cat
DATA_CLEAN/images/3abafb4fa6c752fe.jpg,40.436279296875,58.83796691894531,456.589111328125,457.04022216796875,0.7942290306091309,cat
DATA_CLEAN/images/3ac023beac225912.jpg,212.7649108886719,265.6273109436035,1726.5362091064453,2170.1325805664064,0.87489914894104,cat
DATA_CLEAN/images/3ac036144b1db27e.jpg,,,,,,
DATA_CLEAN/images/3ac971f02363aa20.jpg,991.074001121521,291.0578879356384,2662.343112182617,1963.447335243225,0.4771037697792053,cat
DATA_CLEAN/images/3ac971f02363aa20.jpg,2539.8428493499755,461.05109996795653,3676.0,1567.3806455612182,0.32350215315818787,cat
DATA_CLEAN/images/3ace878399057d72.jpg,,,,,,
DATA_CLEAN/images/3acef5c6cec53929.jpg,171.01472854614258,168.33189010620117,1079.7063446044922,825.7514190673828,0.9250960350036621,cat
DATA_CLEAN/images/3ae4a8151b74d7ba(1).jpg,480.818603515625,285.028857421875,1688.18046875,1095.55625,0.9257206320762634,cat
DATA_CLEAN/images/3aec918ba3da8126(1).jpg,187.93083572387695,177.2287582397461,2070.677183532715,2832.0,0.9113170504570007,cat
DATA_CLEAN/images/3aec9b2ef2edb318.jpg,985.5255065917969,2108.334521484375,1604.841815185547,3020.574298095703,0.9244268536567688,cat
DATA_CLEAN/images/3aeda2b040c2a8a8.jpg,59.0518798828125,92.65093994140625,1280.0,937.6953125,0.9403907656669617,cat
DATA_CLEAN/images/3af33e8bcb9b1f2e(1).jpg,0.0,0.025927734375,1735.6076171875,1236.0287109375,0.9156684279441833,cat
DATA_CLEAN/images/3af3d122cb74e124.jpg,36.91101408004761,55.822054862976074,784.5505437850952,767.2805552482605,0.5452337861061096,cat
DATA_CLEAN/images/3af3d122cb74e124.jpg,36.352078437805176,51.69641065597534,774.0912246704102,774.21919298172,0.5334782600402832,cat
DATA_CLEAN/images/3af6d0bd0c75f7c8.jpg,998.2750053405762,428.04871215820316,2478.2655487060547,1931.2710754394532,0.9232063293457031,cat
DATA_CLEAN/images/3afbd710622cdffb.jpg,1128.0087959289551,3117.2197036743164,1958.4883483886717,3797.9238510131836,0.9056736826896667,cat
DATA_CLEAN/images/3b3c002950357ae9.jpg,1512.8924674987793,1101.2521591186523,3593.4354766845704,2526.9069946289064,0.556755542755127,cat
DATA_CLEAN/images/3b3c269dfd6cb74a.jpg,626.5128684997559,640.9702239990235,1331.4476074218749,1092.9696838378907,0.8330019116401672,cat
DATA_CLEAN/images/3b44aed4d1b2cdcd.jpg,471.79327368736267,425.5802446603775,1673.6170048713684,1556.9833989143372,0.8242770433425903,cat
DATA_CLEAN/images/3b48804ea930ced0.jpg,1153.0694274902344,1316.2208068847658,1986.802722167969,2217.5809997558595,0.870353102684021,cat
DATA_CLEAN/images/3b48804ea930ced0.jpg,2631.266537475586,1445.5168212890626,3750.0338378906254,2714.034478759766,0.6868329048156738,cat
DATA_CLEAN/images/3b4aa8ef52d306fd.jpg,3653.900738525391,839.9143432617188,5070.4881591796875,2540.29741973877,0.9085836410522461,cat
DATA_CLEAN/images/3b50d6a85a5ef5d0.jpg,1291.0643188476563,932.3836791992188,2270.424673461914,1909.7251190185548,0.9181718826293945,cat
DATA_CLEAN/images/3b5568b6fb3e0254.jpg,678.0341285705566,549.4964050292969,1331.883773803711,1205.420765686035,0.9236634969711304,cat
DATA_CLEAN/images/3b619b755985cc77.jpg,116.82888793945312,239.23986911773682,551.1102676391602,867.2613945007324,0.8864009380340576,cat
DATA_CLEAN/images/3b64c2140f014dff(1).jpg,158.43238830566406,190.07835388183594,3560.6483459472656,2882.2250366210938,0.9434200525283813,cat
DATA_CLEAN/images/3b6a1e770f34e9ee.jpg,1.3676104545593262,33.47901248931885,662.5265636444092,680.3660774230957,0.9419035911560059,cat
DATA_CLEAN/images/3b6a4d9634179365.jpg,910.8745010375976,493.04718322753905,2587.372662353516,1876.8000183105469,0.8948628306388855,cat
DATA_CLEAN/images/3b72914f42280721.jpg,,,,,,
DATA_CLEAN/images/3b7387c6357caa07.jpg,119.87571716308594,86.95294857025146,802.1778106689453,871.7361450195312,0.9225285649299622,cat
DATA_CLEAN/images/3b76fb9b0ec92ed5(1).jpg,530.866552734375,192.81923828125,1707.8701171875,1062.204296875,0.9223412871360779,cat
DATA_CLEAN/images/3b78324883398537(1).jpg,46.00021820068359,179.19191093444823,3026.341680908203,2707.388800048828,0.941914439201355,cat
DATA_CLEAN/images/3b802000c1f7c261(1).jpg,1245.7298583984375,339.9849426269531,2304.0,1225.9395263671875,0.9444513320922852,cat
DATA_CLEAN/images/3b802000c1f7c261(1).jpg,0.47548828125,809.687109375,1078.9235595703124,1424.8843505859375,0.9183305501937866,cat
DATA_CLEAN/images/3b8c5c78a9d2e826.jpg,1001.6520629882812,620.8479721069335,2964.4406661987305,2887.151623535156,0.3330269455909729,cat
DATA_CLEAN/images/3b8d3eea7e3b7d6b.jpg,0.0,156.01654357910155,3361.848891448975,3154.8931045532227,0.9454400539398193,cat
DATA_CLEAN/images/3b8eddccd3f0a4a9(1).jpg,198.3949179649353,167.08161449432373,2040.3971672058105,1254.6924619674683,0.952040433883667,cat
DATA_CLEAN/images/3b8eddccd3f0a4a9(1).jpg,1943.8429946899414,398.366153717041,4069.326555252075,1271.210376739502,0.9313092827796936,cat
DATA_CLEAN/images/3b963530f92a1373(1).jpg,0.0,156.660107421875,1626.048828125,1425.7044921875,0.9353539943695068,cat
DATA_CLEAN/images/3ba8e9a2949a4244.jpg,647.3035615682602,258.4129500389099,1959.5545828342438,1417.342929840088,0.9232887029647827,cat
DATA_CLEAN/images/3bb0883f968c3108.jpg,971.5692138671875,32.36865997314453,1600.0,1192.3973083496094,0.8995301723480225,cat
DATA_CLEAN/images/3bb0883f968c3108.jpg,0.0,122.9315185546875,934.9856567382812,1200.0,0.8915467262268066,cat
DATA_CLEAN/images/3bc55fd11d9dbf88.jpg,188.9683837890625,130.32373046875,970.5966796875,573.04736328125,0.6756227016448975,cat
DATA_CLEAN/images/3bca7c6030df4ead(1).jpg,138.69149293899537,99.72270984649658,1576.7618268013,2683.897499370575,0.9335274696350098,cat
DATA_CLEAN/images/3be3f2790d0b977c.jpg,0.0,5.521270751953125,494.8792724609375,839.18603515625,0.47948047518730164,cat
DATA_CLEAN/images/3bfeb471a3dc6005.jpg,83.157470703125,12.810211181640625,1230.90185546875,933.746826171875,0.9109885692596436,cat
DATA_CLEAN/images/3c0aaa8c0bdca9cf.jpg,190.96798095703124,620.2194854736329,3264.0,1327.3495513916016,0.9086978435516357,cat
DATA_CLEAN/images/3c0b53573a2ddc72(1).jpg,707.2292392730712,341.29382743835447,1595.6874080657958,933.873143005371,0.9174783229827881,cat
DATA_CLEAN/images/3c107fcb8847bfcf.jpg,,,,,,
DATA_CLEAN/images/3c30783163781ee2(1).jpg,334.6245042324066,214.90641736984253,2656.3298392295837,1636.2356088161469,0.5336785912513733,cat
DATA_CLEAN/images/3c30783163781ee2(1).jpg,1030.199458026886,954.4791902542114,2240.2563099384306,1650.8760353565217,0.33320295810699463,cat
DATA_CLEAN/images/3c3f273ab1520544(1).jpg,473.49987030029297,676.1284828186035,2580.6934356689453,2361.9096755981445,0.9543735980987549,cat
DATA_CLEAN/images/3c617ec23fbae27d(1).jpg,131.5518193244934,340.00513122081753,2877.0,1482.8256360054015,0.9491069316864014,cat
DATA_CLEAN/images/3c80802af8407fe6.jpg,684.4869637966156,319.85053577423093,1738.0,1405.816608428955,0.9420077800750732,cat
DATA_CLEAN/images/3c80802af8407fe6.jpg,164.59479949474334,94.87542879581451,794.1292043685913,642.8397698402405,0.7612648606300354,cat
DATA_CLEAN/images/3c868f1400a75f3a.jpg,4.6594085693359375,140.47092056274414,2136.530307006836,1736.4536376953126,0.9317537546157837,cat
DATA_CLEAN/images/3c8afef8b82b5eac.jpg,857.6897857666015,1274.2169059753417,1662.2243911743165,3059.6307479858397,0.9154362082481384,cat
DATA_CLEAN/images/3c8fee0a22304b88.jpg,170.64974308013916,151.08323097229004,827.5306701660156,602.6457786560059,0.9677824974060059,cat
DATA_CLEAN/images/3c9802c977375a94.jpg,1.99267578125,78.0260009765625,970.7111328125,684.01796875,0.9302865266799927,cat
DATA_CLEAN/images/3ca13b57f33160f4.jpg,1606.3308174133301,2959.538880157471,2216.6033683776855,4400.391082763672,0.9080166816711426,cat
DATA_CLEAN/images/3ca13b57f33160f4.jpg,1115.097095489502,3978.558270263672,1562.211570739746,4501.707618713379,0.7023980617523193,cat
DATA_CLEAN/images/3ca13b57f33160f4.jpg,1969.5954528808595,2613.178310394287,2222.726364898682,2938.9116645812987,0.5860810279846191,cat
DATA_CLEAN/images/3ca13b57f33160f4.jpg,1116.994132232666,3974.8765869140625,1559.3304405212402,4489.620693969727,0.4817923903465271,cat
DATA_CLEAN/images/3ca67ecf5323dd46.jpg,780.424126625061,734.3134414672852,1384.0579296112062,988.7927055358887,0.5977185368537903,cat
DATA_CLEAN/images/3caba7788638784a.jpg,0.0,511.645344543457,1872.890740585327,2856.0,0.8983410596847534,cat
DATA_CLEAN/images/3cce603a69d00aad.jpg,1702.4027252197266,1200.152325439453,3536.756414794922,2348.9836029052735,0.9075311422348022,cat
DATA_CLEAN/images/3cce603a69d00aad.jpg,1002.7058074951173,545.7985702514649,1959.891979980469,1505.179559326172,0.8594068288803101,cat
DATA_CLEAN/images/3cce603a69d00aad.jpg,654.1614532470703,455.535726928711,1122.1895874023437,1379.3991302490235,0.40569648146629333,cat
DATA_CLEAN/images/3cdeae3a04787ed6.jpg,929.8932075500488,204.66070175170898,3183.5342407226562,2018.7458038330078,0.9254965782165527,cat
DATA_CLEAN/images/3d0e9965dfcccffa.jpg,585.0187774658203,761.0437957763672,1654.067678833008,2006.292810058594,0.8984920978546143,cat
DATA_CLEAN/images/3d1768979c1b17b7(1).jpg,0.0,268.3306640625,898.0301513671875,882.5360595703124,0.9430776238441467,cat
DATA_CLEAN/images/3d1768979c1b17b7(1).jpg,969.219580078125,284.453173828125,1393.881884765625,863.9841064453125,0.8235179781913757,cat
DATA_CLEAN/images/3d18d322975589a8.jpg,414.7904022216797,631.1835205078125,2709.6949951171873,1737.5453155517578,0.933895468711853,cat
DATA_CLEAN/images/3d1a07a220c51527.jpg,811.4597190856933,816.8818154335022,1123.0110747337342,1148.8615166664124,0.9160211086273193,cat
DATA_CLEAN/images/3d1a07a220c51527.jpg,810.200532579422,57.28897552490234,1129.8775237083435,368.0265957593918,0.9053195118904114,cat
DATA_CLEAN/images/3d1a07a220c51527.jpg,814.5751746177673,416.7372885465622,1124.4640741348267,768.8261157989502,0.9043000936508179,cat
DATA_CLEAN/images/3d205dede4a6af2e(1).jpg,564.3175598144531,242.19558410644532,5991.979626464844,3980.3692993164063,0.934581458568573,cat
DATA_CLEAN/images/3d38c6390daf10da.jpg,9.132080078125,230.02544403076172,758.1011962890625,1561.4927673339844,0.8700716495513916,cat
DATA_CLEAN/images/3d3915a2938cb1e8.jpg,601.9463989257813,130.7792175292969,2816.0,1952.400634765625,0.9185998439788818,cat
DATA_CLEAN/images/3d45f264fc1e4ac6.jpg,173.0206298828125,247.35225677490234,721.2616729736328,1236.4816284179688,0.7915710210800171,cat
DATA_CLEAN/images/3d4658ae10efd987(1).jpg,52.29935760498047,401.3786315917969,2421.9365844726562,1583.0719299316406,0.9144552946090698,cat
DATA_CLEAN/images/3d5f5bee514031d6.jpg,0.0,143.03276367187502,3299.2259765625004,2302.9506958007814,0.9342147707939148,cat
DATA_CLEAN/images/3d6a136af6d5138e.jpg,727.7470153808595,99.64951629638672,4203.466479492188,2816.7141052246097,0.940460205078125,cat
DATA_CLEAN/images/3d71e34e6fd4a977.jpg,785.5351638793945,64.66168642044067,1264.4213104248047,447.02579498291016,0.7709941864013672,cat
DATA_CLEAN/images/3d71e34e6fd4a977.jpg,10.793981552124023,45.07986545562744,926.7978000640869,516.1952018737793,0.7045726776123047,cat
DATA_CLEAN/images/3d71e34e6fd4a977.jpg,0.33225059509277344,53.5942268371582,562.507209777832,517.3682498931885,0.3746647238731384,cat
DATA_CLEAN/images/3d8380cf0fa50948(1).jpg,7.362094116210938,159.35760040283205,3242.7910217285157,2732.2524169921876,0.8206794857978821,cat
DATA_CLEAN/images/3d8a3f139c88300e.jpg,40.030029296875,11.28997802734375,584.0835571289062,611.064453125,0.9142104983329773,cat
DATA_CLEAN/images/3d93bd253c57770e.jpg,171.4518758058548,238.53883781433106,1305.5777105331422,1697.6405744552612,0.9143005609512329,cat
DATA_CLEAN/images/3d9948185e2663b9.jpg,186.4668685913086,352.54928665161134,1996.3812652587892,1584.2646606445314,0.954925537109375,cat
DATA_CLEAN/images/3d9fecc535083227.jpg,0.0,111.79922485351562,829.634765625,864.0,0.9315503835678101,cat
DATA_CLEAN/images/3daa4f86bd398f6c(1).jpg,615.6964874267578,1099.4860382080078,1371.7979736328125,1812.864028930664,0.7866842746734619,cat
DATA_CLEAN/images/3dcda081acd75113.jpg,0.0,56.248321533203125,975.2609252929688,1200.0,0.9054868221282959,cat
DATA_CLEAN/images/3dd3ac6396aaf4cc.jpg,629.2920318603516,284.2134063720703,3002.9260070800783,2183.8420074462892,0.8891326189041138,cat
DATA_CLEAN/images/3df00c441b9578f2.jpg,911.9836463928223,574.8514171600342,2738.2655868530273,2700.495703125,0.8212767839431763,cat
DATA_CLEAN/images/3df06345e15dc9c2.jpg,1729.528161621094,1003.4830535888672,2791.1275268554687,2429.7577880859376,0.48665541410446167,cat
DATA_CLEAN/images/3df525e316626118(1).jpg,718.11142578125,1128.163671875,1280.512890625,1959.1416015625,0.9086688756942749,cat
DATA_CLEAN/images/3e0702441a4858f1.jpg,131.91005859375,215.62265624999998,2776.04033203125,2258.9314453125,0.9153903722763062,cat
DATA_CLEAN/images/3e0bee038f0bbabd.jpg,220.0002227783203,405.28346557617186,2296.8782592773437,3232.8160400390625,0.9295459985733032,cat
DATA_CLEAN/images/3e132f64bd1bed44.jpg,145.62076721191406,369.4799377441406,2239.876350402832,1506.1352394104003,0.9636632204055786,cat
DATA_CLEAN/images/3e270c37fbc4f9d9.jpg,15.429608821868898,156.55707473754885,3743.0,3063.8730407714847,0.9264785647392273,cat
DATA_CLEAN/images/3e27327e6527a418.jpg,1056.7109375,742.67578125,1453.019921875,1219.408984375,0.828702449798584,cat
DATA_CLEAN/images/3e3273ca236f8ed8.jpg,60.59306640625,184.065673828125,990.6013671875,622.631787109375,0.8001798391342163,cat
DATA_CLEAN/images/3e49e433473bf929(1).jpg,828.3531173706056,212.3904613494873,2738.127931213379,1778.6467544555665,0.9013642072677612,cat
DATA_CLEAN/images/3e4adb8613ee7f72.jpg,156.42288208007812,42.425567626953125,549.7824096679688,623.7542724609375,0.8498771786689758,cat
DATA_CLEAN/images/3e5625c83f931a3d.jpg,125.9394401550293,327.4435638427734,1330.5708251953124,871.93564453125,0.9024136066436768,cat
DATA_CLEAN/images/3e5625c83f931a3d.jpg,2044.6466217041016,277.21055603027344,3264.0,885.0450164794922,0.7869452238082886,cat
DATA_CLEAN/images/3e566180ac4d1c0d.jpg,935.8384817123414,0.0,1914.872179889679,982.7639507293702,0.8727315664291382,cat
DATA_CLEAN/images/3e566180ac4d1c0d.jpg,0.0,166.0576188325882,906.6839202880859,1045.1448320388795,0.7340877652168274,cat
DATA_CLEAN/images/3e566180ac4d1c0d.jpg,34.075452184677125,75.87583103179932,1912.0676807403565,1036.5763320446015,0.3469577431678772,cat
DATA_CLEAN/images/3e59614098a874db.jpg,1283.1506713867188,392.8876358032227,3387.8486694335943,2812.960061645508,0.9149806499481201,cat
DATA_CLEAN/images/3e5d53e619dc1aad(1).jpg,155.3788948059082,234.78057861328125,507.3910903930664,948.0733108520508,0.9073155522346497,cat
DATA_CLEAN/images/3e74a4b5a8257783.jpg,397.69732666015625,345.62237548828125,785.6543579101562,720.0,0.9008870124816895,cat
DATA_CLEAN/images/3e7a64c20a6cfd8b.jpg,132.71133422851562,166.75628662109375,1115.767822265625,1064.3890380859375,0.931210994720459,cat
DATA_CLEAN/images/3e7ee2e3d5d40c6a(1).jpg,341.1033066749573,327.63082485198976,1095.701013183594,874.318190574646,0.931075394153595,cat
DATA_CLEAN/images/3e81bb4ee6138e88.jpg,258.96759033203125,85.40115356445312,607.8226318359375,412.067626953125,0.9247224926948547,cat
DATA_CLEAN/images/3e9b1792637abefe.jpg,817.8822247982025,535.419044137001,2078.1919763088226,1824.9110476970673,0.9042654037475586,cat
DATA_CLEAN/images/3e9b1792637abefe.jpg,39.44899892807007,1755.252364397049,906.628515958786,3084.8317737579346,0.8571077585220337,cat
DATA_CLEAN/images/3ea0cccd9f14a34a(1).jpg,219.7399616241455,355.1858425140381,755.6056976318359,642.9642677307129,0.6119577884674072,cat
DATA_CLEAN/images/3ea0cccd9f14a34a(1).jpg,217.51227378845215,356.9862365722656,754.1728973388672,643.6738967895508,0.5203046798706055,cat
DATA_CLEAN/images/3ea41a8cc836f961.jpg,91.62357470989228,89.99671201705932,1150.0880331516266,1117.6712034225463,0.9366613626480103,cat
DATA_CLEAN/images/3ea41a8cc836f961.jpg,1315.8484812259674,763.2986210346222,1861.939306640625,1032.2750531196596,0.7869338393211365,cat
DATA_CLEAN/images/3eaac7606f8e039a(1).jpg,1231.402587890625,634.2415771484375,1844.2408447265625,1087.0546875,0.38267070055007935,cat
DATA_CLEAN/images/3ec15b91f16b49d0.jpg,642.1894035339355,925.9535400390625,2834.437796020508,2137.854772949219,0.7659939527511597,cat
DATA_CLEAN/images/3ec15b91f16b49d0.jpg,1254.8762825012209,101.15353202819824,2504.1552642822267,1077.3051742553712,0.6089162230491638,cat
DATA_CLEAN/images/3ec85888d116a9b0(1).jpg,645.0836687088013,481.01647663116455,1736.1345748901367,1096.5700588226318,0.936932384967804,cat
DATA_CLEAN/images/3ed0c67a5c9d1d75(1).jpg,97.192724609375,29.438037109375,897.66640625,481.809423828125,0.9596574306488037,cat
DATA_CLEAN/images/3ef0894d5723f950.jpg,227.5036197900772,73.75398635864258,803.1171226501465,600.2687335014343,0.947847306728363,cat
DATA_CLEAN/images/3f01c57d7df08550.jpg,628.5234169006349,863.847331237793,1895.449912261963,2332.3540100097657,0.923560619354248,cat
DATA_CLEAN/images/3f10bd7b18992b42.jpg,2.6956796646118164,7.876396179199219,729.320240020752,951.4862060546875,0.9355602264404297,cat
DATA_CLEAN/images/3f2ca441dc3149c7(1).jpg,69.24486923217773,126.14199256896973,1603.9716110229492,1442.425163269043,0.9212356805801392,cat
DATA_CLEAN/images/3f35a2f1f1053106.jpg,162.169189453125,252.90131835937498,1728.0,2170.2970458984373,0.9409553408622742,cat
DATA_CLEAN/images/3f3898ce0298a793.jpg,0.0,285.94936523437497,1151.76357421875,2300.6595703125,0.9237114191055298,cat
DATA_CLEAN/images/3f3898ce0298a793.jpg,628.072265625,1324.885400390625,3072.0,2294.4372070312497,0.8150447607040405,cat
DATA_CLEAN/images/3f3898ce0298a793.jpg,893.134130859375,431.8824462890625,2774.76650390625,1413.583447265625,0.4913947880268097,cat
DATA_CLEAN/images/3f403cdc8b8a0d71(1).jpg,33.34545464515686,205.02392399311066,2425.713650417328,2582.9554456710816,0.9270666837692261,cat
DATA_CLEAN/images/3f43eca8a21e0701.jpg,1.9004687309265136,779.0743946075439,298.3937026977539,1116.70489654541,0.6299610137939453,cat
DATA_CLEAN/images/3f45053af69526fb(1).jpg,617.1661376953125,1491.1382675170898,2399.689292907715,3225.100326538086,0.8814380168914795,cat
DATA_CLEAN/images/3f51ae362fa50e72.jpg,1118.1521087646486,427.399479675293,3259.5975845336916,2321.0257652282717,0.5841025114059448,cat
DATA_CLEAN/images/3f57203196fbc4a6(1).jpg,691.83984375,194.14609375,1515.848046875,1268.433984375,0.8893478512763977,cat
DATA_CLEAN/images/3f605b43fbb76b77.jpg,268.47792663574216,205.76401977539064,2893.087683105469,2331.361779785156,0.8661383390426636,cat
DATA_CLEAN/images/3f605b43fbb76b77.jpg,258.2412734985352,186.42034606933595,2909.039501953125,2358.5872009277346,0.8102341890335083,cat
DATA_CLEAN/images/3f6623c6d1552dd5.jpg,1099.7984798431396,407.5532039642334,4482.352244567871,3089.8138107299806,0.87876296043396,cat
DATA_CLEAN/images/3f9ba4023164a94b(1).jpg,0.0,86.27960205078125,788.9000854492188,1277.7171630859375,0.8510705232620239,cat
DATA_CLEAN/images/3fa9589c6b3c5346.jpg,151.00221347808838,441.63344650268556,1018.2110275268554,1529.5187782287599,0.7653480768203735,cat
DATA_CLEAN/images/3fa9589c6b3c5346.jpg,1220.8954193115235,1184.2593955993652,2631.135140991211,1648.6457794189453,0.7650297284126282,cat
DATA_CLEAN/images/3fe55e282addf104.jpg,2.7333984375,107.4715576171875,1923.0640136718748,1022.0038330078124,0.8630044460296631,cat
DATA_CLEAN/images/3fe823914e8ef89e.jpg,48.110055923461914,97.99460172653198,660.676097869873,495.2575206756592,0.758211612701416,cat
DATA_CLEAN/images/3fe823914e8ef89e.jpg,46.859049797058105,106.46259784698486,659.8268508911133,728.6725521087646,0.45203590393066406,cat
DATA_CLEAN/images/3feb90b6ded3ab5a.jpg,2331.3798797607424,516.5537200927735,3219.9398437500004,1645.8029296875002,0.9495161771774292,cat
DATA_CLEAN/images/40143957f75f4c5b(1).jpg,181.92909240722656,156.2841796875,1242.1163177490234,950.6459808349609,0.8194175362586975,cat
DATA_CLEAN/images/401ed648e3c1790e(1).jpg,0.0,494.2041015625,653.9896240234375,1251.5096435546875,0.9107818007469177,cat
DATA_CLEAN/images/4024e8102d271271.jpg,1728.387194252014,1116.9616487503051,3091.3371139526366,2235.874479675293,0.9321261048316956,cat
DATA_CLEAN/images/404bb7e3b5af5dd5(1).jpg,316.66761474609376,431.90837402343755,2820.6255981445315,2366.021502685547,0.9546048641204834,cat
DATA_CLEAN/images/4057b26e11d26580.jpg,338.95439453125,205.2810546875,1582.012109375,1536.0,0.940101146697998,cat
DATA_CLEAN/images/406225672b4510f4.jpg,1325.2228637695312,188.98938903808593,2646.8757751464846,2005.2131172180175,0.4849361479282379,cat
DATA_CLEAN/images/406225672b4510f4.jpg,821.6509872436524,1218.8970977783204,1080.4771900177002,1464.7690200805664,0.431876540184021,cat
DATA_CLEAN/images/4063c811e12ff6c9(1).jpg,838.3459594726562,27.373535919189454,3325.745263671875,2454.693338012695,0.6786599159240723,cat
DATA_CLEAN/images/40651688a8b85c85.jpg,232.2615921020508,439.2957183837891,1155.8954360961914,1218.9131790161134,0.9231183528900146,cat
DATA_CLEAN/images/40651688a8b85c85.jpg,1111.688786315918,457.0189178466797,2175.7680725097657,1008.3411117553711,0.9139703512191772,cat
DATA_CLEAN/images/407a213e60df8ab2.jpg,1.5035491943359376,56.597965240478516,2427.470654678345,2237.9744983673095,0.9491152763366699,cat
DATA_CLEAN/images/407ea5483da74fc3.jpg,294.14960193634033,250.16254472732544,1191.9007720947266,763.0544548034668,0.7493788003921509,cat
DATA_CLEAN/images/408cb51994aca230.jpg,21.510174560546876,391.18225479125977,2145.0294311523435,1295.927456665039,0.9380000233650208,cat
DATA_CLEAN/images/409087f0cb9e6799.jpg,0.8519134521484375,188.90701293945312,424.73095703125,399.48138427734375,0.7658370733261108,cat
DATA_CLEAN/images/4098802727fcdfb9.jpg,454.57398986816406,101.57649841308593,1786.5383666992186,1448.8849182128906,0.9126694202423096,cat
DATA_CLEAN/images/40a64796e00e9656.jpg,522.7748657226563,46.275622558593746,2206.0061279296874,1352.267138671875,0.9323657751083374,cat
DATA_CLEAN/images/40b01490115915b3(1).jpg,292.704430770874,427.9099799633026,1700.4330615997314,1104.74469871521,0.952609121799469,cat
DATA_CLEAN/images/40b3382d0f048223(1).jpg,0.4779296875,19.002392578125,1915.2138671875,1143.862890625,0.6911351680755615,cat
DATA_CLEAN/images/40b3382d0f048223(1).jpg,0.6423828125,17.28466796875,1766.010546875,1136.3203125,0.527897298336029,cat
DATA_CLEAN/images/40b7af64ba68ae07(1).jpg,1482.3884307861329,244.85252838134767,2355.1835174560547,742.4896820068359,0.9234398007392883,cat
DATA_CLEAN/images/40b7af64ba68ae07(1).jpg,0.0,835.9102020263672,3172.3133056640627,2448.0,0.9177946448326111,cat
DATA_CLEAN/images/40bbcfa4c12e942d.jpg,1091.63470287323,665.786309337616,2125.9594791412355,1339.5200134277343,0.6714575290679932,cat
DATA_CLEAN/images/40c65f92012b1252(1).jpg,3299.8585006713865,0.0,3888.0,1835.7427139282227,0.8315540552139282,cat
DATA_CLEAN/images/40c65f92012b1252(1).jpg,2161.508841705322,1222.4839965820313,3484.1927032470703,2381.8683059692385,0.5413119792938232,cat
DATA_CLEAN/images/40cb564b5d90c663.jpg,24.672119617462158,537.375954580307,2281.4648021698,1773.5711096763612,0.950550377368927,cat
DATA_CLEAN/images/40d5d1ea72f63df9(1).jpg,1098.7374755859375,195.96864395141603,1624.132260131836,549.385157775879,0.9226069450378418,cat
DATA_CLEAN/images/40d5d1ea72f63df9(1).jpg,72.52651977539062,719.4229522705078,880.6352783203125,1224.0,0.9222172498703003,cat
DATA_CLEAN/images/40e0b96f83afbaf7.jpg,502.3827266693115,551.5995025634766,1221.7685651779175,1241.9280052185059,0.9044891595840454,cat
DATA_CLEAN/images/40fa77f79675288c.jpg,821.1958374023438,1005.1708694458008,1383.6411941528322,1519.2883850097658,0.7258187532424927,cat
DATA_CLEAN/images/410966201c9423b6.jpg,905.3546760559082,751.2234115600586,3703.0021270751954,2037.868130493164,0.9480031728744507,cat
DATA_CLEAN/images/41145cfbae7e805e.jpg,1322.4861145019531,428.8032531738281,5760.0,3834.903076171875,0.8802490234375,cat
DATA_CLEAN/images/4138fc2f905d3ab8.jpg,562.9660675048829,1029.544903564453,1901.2810775756836,1744.536511230469,0.9215890765190125,cat
DATA_CLEAN/images/4141e50bad0cdcf3.jpg,273.3816162109375,264.67666015625,978.15732421875,1123.8966796875,0.8206301927566528,cat
DATA_CLEAN/images/4141e50bad0cdcf3.jpg,1064.96513671875,335.105517578125,1778.4943359375,1412.594921875,0.33286234736442566,cat
DATA_CLEAN/images/4141e50bad0cdcf3.jpg,329.77900390625,264.065625,1762.462109375,1392.991015625,0.2730664312839508,cat
DATA_CLEAN/images/415d209bbae49f0d(1).jpg,396.2838729858399,455.399560546875,1545.3936309814453,1739.7743499755861,0.8741695880889893,cat
DATA_CLEAN/images/4161ca976a6f4a9e.jpg,345.37954559326175,553.9146240234376,1938.4243286132814,2580.4692169189457,0.876244306564331,cat
DATA_CLEAN/images/41895b2ea6a63ded(1).jpg,379.9500961303711,588.4297485351562,634.2623291015625,894.0453186035156,0.8939915299415588,cat
DATA_CLEAN/images/419c0bdae2565176.jpg,550.8270595312118,46.147268605232235,3667.21306180954,2603.2000445365907,0.8592600226402283,cat
DATA_CLEAN/images/41a56ecdf45cbc8a(1).jpg,151.97074584960936,433.7842346191406,1486.46337890625,1712.93994140625,0.9241873025894165,cat
DATA_CLEAN/images/41a983a97c98538c.jpg,482.888720703125,452.218603515625,899.73134765625,1214.45654296875,0.8811171054840088,cat
DATA_CLEAN/images/41b71cf8e0a33c74.jpg,798.5879150390625,1845.1899780273438,1637.0489501953125,2543.7389892578126,0.9344640970230103,cat
DATA_CLEAN/images/41ba333ff04511aa.jpg,0.1421356201171875,302.85667419433594,865.9062957763672,1062.4221801757812,0.9374889731407166,cat
DATA_CLEAN/images/41bc22319f51e903(1).jpg,152.75940856933593,795.734994506836,2071.8838989257815,2446.714389038086,0.36086466908454895,cat
DATA_CLEAN/images/41be74804b8ef050.jpg,2073.410772705078,784.5285064697265,3196.1587982177734,1647.4501907348633,0.8463308811187744,cat
DATA_CLEAN/images/41bf329f9352a009.jpg,709.7219970703125,331.2814453125,2534.59599609375,1348.5445312499999,0.9410069584846497,cat
DATA_CLEAN/images/41c159c14fe1bd90.jpg,2952.74310760498,309.5136749267578,4492.208792114257,2619.4551551818845,0.9343515634536743,cat
DATA_CLEAN/images/41ca7f21e64573e7(1).jpg,16.553112792968747,558.2893352508545,2517.9422846794128,1971.515160369873,0.9202113747596741,cat
DATA_CLEAN/images/41ca7f21e64573e7(1).jpg,1839.2627499580383,1010.7721576690673,3755.3766727447505,2440.5763103485106,0.9045612812042236,cat
DATA_CLEAN/images/42006602ce0529e2.jpg,221.3322265625,428.43505859375,1877.786328125,1072.5703125,0.9479346871376038,cat
DATA_CLEAN/images/421e388b663402c2.jpg,16.298152923583984,4.0706329345703125,938.4537658691406,1006.8244705200195,0.9344606399536133,cat
DATA_CLEAN/images/421fe559d1f510a7.jpg,852.0853065490722,14.671918487548828,3273.310038757324,2486.382110595703,0.9318941831588745,cat
DATA_CLEAN/images/4220e0f047742686.jpg,0.0,16.551910400390625,221.5441131591797,640.0,0.8774013519287109,cat
DATA_CLEAN/images/42233dbb980a1a8b.jpg,184.8220703125,584.82236328125,3541.5734375,2367.203515625,0.8544427156448364,cat
DATA_CLEAN/images/42428a854b653fff(1).jpg,0.0,1102.5213134765625,2233.47216796875,3188.80810546875,0.9254803657531738,cat
DATA_CLEAN/images/42428a854b653fff(1).jpg,1914.8987548828125,1206.2520263671875,3706.30458984375,3456.0,0.881478488445282,cat
DATA_CLEAN/images/424861443f6aed68(1).jpg,425.61640625,76.17509765625,2048.0,1513.05859375,0.9356002807617188,cat
DATA_CLEAN/images/4257f95a5e9d5ad2(1).jpg,117.65763244628906,192.63896942138672,1903.4172393798829,1495.162255859375,0.9343907833099365,cat
DATA_CLEAN/images/4257f95a5e9d5ad2(1).jpg,1413.9799682617188,132.29163208007813,2790.576806640625,1971.0094299316406,0.6315488815307617,cat
DATA_CLEAN/images/427b439339b11936.jpg,534.2669677734375,489.5633544921875,2333.564208984375,1855.57861328125,0.9331671595573425,cat
DATA_CLEAN/images/427ea4f00db2519c(1).jpg,2507.6059692382814,1098.4697875976562,3321.5266357421874,2213.3517517089845,0.9369593858718872,cat
DATA_CLEAN/images/427ea4f00db2519c(1).jpg,1267.9452209472656,1362.7712768554688,2261.2229492187503,2519.310437011719,0.9236606359481812,cat
DATA_CLEAN/images/428774dbebe458c9.jpg,269.2734094619751,326.70324625968937,2432.964569091797,2847.1105281829837,0.9275094270706177,cat
DATA_CLEAN/images/428a4b7ecf67e4c5(1).jpg,410.6316375732422,181.44088745117188,1515.9114074707031,1009.6035766601562,0.9469424486160278,cat
DATA_CLEAN/images/429c1ab9601f788a.jpg,2290.73597946167,597.4782279968261,2520.8161056518557,947.0058609008789,0.8352705240249634,cat
DATA_CLEAN/images/429c1ab9601f788a.jpg,1969.6173179626464,1371.7471778869628,2334.622533416748,1838.1276809692383,0.8301658630371094,cat
DATA_CLEAN/images/429c1ab9601f788a.jpg,316.01824779510497,1321.6844467163087,1403.06556930542,2378.182145690918,0.7927525043487549,cat
DATA_CLEAN/images/429c1ab9601f788a.jpg,3213.5889999389647,1325.0112350463867,3692.991128540039,1740.3519813537598,0.7419530153274536,cat
DATA_CLEAN/images/429c1ab9601f788a.jpg,1394.4119682312012,1010.3504791259766,1896.667529296875,1437.8387901306153,0.6322442293167114,cat
DATA_CLEAN/images/42adb0425aa0332e(1).jpg,362.5364105224609,278.28624267578124,2617.474578857422,1873.5300415039062,0.9099869728088379,cat
DATA_CLEAN/images/42bd34f85dd590dc.jpg,321.8455123901367,113.3880729675293,1079.9735298156738,1026.0554122924805,0.8835173845291138,cat
DATA_CLEAN/images/42e579ad81193d25(1).jpg,,,,,,
DATA_CLEAN/images/42e886c1bd08d57c.jpg,,,,,,
DATA_CLEAN/images/42f32e258f11fe92.jpg,78.72051582336427,282.8752891540527,2460.5039321899417,2102.2725776672364,0.7561131715774536,cat
DATA_CLEAN/images/43091d2fe8015476(1).jpg,2277.535693359375,1634.1829101562498,2842.1745117187497,1949.88984375,0.34877270460128784,cat
DATA_CLEAN/images/43097669574b0bb4(1).jpg,590.137843322754,820.020639038086,3075.088330078125,1275.2118255615235,0.8791811466217041,cat
DATA_CLEAN/images/433ee477e7652774.jpg,135.26810379028322,930.9804138183594,1678.5692150115967,2680.5445549011233,0.9396950006484985,cat
DATA_CLEAN/images/4365c1cd33de2b2b(1).jpg,155.61318969726562,337.5733703613281,3196.1968322753905,1915.8545013427736,0.9095757603645325,cat
DATA_CLEAN/images/436bc1ad7b71a135.jpg,370.4447021484375,877.8578796386719,1355.9703369140625,1919.1221923828125,0.8576419949531555,cat
DATA_CLEAN/images/436bc1ad7b71a135.jpg,276.5050048828125,733.1673889160156,646.5012817382812,1028.1201782226562,0.6042904853820801,cat
DATA_CLEAN/images/436bc1ad7b71a135.jpg,277.9049835205078,730.2200317382812,655.4936828613281,1031.2989807128906,0.3580067753791809,cat
DATA_CLEAN/images/436e6a3a48950177.jpg,91.58120155334473,670.0498580932617,4187.075901031494,3987.0603561401363,0.9510725140571594,cat
DATA_CLEAN/images/436f43610d3b5a94(1).jpg,180.336865234375,56.43310546875,1542.74765625,1199.8875,0.9600929021835327,cat
DATA_CLEAN/images/437e56385e8b4ec4(1).jpg,569.2778900146484,954.8985610961914,2000.0,2895.4260498046874,0.9404735565185547,cat
DATA_CLEAN/images/438a1cb5c35868b9.jpg,220.9451171875,8.7223388671875,741.644482421875,623.85126953125,0.9084569215774536,cat
DATA_CLEAN/images/438e7c8bfffd2acd(1).jpg,111.43989405632018,278.95050835609436,1219.7738079547883,799.0750436306,0.9606523513793945,cat
DATA_CLEAN/images/439b783eb24b0f6f.jpg,12.224456787109375,79.88360595703125,640.0,623.9246826171875,0.8960618376731873,cat
DATA_CLEAN/images/439dc0e67040088c.jpg,395.4712158203125,0.9768310546875,1024.0,652.6650390625,0.9457969665527344,cat
DATA_CLEAN/images/43a5270d44c2c881(1).jpg,140.26922149658202,694.2821685791016,1992.6383880615235,2302.3584869384767,0.9287382364273071,cat
DATA_CLEAN/images/43b5514683ffb258.jpg,0.0,182.8984603881836,2730.6483642578123,2000.0,0.9382319450378418,cat
DATA_CLEAN/images/43b5fa2822053659.jpg,323.165625,117.03024902343749,2501.166796875,2115.1564453124997,0.9278202056884766,cat
DATA_CLEAN/images/43be57b6e7cc429e.jpg,1074.8913803100586,918.6628692626954,1775.4571105957032,1925.3181701660158,0.9401600360870361,cat
DATA_CLEAN/images/43c6ab7cf4e2dd37.jpg,4.150736331939697,559.9012970924377,579.1502952575684,1450.4964351654053,0.7832794189453125,cat
DATA_CLEAN/images/43ce4d1d8928a596(1).jpg,18.817041015625,112.948779296875,1024.0,767.068359375,0.9337002038955688,cat
DATA_CLEAN/images/43d2ed2614d83682(1).jpg,51.11769163608551,368.89147298336025,1629.0663731575012,2396.547245979309,0.899455726146698,cat
DATA_CLEAN/images/43d532bd88927854.jpg,2983.4496551513676,656.7543182373047,5184.0,2685.617440795899,0.8855878710746765,cat
DATA_CLEAN/images/43db64ef0306cb67.jpg,348.63213806152345,321.6833381652832,1637.296984100342,1925.9177734375,0.7811638712882996,cat
DATA_CLEAN/images/43db64ef0306cb67.jpg,1119.8732181549074,8.90762710571289,2896.0,1944.0,0.43965384364128113,cat
DATA_CLEAN/images/43db64ef0306cb67.jpg,321.3376937866211,77.33989753723145,2896.0,1942.1154174804688,0.311828076839447,cat
DATA_CLEAN/images/43dbc7e8c30158c5(1).jpg,302.834375,348.218505859375,1075.5677734375,905.616796875,0.9182633757591248,cat
DATA_CLEAN/images/43dbc7e8c30158c5(1).jpg,969.7470703125,434.5927734375,1796.28671875,1270.20703125,0.8334155678749084,cat
DATA_CLEAN/images/43f6905ffa3ef148(1).jpg,0.0,90.74284057617189,2441.527816772461,1497.8242996215822,0.9285322427749634,cat
DATA_CLEAN/images/441b792f54da844e(1).jpg,136.60421752929688,64.85748291015625,640.0,634.8516845703125,0.8816357254981995,cat
DATA_CLEAN/images/442df103f914ae94.jpg,31.075479125976564,47.9905517578125,2314.382116699219,2262.2001892089843,0.8689809441566467,cat
DATA_CLEAN/images/442df103f914ae94.jpg,119.1161590576172,14.846543884277343,3226.2766845703127,2357.7676025390624,0.6760768294334412,cat
DATA_CLEAN/images/44345139a964554f.jpg,408.5933532714844,284.7890853881836,1963.4527404785158,2718.902783203125,0.8920711278915405,cat
DATA_CLEAN/images/44432735570d4ae1.jpg,298.8653564453125,8.707427978515625,1348.2028198242188,992.5904083251953,0.9508274793624878,cat
DATA_CLEAN/images/444d7e4f42f83f06.jpg,712.525309753418,268.2647735595703,3219.9708435058596,2595.9888793945315,0.8509237766265869,cat
DATA_CLEAN/images/4468b4472d5d278f.jpg,971.6323852539062,94.23065185546875,2555.3030014038086,2868.3666229248047,0.788712739944458,cat
DATA_CLEAN/images/448658ad91b27952.jpg,1237.60502243042,1158.1498718261719,2877.634506225586,2312.489891052246,0.8488103151321411,cat
DATA_CLEAN/images/44885f3fd0dd918a.jpg,106.6094591140747,459.16310997009276,1809.9706027984619,2126.902074050903,0.7766768932342529,cat
DATA_CLEAN/images/4494700b9e6e88ff.jpg,837.653564453125,243.62368774414062,1252.1845703125,689.4104614257812,0.9345565438270569,cat
DATA_CLEAN/images/449607d9143f33a0.jpg,1212.1035049438476,325.3802551269531,2420.949743652344,2059.7764862060544,0.9015220403671265,cat
DATA_CLEAN/images/44a268f11eb600db(1).jpg,1220.209652709961,279.8863861083984,2497.385211181641,1988.201678466797,0.8403549194335938,cat
DATA_CLEAN/images/44b4b593c50701b5.jpg,2501.5138788223267,745.3033714294434,3267.6013107299805,1635.7584829330444,0.9100997447967529,cat
DATA_CLEAN/images/44b4b593c50701b5.jpg,594.8340582847595,703.6448683738708,2231.513642311096,1715.1849975585938,0.9003641605377197,cat
DATA_CLEAN/images/44c0fcdabd169143(1).jpg,0.0,1621.0738037109377,2157.9478088378905,3126.351159667969,0.9333297610282898,cat
DATA_CLEAN/images/44cb3ae6523adce1.jpg,0.0,0.0,1521.8133544921875,2331.2789794921873,0.894798994064331,cat
DATA_CLEAN/images/44cb3ae6523adce1.jpg,1036.9356170654296,735.5915771484375,2142.5708862304687,1997.042056274414,0.25285041332244873,cat
DATA_CLEAN/images/44d0a56972b4fbfa(1).jpg,1159.8540664672853,598.385627746582,3130.212194824219,1865.0931243896484,0.8921096324920654,cat
DATA_CLEAN/images/44e2b0d67ee528cf.jpg,0.0,170.6468048095703,2462.4950622558595,1974.4948425292969,0.9474712610244751,cat
DATA_CLEAN/images/44f6a764aad8f80b(1).jpg,0.0,544.7697265625,256.427490234375,766.376171875,0.9097998738288879,cat
DATA_CLEAN/images/44fe140d000b4fff(1).jpg,151.53368911743163,549.3435733795166,3888.0,2548.464724731445,0.9346903562545776,cat
DATA_CLEAN/images/450cb6864548e275.jpg,2139.805361938477,611.9479156494141,2943.976940917969,2298.271728515625,0.9231017827987671,cat
DATA_CLEAN/images/450d6dec5820bcbb.jpg,0.0,221.40350341796875,3557.0568084716797,2706.116485595703,0.953234076499939,cat
DATA_CLEAN/images/45107ee4ab86935c.jpg,558.3638293504715,235.24169921875,2348.7347769737244,2753.0,0.9363555908203125,cat
DATA_CLEAN/images/451a1491502f1b07.jpg,99.99926996231079,133.75123357772827,1626.7573523521423,1754.5645265579224,0.9177930355072021,cat
DATA_CLEAN/images/451b76b7252fff6a(1).jpg,264.84979248046875,330.8385772705078,464.4176788330078,463.6348571777344,0.8771733045578003,cat
DATA_CLEAN/images/452617ccd2a58f60.jpg,0.0,207.75544052124022,1811.5924743652342,1234.029315185547,0.9452925324440002,cat
DATA_CLEAN/images/45315fa821bad7d7.jpg,899.0842208862305,191.90162658691406,2633.4380950927734,2432.0,0.6536004543304443,cat
DATA_CLEAN/images/45315fa821bad7d7.jpg,2195.2117309570312,847.7841796875,3679.7486572265625,2216.6107635498047,0.39510592818260193,cat
DATA_CLEAN/images/45386e5565de15ca(1).jpg,577.8305053710938,145.46044921875,1587.0119018554688,867.1981201171875,0.9290716648101807,cat
DATA_CLEAN/images/453b3693583e206a(1).jpg,30.3964804649353,315.2563459396362,1804.822716140747,2438.729374694824,0.9313267469406128,cat
DATA_CLEAN/images/4541fe47cb4a2ca8.jpg,0.0,434.80670166015625,1610.199462890625,1740.69873046875,0.9094492197036743,cat
DATA_CLEAN/images/455636086c4afbce(1).jpg,0.0,141.97357234954833,1100.6545550346375,1501.0,0.9138354063034058,cat
DATA_CLEAN/images/4566c86dcc1faca1.jpg,132.4193572998047,254.5716094970703,447.9963684082031,843.5903167724609,0.8859933018684387,cat
DATA_CLEAN/images/456b8afadae7644d(1).jpg,0.0,236.65638427734376,2780.1740478515626,1862.1171936035157,0.8149350881576538,cat
DATA_CLEAN/images/457d96d67240fdce.jpg,652.598779296875,252.988671875,1863.7150390625,1078.85322265625,0.9268074035644531,cat
DATA_CLEAN/images/45863a7a036b467c.jpg,261.778515625,423.5447143554688,1038.3121826171875,2381.422119140625,0.840773344039917,cat
DATA_CLEAN/images/45a3dbd11db61942.jpg,633.3415985107422,1095.8892822265625,3956.831741333008,3000.0,0.839142918586731,cat
DATA_CLEAN/images/45afcb96b935061b.jpg,629.886417388916,224.744553565979,3300.0,2468.6727046966553,0.8905385732650757,cat
DATA_CLEAN/images/45ce6d0a40b6c58f(1).jpg,3.4880401611328127,161.9478012084961,3054.6273193359375,2432.1985290527346,0.9330270290374756,cat
DATA_CLEAN/images/45d48acec2bba7d7.jpg,268.0490478515625,248.00830078125,715.3130859375,491.39228515625,0.8578773736953735,cat
DATA_CLEAN/images/45e3289ae15e4d03.jpg,0.0,15.120147705078125,621.4523315429688,640.0,0.619894802570343,cat
DATA_CLEAN/images/45e3289ae15e4d03.jpg,388.2908630371094,33.80419921875,625.197998046875,640.0,0.6125323176383972,cat
DATA_CLEAN/images/45f3a05bf39a7a88(1).jpg,0.0,219.47779388427733,2971.443328857422,1988.908673095703,0.8883571624755859,cat
DATA_CLEAN/images/45f66de1b3645878.jpg,0.0,82.99342346191406,755.5585327148438,639.1315612792969,0.9284621477127075,cat
DATA_CLEAN/images/45ffeb3d458d9265.jpg,345.0833190917969,25.61239242553711,738.8415008544922,782.1956176757812,0.8815206289291382,cat
DATA_CLEAN/images/46045cf532e441c6.jpg,878.3634841918946,725.4293975830078,2099.4397155761717,2443.0537719726562,0.7245322465896606,cat
DATA_CLEAN/images/46045cf532e441c6.jpg,2006.1483764648438,354.75738830566405,3264.0,1880.476986694336,0.4318120777606964,cat
DATA_CLEAN/images/460f2d1b16d8c80b(1).jpg,66.08424682617188,3.88125,1727.571697998047,873.907553100586,0.9396974444389343,cat
DATA_CLEAN/images/4617a5fbb1078e07.jpg,161.2975616455078,423.64757537841797,4320.0,2672.844268798828,0.9037026166915894,cat
DATA_CLEAN/images/462242a8dfc1de47(1).jpg,585.609130859375,478.79076614379886,3323.410356140137,2333.300688171387,0.8440252542495728,cat
DATA_CLEAN/images/46270dfa47e9e144.jpg,248.88534545898438,38.087158203125,1600.0,1186.1578369140625,0.9344602823257446,cat
DATA_CLEAN/images/46291303402c5532(1).jpg,14.669647216796875,5.581626892089844,1385.5464172363281,1037.9278564453125,0.9361521005630493,cat
DATA_CLEAN/images/46357aa5990168c7.jpg,0.0,99.22334833145142,3504.7529376983643,2321.0092042922975,0.948885440826416,cat
DATA_CLEAN/images/4637f9decf560753(1).jpg,259.29583740234375,443.14105224609375,720.0,960.0,0.9162172079086304,cat
DATA_CLEAN/images/463fc9af085146ab.jpg,0.0,28.723705673217772,4272.0,2625.17230682373,0.8927628993988037,cat
DATA_CLEAN/images/46562c6f4384bb2f(1).jpg,202.6404296875,70.8360595703125,1024.0,768.0,0.9377208948135376,cat
DATA_CLEAN/images/466bc0cea06c397c(1).jpg,3102.5498992919925,1163.8932556152345,4086.3181884765627,2598.3554595947267,0.8301447629928589,cat
DATA_CLEAN/images/467244354bbd513e.jpg,994.492529296875,713.0857727050782,2091.258984375,1518.8384582519532,0.7803186178207397,cat
DATA_CLEAN/images/4672bc0c5a6aa771.jpg,30.428504943847656,189.593505859375,3966.6732788085938,2021.8103408813477,0.9377511739730835,cat
DATA_CLEAN/images/46893121973cb4c5.jpg,55.63074645996094,35.111837768554686,3264.0,2051.6262817382812,0.8979998826980591,cat
DATA_CLEAN/images/468f578869db9a1d(1).jpg,643.85511841774,257.6055680751801,2294.0,1799.5986503601075,0.884358286857605,cat
DATA_CLEAN/images/468ffe1a5f43f693.jpg,366.6358669281006,265.80854377746584,1327.4383987426759,833.6904747009278,0.9598466753959656,cat
DATA_CLEAN/images/46961269fe35c495.jpg,0.0,331.0510391235352,2562.6580169677736,1890.0868469238283,0.9445927143096924,cat
DATA_CLEAN/images/469f58680ccbad4c.jpg,498.81733322143555,202.32098579406738,2798.488311767578,2820.6499557495117,0.9199317693710327,cat
DATA_CLEAN/images/46a46b58dbf077d7.jpg,391.52227478027345,620.6890502929688,2224.6820068359375,1404.812338256836,0.9308179616928101,cat
DATA_CLEAN/images/46b3750e29c1b235(1).jpg,94.87696647644043,15.006231498718263,1195.718651199341,1021.4231094360352,0.4423532485961914,cat
DATA_CLEAN/images/46b3750e29c1b235(1).jpg,91.48483009338379,19.69333438873291,1194.8782371520997,1021.5869956970215,0.26720383763313293,cat
DATA_CLEAN/images/46b801b74d0dff36(1).jpg,149.77724609375,23.252978515625,1926.8177734375,1259.72890625,0.9483113288879395,cat
DATA_CLEAN/images/46b9df01f5279cda(1).jpg,413.17543945312497,8.55849609375,1694.0928222656248,2878.8685546875,0.9435212016105652,cat
DATA_CLEAN/images/46bdfd3da4586ede.jpg,0.0,275.95501098632815,3122.81865234375,2448.0,0.9258420467376709,cat
DATA_CLEAN/images/46c91b11aa3b75e0.jpg,321.848095703125,429.980859375,1537.5884765625,1381.3171875,0.886420726776123,cat
DATA_CLEAN/images/46caacade3d089b4(1).jpg,442.6710662841797,1063.2376922607423,2215.178155517578,2047.924868774414,0.8853554725646973,cat
DATA_CLEAN/images/46d050508cf5b198(1).jpg,196.755908203125,5.354470825195312,2545.0830322265624,1993.7933898925783,0.8539760112762451,cat
DATA_CLEAN/images/46dabfff7e81757d(1).jpg,1061.8610000610352,444.8726463317871,1610.8789443969727,1642.8934478759766,0.8059802055358887,cat
DATA_CLEAN/images/46f3d3b07d37b793(1).jpg,8.0234375,203.71612548828125,1085.614013671875,921.224853515625,0.9367353320121765,cat
DATA_CLEAN/images/470485ed5baeaa03.jpg,874.2657759666442,719.1631807804108,2108.1460280895235,1529.10131316185,0.9142553806304932,cat
DATA_CLEAN/images/470485ed5baeaa03.jpg,1526.5363636493682,252.86482546329498,2271.9809511184694,1120.694176864624,0.605232834815979,cat
DATA_CLEAN/images/470c744c0519f74f(1).jpg,756.3655057907104,785.3744205236434,1538.1099431991577,2082.6646265029904,0.9168545603752136,cat
DATA_CLEAN/images/47209e230332fd31.jpg,0.0,115.57791137695312,779.5576171875,849.0506591796875,0.9245007038116455,cat
DATA_CLEAN/images/47281da62a5638f8.jpg,1597.70601272583,1660.61510181427,1871.093017578125,2205.8467330932617,0.9200944900512695,cat
DATA_CLEAN/images/472c84bc90d0ab39.jpg,900.9912689208985,154.8924774169922,4180.877984619141,3262.4712707519534,0.9271957874298096,cat
DATA_CLEAN/images/473b7f1a58cc42cf.jpg,1402.6823997497559,553.8639068603516,3798.7403869628906,2693.875503540039,0.9326022267341614,cat
DATA_CLEAN/images/474ab567822f5f6d.jpg,500.7578063964844,156.06485595703126,3252.863671875,2345.344445800781,0.7976986169815063,cat
DATA_CLEAN/images/474ae744f8b449a6(1).jpg,2.760736083984375,133.7371032714844,2909.2729614257814,2378.2037109375,0.8411027193069458,cat
DATA_CLEAN/images/47605c983bc8d72a.jpg,163.81318359375,286.552685546875,2048.0,1292.481640625,0.9333626627922058,cat
DATA_CLEAN/images/47622b27df51909b.jpg,550.8959106445312,619.7125396728516,4733.641186523438,3303.4572509765626,0.9536734819412231,cat
DATA_CLEAN/images/476a96e04ac769d1.jpg,554.7686840057373,122.01456699371339,1161.065866470337,707.70739402771,0.9231345057487488,cat
DATA_CLEAN/images/476c2fba12671ecc.jpg,973.5344741821289,878.5184692382812,2582.235479736328,1766.5284484863282,0.9488221406936646,cat
DATA_CLEAN/images/4776904b52e32e3d.jpg,0.0,80.70971202850342,1523.1569137573242,1026.2029209136963,0.9478425979614258,cat
DATA_CLEAN/images/478c3f0e04206e6e(1).jpg,2043.0265045166016,418.6971771240235,4089.843704223633,1655.698782348633,0.8820734024047852,cat
DATA_CLEAN/images/47a26f805cd1fea4.jpg,1054.1550750732422,1033.7427520751953,4296.89794921875,2696.0355834960938,0.9472054839134216,cat
DATA_CLEAN/images/47aadef0d49a0eee(1).jpg,1118.056869506836,1338.7351989746094,2096.053123474121,1959.8766326904297,0.948530912399292,cat
DATA_CLEAN/images/47aadef0d49a0eee(1).jpg,2163.694190979004,1343.6460494995117,2671.8793869018555,1886.7996215820312,0.7596228122711182,cat
DATA_CLEAN/images/47ab840f5d2cf1a1.jpg,269.2529296875,332.9907989501953,850.2067565917969,606.408634185791,0.3624941110610962,cat
DATA_CLEAN/images/47aea8e7933ca4bb(1).jpg,709.1575172424317,379.20284843444824,3888.1363265991213,2678.2102798461915,0.9523361325263977,cat
DATA_CLEAN/images/47b556b1d9ada605.jpg,296.14031982421875,251.26210327148436,2160.7204833984374,1297.1631225585936,0.9563506841659546,cat
DATA_CLEAN/images/47c4f67de88d97a3(1).jpg,257.11522102355957,121.54374122619629,1522.3268508911133,1330.1137924194336,0.9369098544120789,cat
DATA_CLEAN/images/47ca1d24949b10e6.jpg,0.0,25.77561492919922,2361.0998199462892,1275.550392150879,0.9536576271057129,cat
DATA_CLEAN/images/47f11eec6776d022.jpg,0.0,48.1381591796875,778.907958984375,631.8052734375,0.9460130333900452,cat
DATA_CLEAN/images/47f8956d1e823dcd(1).jpg,1024.6849170684814,1144.7459999084472,1744.6563285827635,1897.915493774414,0.8614788055419922,cat
DATA_CLEAN/images/4808c1d466398498(1).jpg,242.23215866088867,114.01480865478516,3334.437789916992,2421.419334411621,0.6912444829940796,cat
DATA_CLEAN/images/4808c1d466398498(1).jpg,254.91735076904297,100.97850036621094,2437.32039642334,2429.7773208618164,0.4840783178806305,cat
DATA_CLEAN/images/4808c1d466398498(1).jpg,1687.841537475586,222.78903579711914,3485.832000732422,2354.5294876098633,0.4459628462791443,cat
DATA_CLEAN/images/482ea0b3e9be270a.jpg,1294.431810235977,82.95343050956726,3872.1008550167085,2782.7643755435943,0.4877161681652069,cat
DATA_CLEAN/images/482fb4cb4f537fcd.jpg,2125.9350677490233,292.0321411132812,3872.0,2414.3798217773438,0.9301450252532959,cat
DATA_CLEAN/images/483171921ad8b207.jpg,914.2732620239258,528.4503936767578,4000.0,2496.649169921875,0.9457283020019531,cat
DATA_CLEAN/images/48335540c9416fb7.jpg,163.52445936203003,137.1608486175537,1768.7684564590454,1155.0891723632812,0.940496563911438,cat
DATA_CLEAN/images/48335540c9416fb7.jpg,1829.0562191009521,97.85977268218994,3020.0,901.1886548995972,0.9274582862854004,cat
DATA_CLEAN/images/484d717807ddcb20(1).jpg,36.09803400039672,59.51102633476257,1450.256470298767,1115.8367305755614,0.9412814378738403,cat
DATA_CLEAN/images/485fb30319e9acc2.jpg,1859.9761230468748,1223.6047119140624,3328.646044921875,2074.007373046875,0.7970202565193176,cat
DATA_CLEAN/images/485fb30319e9acc2.jpg,544.0648315429687,1332.3884765625,2284.9736572265624,2189.56552734375,0.6552971601486206,cat
DATA_CLEAN/images/486ac72075fac64e(1).jpg,30.170823669433595,282.9779388427734,2241.3640869140627,2263.4079528808593,0.4398185610771179,cat
DATA_CLEAN/images/487b0d90af860fe1.jpg,908.5361297607423,379.54636688232426,2788.843634033203,2712.886889648438,0.47332748770713806,cat
DATA_CLEAN/images/487b0d90af860fe1.jpg,927.0787857055665,330.3784744262696,2032.9496704101564,2479.362927246094,0.42746031284332275,cat
DATA_CLEAN/images/48833f9f9dcb7701.jpg,250.08123779296875,771.3327247619629,2266.6839965820313,3949.7647399902344,0.9154717326164246,cat
DATA_CLEAN/images/488ecce659b7faba.jpg,451.468408203125,319.750634765625,547.8203125,411.801708984375,0.8097085952758789,cat
DATA_CLEAN/images/48922d020764d706(1).jpg,20.7087890625,59.235498046875,1932.277734375,1383.346484375,0.9530119299888611,cat
DATA_CLEAN/images/48a24382ebbf6c69.jpg,1745.3595703125,140.187744140625,3063.4341796875,1337.604931640625,0.887911319732666,cat
DATA_CLEAN/images/48a24382ebbf6c69.jpg,0.8818725585937499,1209.944091796875,785.3469726562499,2297.86025390625,0.7387858629226685,cat
DATA_CLEAN/images/48b76247ea692863.jpg,814.3842864990235,712.243817138672,2291.0101501464846,2299.586572265625,0.7701008319854736,cat
DATA_CLEAN/images/48c6353e7e91e0d6.jpg,984.4707489013672,712.6052093505859,1159.5386505126953,1058.7229919433594,0.9062682390213013,cat
DATA_CLEAN/images/48c7ab855d463fd8.jpg,1461.5348510742188,941.4330139160156,2893.72763671875,1562.1894470214845,0.9511461853981018,cat
DATA_CLEAN/images/48cc12c8f70864bc.jpg,565.476131439209,1480.3600311279297,1387.7180099487305,2425.3524780273438,0.7963507175445557,cat
DATA_CLEAN/images/48cc12c8f70864bc.jpg,1010.2006912231445,2090.015411376953,2406.825828552246,2991.6061401367188,0.669530987739563,cat
DATA_CLEAN/images/48d60d9d3850c4ad(1).jpg,542.8413182258606,518.151757144928,5620.2407302856445,3736.041320991516,0.8748044967651367,cat
DATA_CLEAN/images/48d738ef60b7f934.jpg,477.82039947509764,641.0880294799805,2887.3586563110352,1880.7948760986328,0.8522841930389404,cat
DATA_CLEAN/images/48da0b91e77b3078.jpg,2084.695037841797,1446.5055541992188,2806.801373291016,2244.630963134766,0.9324871301651001,cat
DATA_CLEAN/images/48e0a9c773bab907.jpg,119.08470153808594,669.2337799072266,1149.404411315918,1410.0448608398438,0.7901684045791626,cat
DATA_CLEAN/images/48e11c711b0684d7.jpg,772.692529296875,2354.4972290039063,1438.505110168457,2855.83392791748,0.9353885650634766,cat
DATA_CLEAN/images/48edf07cfec83740(1).jpg,82.05631833076478,173.08861663341523,3137.9673748016357,1885.447026538849,0.9484186172485352,cat
DATA_CLEAN/images/48fa243ce203416d.jpg,2091.5911242485045,1998.9474381923676,2628.5894671440124,2825.376746463776,0.6171177625656128,cat
DATA_CLEAN/images/48fc73e5a684a176.jpg,342.74295806884766,218.7621307373047,989.8881530761719,624.5317077636719,0.9419069290161133,cat
DATA_CLEAN/images/48fc73e5a684a176.jpg,794.8987579345703,638.3598327636719,1600.0,1197.0100402832031,0.9307317733764648,cat
DATA_CLEAN/images/48fc73e5a684a176.jpg,0.0,537.5480651855469,503.6885070800781,1060.6639099121094,0.9279602766036987,cat
DATA_CLEAN/images/48fce98556a0ec0b(1).jpg,952.7719207763672,1278.3526336669922,1690.5499237060546,2346.323263549805,0.8814541101455688,cat
DATA_CLEAN/images/48fe451536cf4d9a.jpg,0.0,168.90352630615234,3587.709451293945,2279.1262817382812,0.8663504123687744,cat
DATA_CLEAN/images/48fe451536cf4d9a.jpg,10.28470458984375,161.55399856567382,3584.9329650878904,2299.186477661133,0.5809914469718933,cat
DATA_CLEAN/images/490500accffd668a.jpg,915.1288986206055,850.0121116638184,3520.322036743164,2996.111297607422,0.9183163046836853,cat
DATA_CLEAN/images/4919adfebde62d68.jpg,160.78739967346192,187.996049284935,2290.675509977341,2348.064358520508,0.6312873363494873,cat
DATA_CLEAN/images/4919adfebde62d68.jpg,181.82838592529296,29.137996339797976,3283.0,2304.8186257362368,0.49574336409568787,cat
DATA_CLEAN/images/491a250ccc104250.jpg,3285.577423095703,1905.8008728027344,4160.0,3119.2017822265625,0.847855806350708,cat
DATA_CLEAN/images/492a27a1b05ccdcf.jpg,405.89251708984375,464.8529052734375,581.3711547851562,718.516357421875,0.9513406753540039,cat
DATA_CLEAN/images/492a27a1b05ccdcf.jpg,640.7451782226562,463.077392578125,840.1510620117188,720.8446655273438,0.9499308466911316,cat
DATA_CLEAN/images/493308f32e8964c4.jpg,131.63871846199035,46.572696161270144,2641.469520378113,1657.116807460785,0.9436937570571899,cat
DATA_CLEAN/images/49635e0094c9054a(1).jpg,173.09192810058593,339.75232620239257,376.2707664489746,454.6859603881836,0.9141133427619934,cat
DATA_CLEAN/images/49635e0094c9054a(1).jpg,344.7441146850586,387.4980010986328,441.8525901794434,458.57873458862304,0.772618293762207,cat
DATA_CLEAN/images/49635e0094c9054a(1).jpg,362.23714141845704,317.8968360900879,561.8955581665039,468.16354980468753,0.46703752875328064,cat
DATA_CLEAN/images/4976bd2e004d5b44.jpg,465.43109741210935,368.06516418457034,3008.0,1688.0951904296876,0.9429032802581787,cat
DATA_CLEAN/images/4994120e92a1749d(1).jpg,153.90831298828124,403.99160156249997,726.7611328125,1349.831103515625,0.9431300163269043,cat
DATA_CLEAN/images/49c33d04ef1a0144(1).jpg,0.0,377.1986022949219,2288.0299896240235,2006.9813598632813,0.6798021793365479,cat
DATA_CLEAN/images/49c33d04ef1a0144(1).jpg,0.0,449.27454528808596,1649.8895324707032,2028.6972930908203,0.4781058430671692,cat
DATA_CLEAN/images/49c4616f53331739.jpg,586.0879760742188,700.85830078125,1666.3341796875,1628.2892944335936,0.9302222728729248,cat
DATA_CLEAN/images/49c7c402d5da73e0.jpg,22.355206298828126,77.33427124023437,1883.1103271484374,1173.361019897461,0.9519244432449341,cat
DATA_CLEAN/images/49c81e73504dcfd8(1).jpg,0.0,513.356201171875,794.3005981445312,959.207763671875,0.49247798323631287,cat
DATA_CLEAN/images/49ca4a5091d544bb.jpg,514.641096496582,1205.6202026367187,2414.4749084472655,2277.1011291503905,0.9342365860939026,cat
DATA_CLEAN/images/49ca4a5091d544bb.jpg,852.4571868896485,54.660955810546874,2805.729638671875,1392.190740966797,0.8335851430892944,cat
DATA_CLEAN/images/49e364bf4cee5887.jpg,371.868408203125,7.8355712890625,2341.70751953125,1425.5341796875,0.9081943035125732,cat
DATA_CLEAN/images/49f36aa9d212bc5b.jpg,265.1919921875,258.5201171875,2048.0,1371.0,0.9385920763015747,cat
DATA_CLEAN/images/4a042b5e4b52bd03(1).jpg,40.78477783203125,360.79054870605466,2693.2417114257814,1707.9706481933595,0.9596797227859497,cat
DATA_CLEAN/images/4a11788cec368b08.jpg,41.67437744140625,84.0491943359375,1014.802490234375,1015.453369140625,0.4846104085445404,cat
DATA_CLEAN/images/4a11788cec368b08.jpg,393.20526123046875,83.38113403320312,1010.2784423828125,875.1622314453125,0.3235100209712982,cat
DATA_CLEAN/images/4a2279e6334388c4.jpg,528.722900390625,5.8592529296875,1247.82421875,1171.78662109375,0.8545480370521545,cat
DATA_CLEAN/images/4a24e6fadc451a9c.jpg,495.82223052978514,299.34841003417966,4752.0,2908.394116973877,0.9374291896820068,cat
DATA_CLEAN/images/4a3098c0f94bec7f.jpg,1060.753955078125,1745.8650268554688,1779.0141754150393,2504.034689331055,0.3390148878097534,cat
DATA_CLEAN/images/4a32a9e3cae5e84e.jpg,156.9519805908203,1160.1254272460938,916.0038757324219,1473.7673950195312,0.9317861795425415,cat
DATA_CLEAN/images/4a3a026480991fd9(1).jpg,474.2454528808594,6.486854553222656,1367.1542358398438,1020.8718109130859,0.8838121891021729,cat
DATA_CLEAN/images/4a411f977a53b03d.jpg,1065.9666015625,1270.56103515625,1433.1015625,1938.3015625,0.9352794885635376,cat
DATA_CLEAN/images/4a411f977a53b03d.jpg,917.3453125,0.0,1436.2818359375,531.907177734375,0.7077319622039795,cat
DATA_CLEAN/images/4a4516ffb80690b4.jpg,0.0,9.373531341552734,830.0,719.0,0.9416781067848206,cat
DATA_CLEAN/images/4a58a3aa0939dc13(1).jpg,1068.5156925201416,401.3202407836914,2563.3948612213135,2132.7535392761233,0.824233889579773,cat
DATA_CLEAN/images/4a64fd9d64517e88(1).jpg,580.4474973678589,145.379376411438,1800.0,1215.0,0.9552909135818481,cat
DATA_CLEAN/images/4a6660fc0d4f5145.jpg,217.80095100402832,347.045373916626,1527.695083618164,983.6509704589844,0.9318550229072571,cat
DATA_CLEAN/images/4a67d8ba11ba619a.jpg,2277.821704101563,883.0033828735352,3842.2111816406255,2052.317059326172,0.7710372805595398,cat
DATA_CLEAN/images/4a67d8ba11ba619a.jpg,28.08201293945313,519.1052368164063,2485.0992736816406,2148.7465148925785,0.7649986743927002,cat
DATA_CLEAN/images/4a6a60ee0e83beec(1).jpg,30.189111328125,275.7972702026367,3065.839910888672,1421.3876495361328,0.8298229575157166,cat
DATA_CLEAN/images/4a7794f02eb7acd0.jpg,678.4590637207032,374.8251365661621,1085.7139389038086,596.6564208984375,0.9394972324371338,cat
DATA_CLEAN/images/4a8facaf31131757.jpg,154.0264892578125,326.7469024658203,1563.05419921875,1188.7673950195312,0.9241230487823486,cat
DATA_CLEAN/images/4a99f39d9fd1c27c.jpg,358.74755859375,11.630712890625,2718.5009765625,1827.4209960937499,0.9226768612861633,cat
DATA_CLEAN/images/4aa76d1564cf7257(1).jpg,0.0,407.99113769531255,2710.2143188476566,2190.005474853516,0.9423912763595581,cat
DATA_CLEAN/images/4aac2b29858c8086.jpg,186.5885498046875,220.85283203125,870.9763671875,564.13935546875,0.9419424533843994,cat
DATA_CLEAN/images/4ab5124c4489e2b0(1).jpg,226.165851354599,2105.398623228073,674.3847558498383,2509.5103917121887,0.9364075660705566,cat
DATA_CLEAN/images/4ab7dd4d9e0e5acc.jpg,71.61731719970703,440.88207244873047,968.1721496582031,1525.6484985351562,0.9058710336685181,cat
DATA_CLEAN/images/4ab9f13f32d8a3fd.jpg,0.0,320.5146697998047,2919.5513305664062,1645.4344482421875,0.938471257686615,cat
DATA_CLEAN/images/4ac01f467ccd9865.jpg,55.07895193099976,192.58630418777466,727.3215459823608,705.0188879013061,0.939908504486084,cat
DATA_CLEAN/images/4ad550df03440c12.jpg,0.0,209.32235717773438,3390.008544921875,2952.387237548828,0.943355917930603,cat
DATA_CLEAN/images/4adc76bad84af50c.jpg,484.97724609374995,126.6844482421875,3072.0,2032.8521484374999,0.9166187644004822,cat
DATA_CLEAN/images/4adfacb89dad5738(1).jpg,785.5618652343751,506.08939361572266,2122.5147125244143,1830.6431579589844,0.5482383370399475,cat
DATA_CLEAN/images/4ae32d8c02ca923c(1).jpg,24.8016357421875,439.94904785156245,2057.2960693359373,1385.2074462890625,0.9342312216758728,cat
DATA_CLEAN/images/4aeb0e00d980ec50.jpg,742.8588592529297,843.2836303710938,2247.5074951171873,2254.6186706542967,0.9110838174819946,cat
DATA_CLEAN/images/4aee2953bf07bbe7(1).jpg,183.6683858156204,137.42752747535707,1668.630896472931,1353.2395874977112,0.8987827301025391,cat
DATA_CLEAN/images/4af89ab0d5a74a06(1).jpg,2.4399280548095703,23.927688598632812,816.1628723144531,644.536018371582,0.8152997493743896,cat
DATA_CLEAN/images/4b03f8bae49ce936.jpg,327.277392578125,0.0,2816.0,1514.2821289062501,0.9262198805809021,cat
DATA_CLEAN/images/4b11af2364609af3.jpg,264.61759185791016,0.0,3287.1836700439453,2808.795135498047,0.7556493878364563,cat
DATA_CLEAN/images/4b11af2364609af3.jpg,1622.224422454834,1457.0536651611328,2945.761344909668,2326.8589782714844,0.6704438924789429,cat
DATA_CLEAN/images/4b23563e256d5a6e(1).jpg,412.33043289184565,192.52288818359375,758.9797164916992,638.4284118652344,0.9366165399551392,cat
DATA_CLEAN/images/4b23563e256d5a6e(1).jpg,907.700048828125,209.16997985839842,1451.9069213867188,636.3921463012695,0.9349543452262878,cat
DATA_CLEAN/images/4b2d2c1756dfc45c.jpg,64.01109206676483,460.42516322135924,2260.103289604187,1677.965470790863,0.42266008257865906,cat
DATA_CLEAN/images/4b2fbf63d11e877a.jpg,755.5131958007813,381.7103576660156,3456.0,2301.7387939453124,0.9344207048416138,cat
DATA_CLEAN/images/4b33f75e8add2d55(1).jpg,505.09013671875,277.047998046875,2048.0,1488.4880859375,0.7804694175720215,cat
DATA_CLEAN/images/4b3de5df61053185.jpg,16.819244384765625,698.968327331543,3393.286120605469,1606.7960449218751,0.7108495831489563,cat
DATA_CLEAN/images/4b3de5df61053185.jpg,115.14372253417969,611.9086029052735,3526.4296875,1669.7343566894533,0.37658971548080444,cat
DATA_CLEAN/images/4b3de5df61053185.jpg,4.4190307617187505,683.1051132202149,3475.6529296875,1591.2782958984376,0.2910957336425781,cat
DATA_CLEAN/images/4b4104633fee2802(1).jpg,734.1259765625,365.806640625,1097.59423828125,629.8458251953125,0.9221657514572144,cat
DATA_CLEAN/images/4b506325b125617f.jpg,129.04762415885926,208.7734276533127,1860.6438855648041,1619.5911974906921,0.884354293346405,cat
DATA_CLEAN/images/4b7fdd8d30f2b782(1).jpg,0.0,169.35260009765625,1550.4580810546875,1722.4762939453124,0.9322758913040161,cat
DATA_CLEAN/images/4b80c2da7f736a68.jpg,96.57173156738281,550.714111328125,1337.7437591552734,1661.2665176391602,0.9375213384628296,cat
DATA_CLEAN/images/4b89bf78ced1d5ea(1).jpg,833.2497749328613,390.1255859375,1690.8924743652342,915.6014221191406,0.7393240928649902,cat
DATA_CLEAN/images/4b89bf78ced1d5ea(1).jpg,833.4076766967773,393.7074913024902,1693.8504104614258,910.325390625,0.3094802498817444,cat
DATA_CLEAN/images/4bae3a8bf6608a3c.jpg,1063.2545471191406,537.3720169067383,2799.1294860839844,2749.8775482177734,0.8511162400245667,cat
DATA_CLEAN/images/4bae3a8bf6608a3c.jpg,28.358936309814453,541.9110298156738,1424.8247146606445,1878.8490295410156,0.7167847156524658,cat
DATA_CLEAN/images/4bb145c7f82efec3.jpg,341.48187561035155,39.18444671630859,2272.0,1297.8032104492188,0.49898576736450195,cat
DATA_CLEAN/images/4bb145c7f82efec3.jpg,386.8958854675293,282.81305541992185,1836.0979614257812,1224.0961837768555,0.2831200361251831,cat
DATA_CLEAN/images/4bc02fca0ae4066c.jpg,253.42334289550783,935.7972564697266,3534.2459655761722,2522.9833740234376,0.9458372592926025,cat
DATA_CLEAN/images/4bc488057fb68daa.jpg,741.4746294021606,1031.141269683838,1052.5923342704773,1485.8424968719482,0.9411412477493286,cat
DATA_CLEAN/images/4bed0afab64133f9(1).jpg,156.40063967704774,342.88146443367003,520.156010055542,814.9136489868164,0.9215365648269653,cat
DATA_CLEAN/images/4bee81e57d68ecfe.jpg,415.86597032547,575.3253174304963,1801.0197477340698,1315.1024230003356,0.9122382402420044,cat
DATA_CLEAN/images/4bf275dab52d40d0.jpg,425.2640075683594,295.39259033203126,1933.9716796875,1294.8489624023437,0.954776406288147,cat
DATA_CLEAN/images/4bfe1032f946fcd6.jpg,15.236109924316407,4.58074722290039,1632.0,968.1961212158203,0.9173005819320679,cat
DATA_CLEAN/images/4c15b1ea2d1bac3d(1).jpg,0.0,1295.518798828125,1647.0881652832031,3199.797866821289,0.8510373830795288,cat
DATA_CLEAN/images/4c15b1ea2d1bac3d(1).jpg,761.4994125366211,342.388126373291,1614.4282836914062,1239.6028518676758,0.7932019233703613,cat
DATA_CLEAN/images/4c178072878556f7.jpg,200.20708465576172,175.54222869873047,4320.0,2310.407501220703,0.8533374071121216,cat
DATA_CLEAN/images/4c178072878556f7.jpg,0.39916419982910156,1471.7430725097656,1045.272560119629,2415.3396377563477,0.5726560354232788,cat
DATA_CLEAN/images/4c230ddaccf18085.jpg,357.2116770744324,431.76967692375183,2059.5967054367065,3255.0,0.9441242218017578,cat
DATA_CLEAN/images/4c2da4f28a02c06a.jpg,224.2705078125,21.754852294921875,2304.0,1607.8526367187499,0.8998028039932251,cat
DATA_CLEAN/images/4c57fcdb2106780b.jpg,233.49188923835754,183.93823742866516,879.4445562362671,785.913724899292,0.9264717102050781,cat
DATA_CLEAN/images/4c5e9ccbbbe3e388(1).jpg,21.10777974128723,65.61808562278748,2811.0,1840.9702174186707,0.9366370439529419,cat
DATA_CLEAN/images/4c6a08d41e65d15a(1).jpg,1014.677116394043,0.0,2392.218817138672,1490.3787780761718,0.39817240834236145,cat
DATA_CLEAN/images/4c86cad286567488.jpg,143.18645324707032,1159.2634780883789,1757.7011169433595,2264.691357421875,0.8512043952941895,cat
DATA_CLEAN/images/4c959e866a2ed578.jpg,243.78009796142578,0.0,960.0,573.7769622802734,0.9028586149215698,cat
DATA_CLEAN/images/4c9813851fdd58bb.jpg,1246.6113807678223,450.4155578613281,3241.0866210937497,1723.093653869629,0.9044984579086304,cat
DATA_CLEAN/images/4c99947cd970013a(1).jpg,508.59993438720704,180.493327331543,1425.8064056396486,1704.2858047485352,0.6386726498603821,cat
DATA_CLEAN/images/4ca9c613cc92909f(1).jpg,25.08990478515625,161.6131134033203,296.2488098144531,612.49365234375,0.8982428312301636,cat
DATA_CLEAN/images/4cb664f9bb4b05b1.jpg,13.748347473144532,243.47164001464844,1086.7901332855224,1460.0,0.4300971031188965,cat
DATA_CLEAN/images/4cb664f9bb4b05b1.jpg,19.200191879272463,229.80867042541504,2052.505598449707,1426.708383178711,0.30124691128730774,cat
DATA_CLEAN/images/4cb8c424f50a4ef2.jpg,792.9417068481445,1275.577130126953,2138.9036087036134,1689.1717498779296,0.522011935710907,cat
DATA_CLEAN/images/4cb8c424f50a4ef2.jpg,941.489600944519,1282.459521484375,2140.9746032714843,1633.609977722168,0.2580323815345764,cat
DATA_CLEAN/images/4cbd9b7c93b67c4f.jpg,141.81624422073364,357.052959728241,3749.9701530456546,2497.886738872528,0.9248389005661011,cat
DATA_CLEAN/images/4ce11158dd5eb212.jpg,16.7753604888916,1065.8597694396972,3176.906135559082,4014.679885864258,0.6221668124198914,cat
DATA_CLEAN/images/4d0e18e3ac0158d6(1).jpg,328.4192687988281,611.6448303222656,2361.3410888671874,1639.9285949707032,0.9149308800697327,cat
DATA_CLEAN/images/4d15941b10e09d30(1).jpg,2684.5345561981203,1414.5969756603242,4496.0860210418705,2035.5311915874481,0.9099205732345581,cat
DATA_CLEAN/images/4d15941b10e09d30(1).jpg,313.7546990633011,597.4318954467774,1247.669944381714,1098.870619726181,0.8366135358810425,cat
DATA_CLEAN/images/4d203c86f3e944da.jpg,11.614148712158205,266.9066551208496,1720.3262420654298,1234.362208557129,0.9259178638458252,cat
DATA_CLEAN/images/4d3b9ce9f7016e1c(1).jpg,913.2503356933594,97.80523681640625,3761.435302734375,2076.310546875,0.9362114667892456,cat
DATA_CLEAN/images/4d5744bbd47748cc.jpg,127.7298454284668,355.32297592163087,1284.7295196533205,912.6477035522462,0.776218056678772,cat
DATA_CLEAN/images/4d63f51d95684b1d.jpg,341.20055236816404,1503.7476379394532,1891.8512878417969,2660.346954345703,0.9614076614379883,cat
DATA_CLEAN/images/4d63f51d95684b1d.jpg,1176.3873413085937,490.4189758300781,1946.1388641357423,1577.9819915771484,0.7070238590240479,cat
DATA_CLEAN/images/4d913b3510175135.jpg,292.807275390625,368.7831298828125,623.804541015625,695.9494140625,0.8974692821502686,cat
DATA_CLEAN/images/4d960b4f9d71a00a(1).jpg,129.89567260742186,131.82935471534728,1246.3581003189086,1264.060362625122,0.9220265746116638,cat
DATA_CLEAN/images/4dab7009ac3f90fe.jpg,0.0,93.32436065673828,1572.7688220977784,1258.0,0.6347714066505432,cat
DATA_CLEAN/images/4dab7009ac3f90fe.jpg,0.0,92.79009432792664,1567.6562023162842,1252.5682249069214,0.5310221314430237,cat
DATA_CLEAN/images/4dad815baef196f8.jpg,47.977868652343744,642.6923553466796,1815.4189514160155,1385.5353805541993,0.5319117903709412,cat
DATA_CLEAN/images/4dad815baef196f8.jpg,8.288027954101562,634.0649063110351,1789.4262084960938,1515.2586944580078,0.37428179383277893,cat
DATA_CLEAN/images/4db206e1e162a82e.jpg,152.7478543281555,68.86544651985169,1872.940847969055,1605.3331031799316,0.9317045211791992,cat
DATA_CLEAN/images/4dca7177cc5cc705(1).jpg,2061.3335960388185,368.215784072876,3714.6536239624024,2840.8264862060546,0.8637874126434326,cat
DATA_CLEAN/images/4de567b9bb16f743.jpg,270.4240882873535,195.84299392700194,1872.056625366211,1871.9489852905274,0.7996199131011963,cat
DATA_CLEAN/images/4dec4f47cb97cf3a(1).jpg,255.31906127929688,253.09222412109375,1061.6053466796875,717.6149291992188,0.9567080736160278,cat
DATA_CLEAN/images/4dfdbf1da2ed509e.jpg,420.558557510376,337.74078369140625,610.4155540466309,597.905158996582,0.8260825276374817,cat
DATA_CLEAN/images/4e017cf7777b2a4d.jpg,857.2501544952393,1229.1777963638306,1488.4550199508667,1637.330675125122,0.884725034236908,cat
DATA_CLEAN/images/4e08deb29c4a4d9e.jpg,372.5612731933594,177.05162658691407,1325.3101776123049,1148.6021484375,0.9308080673217773,cat
DATA_CLEAN/images/4e1134fc4c8b9858.jpg,879.98364944458,37.37045745849609,4368.0,2321.97526473999,0.9596667289733887,cat
DATA_CLEAN/images/4e37e8914ff0766d.jpg,0.0,322.78222045898434,983.4911499023438,1673.9989013671875,0.9441326856613159,cat
DATA_CLEAN/images/4e3a9cf1a0764a05.jpg,265.0812683105469,192.6824951171875,1185.4881591796875,697.594970703125,0.9275854825973511,cat
DATA_CLEAN/images/4e3d1613460f44a0.jpg,70.39581298828125,211.43241119384766,577.4570617675781,616.5309906005859,0.9028590321540833,cat
DATA_CLEAN/images/4e3f99d2c37b4d27.jpg,1734.5951545715332,1276.6925857543945,3821.569189453125,2832.175023651123,0.7058351039886475,cat
DATA_CLEAN/images/4e3f99d2c37b4d27.jpg,1757.797373199463,1419.958740234375,3289.6287117004395,2836.8788681030273,0.289506733417511,cat
DATA_CLEAN/images/4e448799ea6dfbc0.jpg,419.9842498779297,521.3239654541015,3872.0,2592.0,0.9134597778320312,cat
DATA_CLEAN/images/4e4d92404b1f0d8d.jpg,358.49322509765625,248.7471923828125,2084.505615234375,1503.87841796875,0.9219164848327637,cat
DATA_CLEAN/images/4e53018f04f39ffe.jpg,425.34580078125,450.04736328125,999.6052734375,748.9546875,0.9581691026687622,cat
DATA_CLEAN/images/4e5d3a0733426e06.jpg,1574.289524459839,240.80777177810668,3215.3733324050904,1308.4244247436523,0.9517968893051147,cat
DATA_CLEAN/images/4e6e91c454d757f8(1).jpg,1631.9494171142578,13.38189697265625,2653.282470703125,1158.1217834472657,0.9166557788848877,cat
DATA_CLEAN/images/4e75c144a397f289(1).jpg,24.838333129882812,198.37425231933594,1600.0,954.4819641113281,0.9561631083488464,cat
DATA_CLEAN/images/4e7e386f6ed43d48.jpg,354.81646728515625,282.4686279296875,1276.91357421875,800.4575805664062,0.7723944187164307,cat
DATA_CLEAN/images/4e7e386f6ed43d48.jpg,250.11233520507812,282.5623474121094,1271.926025390625,802.1199951171875,0.617450475692749,cat
DATA_CLEAN/images/4ea089aa6e84973e.jpg,149.76543760299683,434.1958980560303,867.6043968200684,836.5047769546509,0.9658868312835693,cat
DATA_CLEAN/images/4eade192598b88bd(1).jpg,1384.1956329345703,452.92256011962894,3588.1159057617188,2020.2852264404298,0.9384846687316895,cat
DATA_CLEAN/images/4eade192598b88bd(1).jpg,0.8780136108398438,517.3923294067383,1575.6989685058595,1891.9355529785157,0.7885972261428833,cat
DATA_CLEAN/images/4eb530ce905ac47d.jpg,405.8610595703125,49.870166015625,909.1779296875,683.3044921875,0.92411208152771,cat
DATA_CLEAN/images/4ebaeea4516db954.jpg,77.6283203125,451.489111328125,1281.73779296875,1321.2060546875,0.9157581329345703,cat
DATA_CLEAN/images/4ec7ade80935a800.jpg,93.197021484375,33.23297119140625,639.5596313476562,590.298828125,0.6798272132873535,cat
DATA_CLEAN/images/4ed02925fe001b02.jpg,59.6790992975235,246.66552517414092,1109.7017421722412,1526.2142974853516,0.8451183438301086,cat
DATA_CLEAN/images/4ee30c193d3a8e07.jpg,0.0,115.9625244140625,596.8362045288086,755.1488494873047,0.9323071241378784,cat
DATA_CLEAN/images/4ee30c193d3a8e07.jpg,563.7322616577148,113.934326171875,1257.1644592285156,720.1969909667969,0.8968626260757446,cat
DATA_CLEAN/images/4ee6b979d943b6a5(1).jpg,0.0,136.3737560033798,4227.0,2997.389719390869,0.7169415950775146,cat
DATA_CLEAN/images/4ee6b979d943b6a5(1).jpg,1814.1154495239257,142.92845685482024,4222.879326438903,2982.427989864349,0.6402807235717773,cat
DATA_CLEAN/images/4ee6b979d943b6a5(1).jpg,4.134681916236877,1144.393122768402,2140.1785596370696,3000.4461610794065,0.3314107060432434,cat
DATA_CLEAN/images/4f1798a65805ae46.jpg,30.521729469299316,106.93000745773315,3753.562364387512,2668.5588767051695,0.9415637254714966,cat
DATA_CLEAN/images/4f2ddffac850b49b(1).jpg,8.933429718017578,98.51337432861328,774.6044540405273,791.0165405273438,0.9352495670318604,cat
DATA_CLEAN/images/4f2ddffac850b49b(1).jpg,671.0839462280273,123.87657165527344,1146.6876983642578,513.193187713623,0.8679667711257935,cat
DATA_CLEAN/images/4f3a9ee33a81c4ca.jpg,1644.8125488281248,782.18759765625,2828.07451171875,1631.09619140625,0.43140289187431335,cat
DATA_CLEAN/images/4f40fbff2e5cb844.jpg,0.0,215.2642578125,1906.8896484375,1413.169921875,0.9473900198936462,cat
DATA_CLEAN/images/4f4f44aba89fb692.jpg,798.7144317626953,216.14934539794922,5172.483801269532,3454.901147460938,0.9482482075691223,cat
DATA_CLEAN/images/4f541cf8021b43a5.jpg,389.87700805664065,295.1254577636719,2550.0734619140626,1942.9066955566407,0.40683436393737793,cat
DATA_CLEAN/images/4f799c49f9240f76.jpg,484.0998840332031,694.4777984619141,958.4052200317383,900.4679336547852,0.9202089309692383,cat
DATA_CLEAN/images/4f985309c02e9d9a.jpg,1449.7655505180358,925.789896583557,3380.947941970825,1993.8799286842345,0.8666964769363403,cat
DATA_CLEAN/images/4f985309c02e9d9a.jpg,659.4675311565398,1444.4570497512816,1193.0139218330382,2169.131402492523,0.8131111264228821,cat
DATA_CLEAN/images/4f985309c02e9d9a.jpg,71.74216282367706,1542.1486284255982,548.6684417724609,2248.7098096847535,0.7519198656082153,cat
DATA_CLEAN/images/4f985309c02e9d9a.jpg,1600.517765235901,392.34758176803587,2505.3982526779173,1283.3723496437071,0.4626316428184509,cat
DATA_CLEAN/images/4f985309c02e9d9a.jpg,70.53021612167358,1527.1319169044493,547.0471871852875,2244.8132383346556,0.35599637031555176,cat
DATA_CLEAN/images/4f9cf4ff7bae25d5.jpg,220.5917724609375,236.537890625,964.2291015625,531.585791015625,0.9531086683273315,cat
DATA_CLEAN/images/4fb94f6300e25777.jpg,197.1555950164795,80.83624992370606,1438.234130859375,1377.2923179626466,0.9161971807479858,cat
DATA_CLEAN/images/4fcba0b6a1a22f40.jpg,1044.2814559936523,23.033175945281982,2655.8593368530273,3737.122901916504,0.7149550318717957,cat
DATA_CLEAN/images/4fcc8c4516d805f1.jpg,918.8154458999633,1347.3177909851074,1418.774127960205,1637.5240802764893,0.6529622673988342,cat
DATA_CLEAN/images/4fcc8c4516d805f1.jpg,910.2602005004882,1336.4479064941406,1443.1875228881836,1637.682294845581,0.6260953545570374,cat
DATA_CLEAN/images/4fcf944d15974356.jpg,1098.230242538452,213.17478675842284,3888.0,2574.3331604003906,0.9383375644683838,cat
DATA_CLEAN/images/4fd55f4a6c5043aa.jpg,138.59347534179688,595.3709716796875,396.737548828125,831.825439453125,0.4365057051181793,cat
DATA_CLEAN/images/4fd55f4a6c5043aa.jpg,136.62608337402344,597.6998901367188,396.24822998046875,831.7076416015625,0.3319951295852661,cat
DATA_CLEAN/images/4fe5eb75d5a1430f(1).jpg,181.07766723632812,96.66079711914062,753.0313720703125,1280.0,0.8163644075393677,cat
DATA_CLEAN/images/4ff653a023590fee.jpg,129.0727475643158,164.0683638572693,826.5793684005738,756.4248455047608,0.9378315210342407,cat
DATA_CLEAN/images/5007a377b3f1babb(1).jpg,0.598486328125,2.2969482421875,862.787109375,727.188671875,0.9501115083694458,cat
DATA_CLEAN/images/5010fcdd798e844b(1).jpg,321.81129467487335,360.2867369413376,1692.0072100639343,1267.5840804100037,0.8170251846313477,cat
DATA_CLEAN/images/5013ed2f1ab72ad9.jpg,1007.8769165039063,1190.0971710205079,1804.4372131347657,2489.753759765625,0.9215970039367676,cat
DATA_CLEAN/images/50143f4b64b394a5.jpg,579.5345245361328,106.31231307983398,4300.997344970703,3045.2939559936526,0.9384914636611938,cat
DATA_CLEAN/images/501fbc2dbdd73f49(1).jpg,647.0571411132813,369.67579956054686,2042.8203125,1225.6784912109376,0.9411145448684692,cat
DATA_CLEAN/images/5055a818768e4e05.jpg,828.3537123680114,767.0086685895919,1645.6282315731048,2601.863035774231,0.9263356328010559,cat
DATA_CLEAN/images/50678badb974c25d.jpg,747.36865234375,444.91220703125,1450.0494140625,1056.63408203125,0.6865742802619934,cat
DATA_CLEAN/images/5095984c0c422e37.jpg,1133.9778900146484,277.9163360595703,4000.0,1842.0005798339844,0.9358710050582886,cat
DATA_CLEAN/images/509f1203ee88b667(1).jpg,0.0,115.14773559570312,1013.4692993164062,955.045166015625,0.9480785727500916,cat
DATA_CLEAN/images/50a74874cd8d0f5d.jpg,1377.963185119629,189.6519287109375,5003.5090209960945,3456.0,0.929563581943512,cat
DATA_CLEAN/images/50d2b9bcadacc2a7.jpg,68.91833066940308,149.0427803993225,1911.513204574585,1973.3555889129639,0.6083835363388062,cat
DATA_CLEAN/images/50d2b9bcadacc2a7.jpg,80.1511001586914,72.97994613647461,2623.062400817871,2005.9932231903076,0.566538393497467,cat
DATA_CLEAN/images/50d2b9bcadacc2a7.jpg,1306.0190677642822,33.38268756866455,2700.0,1497.7085208892822,0.4370638430118561,cat
DATA_CLEAN/images/50d688d8a104b12b(1).jpg,480.80682864189146,902.7929848194121,1384.5956929206848,1331.442339992523,0.6838698387145996,cat
DATA_CLEAN/images/50e132a7184bc1b8.jpg,765.0426555633545,516.2215118408203,4095.970053100586,3175.2127075195312,0.7672120332717896,cat
DATA_CLEAN/images/50e2d5f53d02da1c.jpg,886.6920471191406,284.6183776855469,4000.0,2956.5353393554688,0.9294245839118958,cat
DATA_CLEAN/images/50e43ef16cbf2eeb.jpg,407.0035147666931,428.335209608078,1072.6887757778168,1299.9191024303436,0.9005889892578125,cat
DATA_CLEAN/images/50e9201038a1e63f.jpg,365.44994912147524,1911.0969951152802,3814.0,5704.057637310028,0.9490172863006592,cat
DATA_CLEAN/images/50f629f749230917.jpg,119.47803497314453,1092.4253845214844,407.8450012207031,1459.9427795410156,0.9277467727661133,cat
DATA_CLEAN/images/50f669171ed89c6c(1).jpg,1252.5808868408203,909.6037078857422,1803.8339538574219,1495.053451538086,0.9195091724395752,cat
DATA_CLEAN/images/5110acf15bb3050b(1).jpg,99.35962557792664,338.726357460022,627.3872786521912,737.5486684799195,0.9048234224319458,cat
DATA_CLEAN/images/5110acf15bb3050b(1).jpg,513.0445681571961,254.32144231796266,820.1177639007568,559.1458683013916,0.8482378721237183,cat
DATA_CLEAN/images/511225fe290357e3.jpg,865.5330657958984,589.6283721923828,1298.5072326660156,748.6122894287109,0.8506879806518555,cat
DATA_CLEAN/images/511225fe290357e3.jpg,527.941780090332,497.8026580810547,847.0880889892578,674.1395568847656,0.6862099170684814,cat
DATA_CLEAN/images/512b6df8b0f77ad0.jpg,412.0430374145508,406.13903045654297,689.6302795410156,674.1171264648438,0.8083707094192505,cat
DATA_CLEAN/images/512b6df8b0f77ad0.jpg,487.53963470458984,445.64483642578125,686.414794921875,670.7808685302734,0.37238097190856934,cat
DATA_CLEAN/images/51446586738399b3.jpg,413.8304443359375,426.26904296875,640.0,640.0,0.892914891242981,cat
DATA_CLEAN/images/51446586738399b3.jpg,548.0681762695312,133.37107849121094,591.6007690429688,170.8013153076172,0.7605024576187134,cat
DATA_CLEAN/images/51446586738399b3.jpg,264.2168273925781,118.09331512451172,302.82513427734375,165.08990478515625,0.5945726633071899,cat
DATA_CLEAN/images/515dc3a1bde957a8.jpg,707.4665588378906,699.8078430175781,1744.0515197753907,1606.1706665039062,0.8701038360595703,cat
DATA_CLEAN/images/5172263272873461.jpg,738.5724471092225,73.46007030010223,1075.4367705345155,497.8783917427063,0.8799226880073547,cat
DATA_CLEAN/images/5172263272873461.jpg,227.8215515613556,302.4434229850769,676.7505268573761,746.0300244808197,0.4494270980358124,cat
DATA_CLEAN/images/519188c6c6975f80(1).jpg,325.39288330078125,241.9683380126953,552.2655944824219,494.36773681640625,0.8141541481018066,cat
DATA_CLEAN/images/51a0714bf2b785cc.jpg,41.41145477294922,344.47623100280765,1706.238033294678,2047.287092971802,0.9368094205856323,cat
DATA_CLEAN/images/51c770d53209bcbe(1).jpg,237.07252287864685,200.8611043691635,2213.0,2223.6603763103485,0.9469156265258789,cat
DATA_CLEAN/images/51c8d9269f120ca3(1).jpg,886.5062316894531,1130.9012115478515,3894.177770996094,5964.787670898438,0.9356704950332642,cat
DATA_CLEAN/images/51da4b5d3e5dd0f5.jpg,863.0606483459472,766.57367477417,2453.0161445617678,1798.013493347168,0.6330116987228394,cat
DATA_CLEAN/images/51da4b5d3e5dd0f5.jpg,862.3980491638183,763.766805267334,2454.579759979248,1804.419236755371,0.5867890119552612,cat
DATA_CLEAN/images/51e08ead54578087(1).jpg,2.426344299316406,444.7437194824219,1812.5315643310548,1958.883416748047,0.9066309928894043,cat
DATA_CLEAN/images/520543de740e4c33(1).jpg,261.656640625,570.4951171875,1595.202734375,1297.84736328125,0.9646447896957397,cat
DATA_CLEAN/images/5206f5523161760a.jpg,161.1278533935547,352.08683013916016,3919.3675994873047,2812.7891540527344,0.9311673641204834,cat
DATA_CLEAN/images/5210a2c969eabb01.jpg,1497.1349788665773,1089.4335807800294,4527.958833312989,3229.869779968262,0.9360184669494629,cat
DATA_CLEAN/images/52247f55e1531487.jpg,1202.1810974121095,1365.3217254638673,2575.761231994629,2082.886070251465,0.3230542540550232,cat
DATA_CLEAN/images/523b800669aa3025(1).jpg,320.9895126342774,143.1033462524414,2714.102801513672,2172.1712310791017,0.9397345781326294,cat
DATA_CLEAN/images/524340803bf9784e.jpg,335.58401527404783,1828.368814086914,718.6524616241455,2516.7469413757326,0.9241095781326294,cat
DATA_CLEAN/images/524340803bf9784e.jpg,1287.6849151611327,856.5185646057129,1707.750789642334,1163.6276035308838,0.4793514609336853,cat
DATA_CLEAN/images/524340803bf9784e.jpg,146.4713092803955,1176.01061668396,369.0797744750977,1323.275358581543,0.37719762325286865,cat
DATA_CLEAN/images/5245a5ea61b14f6e(1).jpg,484.9692687988281,413.50592041015625,638.3577270507812,564.8975830078125,0.893334150314331,cat
DATA_CLEAN/images/52493f4c8a8ae462.jpg,2.68330078125,126.9261474609375,2304.0,2024.8330078125,0.9201883673667908,cat
DATA_CLEAN/images/5255e6f4d378d90d.jpg,275.45662689208984,1275.753399658203,2657.1328659057617,2454.0320220947265,0.9380514621734619,cat
DATA_CLEAN/images/526dd084db44e33c(1).jpg,592.9324218749999,731.012841796875,3048.7880859375,2297.8415039062497,0.9329980611801147,cat
DATA_CLEAN/images/52776c046875d686(1).jpg,,,,,,
DATA_CLEAN/images/527985367e47f4be.jpg,83.79868278503417,285.6461868286133,841.1942108154296,1593.7129577636717,0.8997440338134766,cat
DATA_CLEAN/images/527a1f1216d0fb01.jpg,173.48603515625,179.0578369140625,901.43076171875,691.9646484375,0.9391005039215088,cat
DATA_CLEAN/images/527bf2d21279934b(1).jpg,971.2868675708771,909.7171677589417,1247.5687907695772,1325.7315786838533,0.8356437683105469,cat
DATA_CLEAN/images/52907e38947b9a87.jpg,505.4857597351074,486.35069274902344,1280.5281677246094,849.8297271728516,0.8988416790962219,cat
DATA_CLEAN/images/5292d6552e9c4a1e(1).jpg,0.0,61.774658203125,705.4541015625,763.694140625,0.9284619092941284,cat
DATA_CLEAN/images/529ce06b222a696a.jpg,856.0523735046387,1208.6491333007812,2450.1890670776365,2939.040616607666,0.8269446492195129,cat
DATA_CLEAN/images/52afe6cf9b1a0065.jpg,76.657763671875,158.25190429687498,3659.074365234375,2925.79892578125,0.9468789100646973,cat
DATA_CLEAN/images/52d84d56b6e539c6.jpg,1567.5079345703125,1325.8125305175781,2921.626853942871,2455.020523071289,0.43217772245407104,cat
DATA_CLEAN/images/52d84d56b6e539c6.jpg,2133.325958251953,1361.9743347167969,2982.0362091064453,2454.0136337280273,0.38410070538520813,cat
DATA_CLEAN/images/52d84d56b6e539c6.jpg,1451.102066040039,1295.4700469970703,2219.6548461914062,2211.995506286621,0.30356669425964355,cat
DATA_CLEAN/images/52d84d56b6e539c6.jpg,1455.8496475219727,1297.0087051391602,2921.3552474975586,2391.7903900146484,0.2736503481864929,cat
DATA_CLEAN/images/52dc72a0350af5da.jpg,280.60447692871094,152.76676177978516,1048.9036560058594,1173.5317993164062,0.9544316530227661,cat
DATA_CLEAN/images/52dfd051fe896f87.jpg,596.2722656249999,187.8507568359375,1605.22265625,2173.4821289062497,0.9092919826507568,cat
DATA_CLEAN/images/52e8815cd64db010.jpg,344.59349670410154,712.8296676635742,3223.791119384766,1999.8073059082033,0.7961947321891785,cat
DATA_CLEAN/images/52e8815cd64db010.jpg,265.81407623291017,448.07207336425785,3122.849468994141,1845.0761260986328,0.5912308692932129,cat
DATA_CLEAN/images/52ffa16f9df32f18.jpg,0.0,546.2146601676941,3824.4203300476074,2401.8157935142517,0.9290083646774292,cat
DATA_CLEAN/images/53011e146c70dfd2(1).jpg,1210.384506225586,477.0903625488281,3456.0,1533.4727783203125,0.9569884538650513,cat
DATA_CLEAN/images/5306b80fe49a1e54(1).jpg,627.306591796875,642.7056640625,892.50380859375,998.75703125,0.9343229532241821,cat
DATA_CLEAN/images/5311eeed4b09fa8a.jpg,2013.8471099853516,282.9221702575684,3838.9055686950683,2774.4768981933594,0.5528935790061951,cat
DATA_CLEAN/images/531fb35aa6d2869b(1).jpg,544.3755065917969,680.6977844238281,2672.989874267578,2078.6668029785155,0.9154574871063232,cat
DATA_CLEAN/images/532b47a0a0317fc1.jpg,1093.1106567382812,2373.719024658203,2123.7716674804688,3264.618682861328,0.8964238166809082,cat
DATA_CLEAN/images/5350d726609d6d2a(1).jpg,637.9393123626709,474.537992811203,3492.197350502014,2669.008870697022,0.9236441850662231,cat
DATA_CLEAN/images/53623b2422e110bf.jpg,155.7872314453125,305.5661315917969,301.2812805175781,465.8660583496094,0.8724997043609619,cat
DATA_CLEAN/images/5378d122f82c88da.jpg,1.85523681640625,236.4032440185547,1800.6308349609376,1232.5419677734376,0.9413912892341614,cat
DATA_CLEAN/images/5391424ea0bd32ee.jpg,11.894136047363283,426.25214843750007,3202.917077636719,4856.163098144531,0.9285273551940918,cat
DATA_CLEAN/images/53b9dc6ad55a5b9a.jpg,74.27555837631226,120.43013806343079,1134.7289481639862,885.2472096920013,0.5016438961029053,cat
DATA_CLEAN/images/53b9dc6ad55a5b9a.jpg,77.44847359657288,121.17799680233001,1127.5562925338745,883.447216129303,0.3711761236190796,cat
DATA_CLEAN/images/53c89285dbc2c404(1).jpg,0.0,175.95770263671875,1181.6053466796875,688.6107788085938,0.9476456642150879,cat
DATA_CLEAN/images/53dcb108ced77518.jpg,0.0,516.3599670410156,3356.3504943847656,2563.3101135253905,0.9286713600158691,cat
DATA_CLEAN/images/53e2bf2c52a18f55(1).jpg,0.0,2.9141845703125,891.8310546875,766.1575927734375,0.8938019871711731,cat
DATA_CLEAN/images/540a9b4a183da724(1).jpg,774.1688873291016,294.7494323730469,2226.8513122558593,2267.574426269531,0.9131219387054443,cat
DATA_CLEAN/images/540ae9265e83cf81(1).jpg,745.4466741085051,504.03944363594053,1422.5927141189575,1215.3015995979308,0.6305024027824402,cat
DATA_CLEAN/images/540ae9265e83cf81(1).jpg,160.70720937252042,672.8206684112548,658.972897195816,1426.0823181152343,0.37121471762657166,cat
DATA_CLEAN/images/540d3806aa92b195.jpg,488.3587799072266,1007.805989265442,3563.1381431579593,2661.6264408111574,0.9429407119750977,cat
DATA_CLEAN/images/540fbdcd83cbb804(1).jpg,1637.806008911133,0.0,5184.0,3161.9529602050784,0.6645338535308838,cat
DATA_CLEAN/images/54395bc207da7b89.jpg,451.59089398384094,2059.9523978233337,1360.2588329315186,2747.2733430862427,0.9029823541641235,cat
DATA_CLEAN/images/543fb98a38f92491(1).jpg,587.2869873046875,565.1459503173828,780.8023071289062,801.1530303955078,0.8024696707725525,cat
DATA_CLEAN/images/5442188b2055ffd9.jpg,0.0,0.0,1580.9421875,1451.247265625,0.9333215951919556,cat
DATA_CLEAN/images/5444d11088c2ac08.jpg,342.9068801879883,508.0701393127442,2390.392611694336,1702.766683959961,0.8665915727615356,cat
DATA_CLEAN/images/545cc5c246070a95.jpg,496.0026397705078,314.0356750488281,4320.0,3206.2664794921875,0.9028021097183228,cat
DATA_CLEAN/images/5477c52a7ccd5396.jpg,1132.4591674804688,0.4526710510253906,4320.0,2673.5048904418945,0.9094556570053101,cat
DATA_CLEAN/images/547b8f605c65aac4(1).jpg,311.338818359375,258.6949951171875,582.194189453125,429.394482421875,0.6183807253837585,cat
DATA_CLEAN/images/547b8f605c65aac4(1).jpg,308.69580078125,257.79248046875,582.791796875,428.402685546875,0.26229292154312134,cat
DATA_CLEAN/images/5483560336b0f3d5.jpg,475.83700790405277,840.573590183258,1403.4377786636353,2706.7624992370606,0.8283069133758545,cat
DATA_CLEAN/images/548e0469ff3ec738.jpg,177.85626220703125,183.65835571289062,1129.7720947265625,847.0,0.830601692199707,cat
DATA_CLEAN/images/54927a0ed9732206(1).jpg,1030.5145797729492,452.575218963623,1240.0768173217773,846.3944061279296,0.5203694701194763,cat
DATA_CLEAN/images/549a2aecc79f982e.jpg,1234.3240173339843,1292.859019088745,2372.227061462402,3274.5514389038085,0.9124342799186707,cat
DATA_CLEAN/images/54b89bccdfea6f14(1).jpg,401.27210302352904,64.56488018035888,2206.783971405029,2502.0573177337646,0.620203971862793,cat
DATA_CLEAN/images/54b984cd3bccfa5d(1).jpg,651.6974487304688,941.1750549316406,1918.9693954467773,2074.3840667724608,0.892662763595581,cat
DATA_CLEAN/images/54bcbb3a72439952(1).jpg,976.5641296386718,215.03231506347657,6016.0,3992.3459228515626,0.9207676649093628,cat
DATA_CLEAN/images/54c0acb65dc703ef.jpg,17.93015937805176,30.547620582580567,1502.0,1022.4187294006348,0.9396448731422424,cat
DATA_CLEAN/images/54d94d65364384f6(1).jpg,938.170214509964,660.8001688957214,1688.9072739601136,1784.8520533561707,0.9282166957855225,cat
DATA_CLEAN/images/54dbcefab414da42.jpg,354.1481628417969,429.7137451171875,1136.26904296875,948.921630859375,0.9380589723587036,cat
DATA_CLEAN/images/54e779d5ebb09618.jpg,1588.0218544006348,20.8861083984375,3797.6206970214844,2132.901741027832,0.914069414138794,cat
DATA_CLEAN/images/54e779d5ebb09618.jpg,0.0,345.0908660888672,1880.7195739746094,2817.738555908203,0.8727676272392273,cat
DATA_CLEAN/images/54f1e0f01253a523.jpg,0.0,157.9689178466797,268.77093505859375,638.7774658203125,0.9551678895950317,cat
DATA_CLEAN/images/55192aa26f246cfc.jpg,816.7075824737549,313.6910390853882,1425.1660537719727,964.6372032165527,0.8394500017166138,cat
DATA_CLEAN/images/551ca9fd340c96d2.jpg,553.7078155517578,411.5439147949219,3264.0,2422.3820251464845,0.9355096220970154,cat
DATA_CLEAN/images/5522953178478ced.jpg,35.82689571380615,0.0,2904.498939323425,2041.395911026001,0.7169014811515808,cat
DATA_CLEAN/images/552404bd92f70673.jpg,1436.7632826805113,527.0741869926453,2456.873436355591,1722.1362708091735,0.5769749879837036,cat
DATA_CLEAN/images/553711abb96cc625.jpg,353.01565704345705,7.237545776367188,2346.2228393554688,1423.1877868652346,0.8547022342681885,cat
DATA_CLEAN/images/5541354e198b9e56.jpg,358.8576171875,357.320751953125,2024.724609375,1519.61953125,0.9365710020065308,cat
DATA_CLEAN/images/55691313701b6180(1).jpg,812.2833273887635,800.64963722229,3356.0,2248.2978191375732,0.9512038230895996,cat
DATA_CLEAN/images/5572df3ed1917615.jpg,592.2943115234375,165.243896484375,895.6009521484375,455.4068603515625,0.345427542924881,cat
DATA_CLEAN/images/557401733c9f201d.jpg,24.5972900390625,0.0,2759.352703857422,1774.3624145507813,0.9075189828872681,cat
DATA_CLEAN/images/557852e38b14bddc(1).jpg,697.9886575698853,565.2219833374023,2822.140106201172,3323.319128417969,0.9100914001464844,cat
DATA_CLEAN/images/558744a4b4b56239.jpg,1238.4442199707032,388.9596862792969,3456.0,2297.0233520507813,0.9520761966705322,cat
DATA_CLEAN/images/558841e98ccac62e(1).jpg,65.54718017578125,75.06845092773438,561.4356689453125,485.4839782714844,0.2858484983444214,cat
DATA_CLEAN/images/558841e98ccac62e(1).jpg,284.18115234375,203.8538360595703,500.1221618652344,451.93389892578125,0.2778540849685669,cat
DATA_CLEAN/images/5595c15a67847cbe.jpg,6.544727325439453,15.860172271728516,937.2445037841798,770.3419372558594,0.8858194351196289,cat
DATA_CLEAN/images/5595c15a67847cbe.jpg,590.3323036193848,465.9188941955567,2575.935955810547,1386.421243286133,0.8328800201416016,cat
DATA_CLEAN/images/55a3e0fbb14d910c.jpg,1212.6659790039062,378.1225158691406,2989.657263183594,1891.981787109375,0.9605389833450317,cat
DATA_CLEAN/images/55a65cd5d6bc024f.jpg,548.1195465087891,11.39912109375,2496.0136474609376,2851.9496887207033,0.9055337905883789,cat
DATA_CLEAN/images/55c99ad2a9506f48.jpg,1697.9320938110352,15.51688003540039,2292.9518463134764,1061.5962768554687,0.7269868850708008,cat
DATA_CLEAN/images/55d23503a222dbba.jpg,422.71689147949223,253.0806610107422,3648.0,2711.8226623535156,0.9390171766281128,cat
DATA_CLEAN/images/55dacefa8e275611.jpg,0.0,210.14482421875,1551.64033203125,1530.1525390625,0.9437877535820007,cat
DATA_CLEAN/images/55dedd165a7b2107.jpg,151.41027867794037,215.9897357225418,655.1282286643982,605.7680368423462,0.9459343552589417,cat
DATA_CLEAN/images/55f29a325ade8009.jpg,0.0,337.3367431640625,4438.392462158204,3492.7553649902347,0.9339840412139893,cat
DATA_CLEAN/images/56254b0f62aae40b.jpg,710.8834951400756,653.7473773956299,2226.710117340088,1084.4584064483643,0.9435338973999023,cat
DATA_CLEAN/images/5631e590ee02b099(1).jpg,1333.8206130981446,2023.822155761719,4127.19521484375,3635.7236389160157,0.46052202582359314,cat
DATA_CLEAN/images/564b21232b0ad5db(1).jpg,504.0834455013275,407.14433443546295,3032.3009877204895,1569.7239700317382,0.9380425214767456,cat
DATA_CLEAN/images/56545a842dfb1320.jpg,523.95068359375,319.73701171875,1776.993359375,1360.0,0.9469701647758484,cat
DATA_CLEAN/images/5654de4d6d767773.jpg,45.621393585205084,543.645696258545,1056.7817962646484,1432.5033416748047,0.8471969366073608,cat
DATA_CLEAN/images/5654de4d6d767773.jpg,1164.988655090332,506.81724472045903,2309.1427001953125,1693.0831695556642,0.5710448026657104,cat
DATA_CLEAN/images/566fe174cb94fde5(1).jpg,847.7483432292938,335.288720369339,1193.9563475608825,844.5675357818603,0.7444248795509338,cat
DATA_CLEAN/images/567be2c272c9e536.jpg,219.46736240386963,1144.32275390625,806.0907760620117,1787.741784667969,0.9152755737304688,cat
DATA_CLEAN/images/567be2c272c9e536.jpg,1582.828321838379,358.7433219909668,2068.082666015625,1364.1953109741212,0.8961691856384277,cat
DATA_CLEAN/images/5682cb066ced88da.jpg,,,,,,
DATA_CLEAN/images/569245ae4a1bcdaa(1).jpg,4.057157135009766,7.172381973266602,1413.6135681152343,929.8311927795411,0.8251959085464478,cat
DATA_CLEAN/images/56ac86f5c03dd630.jpg,549.6903015136719,73.69653930664063,3008.0,2000.0,0.9237837791442871,cat
DATA_CLEAN/images/56ae687581fe7265(1).jpg,561.3018798828125,859.7910308837891,935.9111022949219,1200.9278869628906,0.9384192824363708,cat
DATA_CLEAN/images/56ae687581fe7265(1).jpg,296.81419372558594,414.44114685058594,420.26832580566406,633.9476013183594,0.869268000125885,cat
DATA_CLEAN/images/56ae687581fe7265(1).jpg,122.78770446777344,340.599365234375,308.6448287963867,509.9753952026367,0.6601488590240479,cat
DATA_CLEAN/images/56b28a2f971724de.jpg,105.18955290317535,185.64351651668548,1130.2548867225646,909.3530528068543,0.8827292323112488,cat
DATA_CLEAN/images/56b37c9f2699361e(1).jpg,1500.412890625,238.288232421875,1987.0462890625,612.5828125,0.6635364890098572,cat
DATA_CLEAN/images/56b37c9f2699361e(1).jpg,0.0,540.83876953125,737.6255859375,1292.27861328125,0.4845902919769287,cat
DATA_CLEAN/images/56b623d010c53cf1.jpg,728.4564573764801,336.9125876426697,1708.2982358932495,1262.4332735538483,0.9200005531311035,cat
DATA_CLEAN/images/56b6f7c0ecc8dfd8.jpg,,,,,,
DATA_CLEAN/images/56bd19944296cc76.jpg,1244.9308834075928,944.3930248260498,2719.703972625732,2138.1776481628417,0.5912925601005554,cat
DATA_CLEAN/images/56d12a09fffdbcd6.jpg,1205.2895263671876,357.9223266601563,2200.9126953125,1849.508807373047,0.8885120153427124,cat
DATA_CLEAN/images/56d9dd57eb0a9f57.jpg,805.742626953125,148.81240234375,1810.166796875,1189.73984375,0.9302606582641602,cat
DATA_CLEAN/images/56da39775c9ba896(1).jpg,510.96945579051976,1090.6413931369782,1697.9190300941468,1737.9929965972901,0.9324033260345459,cat
DATA_CLEAN/images/56da39775c9ba896(1).jpg,2693.296281719208,367.1818265914917,3088.843089389801,843.5889049053193,0.45178067684173584,cat
DATA_CLEAN/images/56f0d7ebdb159135.jpg,0.0,217.20281982421875,1244.997802734375,960.0,0.9351648092269897,cat
DATA_CLEAN/images/56f184ca5cacc181.jpg,89.977001953125,815.2469970703124,3072.0,2285.4556640625,0.7710731625556946,cat
DATA_CLEAN/images/56f184ca5cacc181.jpg,1016.7782958984375,95.878564453125,2943.1271484374997,1262.0601562499999,0.5123230218887329,cat
DATA_CLEAN/images/56f56fe5aa4c6078(1).jpg,120.36856961250307,76.20226140022278,1080.7988864898682,737.0542283535004,0.9369663000106812,cat
DATA_CLEAN/images/5707417a837af6a4(1).jpg,228.29833502769472,579.5314169883728,586.9391432762146,1139.1738196849824,0.9517918229103088,cat
DATA_CLEAN/images/5707417a837af6a4(1).jpg,1134.7572569847107,141.60877647399903,1632.67784614563,583.4638751506806,0.8948495984077454,cat
DATA_CLEAN/images/5712b4445972cdd7.jpg,359.3216796875,57.427099609375,2048.0,1433.544921875,0.9380927085876465,cat
DATA_CLEAN/images/571adcbde474b32d.jpg,492.3030996322632,244.8262996673584,2115.9439659118652,1699.7855672836304,0.9444712400436401,cat
DATA_CLEAN/images/574db6c4d1a5dbfa.jpg,0.0,144.57473754882812,1884.6947036743163,1689.6079849243165,0.7736107110977173,cat
DATA_CLEAN/images/5771d91f4b97625e.jpg,1883.6303100585938,154.67361450195312,2930.944610595703,2215.807116699219,0.8704233169555664,cat
DATA_CLEAN/images/577e4e2663162c21.jpg,203.50114917755127,61.73687267303467,1770.0,1043.8324398994446,0.9526201486587524,cat
DATA_CLEAN/images/577e7ecff4c79cbf(1).jpg,299.6032470703125,260.13359375,655.19208984375,678.985546875,0.7142660617828369,cat
DATA_CLEAN/images/5787d1b62218ecae(1).jpg,667.2780395507813,121.86510314941407,5184.0,3456.0,0.9308298826217651,cat
DATA_CLEAN/images/5791c4164520f708.jpg,0.0,72.5229641675949,1360.5578819274901,695.556278514862,0.8894211053848267,cat
DATA_CLEAN/images/57b49cc6936f4d99.jpg,248.02880859375,76.27958984375,1536.450390625,1516.3947265625,0.850945770740509,cat
DATA_CLEAN/images/57d373d62c0b4812.jpg,84.85275020599366,86.32410879135132,2075.159365081787,1626.0,0.906000018119812,cat
DATA_CLEAN/images/57e1738826e17bd8.jpg,0.0,122.32017517089842,6000.0,3839.0996932983394,0.4419686496257782,cat
DATA_CLEAN/images/57e1738826e17bd8.jpg,18.163490295410156,142.55576133728027,5989.175605773926,3850.08316040039,0.3988815248012543,cat
DATA_CLEAN/images/57e9c054312f973b.jpg,600.4372192382813,469.34374465942386,2592.0,1546.7692565917969,0.8541408181190491,cat
DATA_CLEAN/images/57f9e8f44c67a635(1).jpg,252.0600185394287,727.2271614074707,1097.024299621582,1618.7459030151367,0.7141607999801636,cat
DATA_CLEAN/images/57fa62cf622f729d.jpg,227.98749389648438,124.0041000366211,3264.0,2448.0,0.9227116107940674,cat
DATA_CLEAN/images/57fd0131e8007b03.jpg,318.03636169433594,302.4129165649414,1382.751867675781,1886.9950897216795,0.905916690826416,cat
DATA_CLEAN/images/582c9713daddbfc4.jpg,33.41865234375,73.1705078125,1208.19541015625,1929.492578125,0.9075082540512085,cat
DATA_CLEAN/images/585acc0b1c9bed2f(1).jpg,1532.1236000061035,1104.6409065246582,2745.4404571533205,1737.3892715454103,0.7128581404685974,cat
DATA_CLEAN/images/586aed86cb2abae4(1).jpg,1086.0498321533203,533.3061370849609,2630.512316894531,1991.8619506835937,0.8655133247375488,cat
DATA_CLEAN/images/587ff9604ff82881(1).jpg,202.75402221679687,528.0220214843749,2904.460101318359,2568.962417602539,0.9370310306549072,cat
DATA_CLEAN/images/58864b5bc5dcb1f3.jpg,492.1956916809082,215.24063529968262,3311.992185974121,1307.7635147094727,0.9144819974899292,cat
DATA_CLEAN/images/58890f2f0f59e5f3(1).jpg,59.6119140625,481.548974609375,1855.8412109375,1531.17890625,0.9185637831687927,cat
DATA_CLEAN/images/58a1449d80619136.jpg,479.2804092407227,818.4392459869385,3697.083399963379,1942.5365386962892,0.9499106407165527,cat
DATA_CLEAN/images/58a4123665ae1dfc.jpg,104.48905944824219,66.81483459472656,483.33935546875,610.175048828125,0.8925787806510925,cat
DATA_CLEAN/images/58a60d4e455700f2.jpg,419.47776947021487,307.6780700683594,3482.424041748047,3501.2535095214844,0.9370187520980835,cat
DATA_CLEAN/images/58b7253e367f79e2.jpg,531.4015129089355,103.46438598632812,2255.8817779541014,1392.177763366699,0.9547971487045288,cat
DATA_CLEAN/images/58bebe5395657a46.jpg,1077.0772460937499,76.53209381103515,2862.0166778564453,1986.6957061767578,0.9402562379837036,cat
DATA_CLEAN/images/58ee3d042f527405.jpg,33.629040527343754,688.5899780273438,4088.360797119141,3444.172009277344,0.938815712928772,cat
DATA_CLEAN/images/58f946f589f888bc.jpg,1439.3244918823243,370.65298919677736,3158.665301513672,2958.5601013183596,0.9194082021713257,cat
DATA_CLEAN/images/5904f03f8e28cc5b(1).jpg,108.94677591323853,384.67050409317017,2120.562587738037,2575.5400619506836,0.9141439199447632,cat
DATA_CLEAN/images/59057da4a53f0650.jpg,182.05770692825317,356.45186400413513,2148.6942656517026,1904.1663633346557,0.4904700219631195,cat
DATA_CLEAN/images/590ba6cc0540e7ea.jpg,1242.0727569580079,162.07003784179688,3456.0,2297.984765625,0.9380213618278503,cat
DATA_CLEAN/images/5929324113291cc3.jpg,550.5442428588867,254.94707107543945,809.4162940979004,491.9609069824219,0.8869345784187317,cat
DATA_CLEAN/images/592ed392bc5913e3(1).jpg,260.3062469482422,1110.5881408691407,3329.9517211914062,3690.6491821289064,0.9541811347007751,cat
DATA_CLEAN/images/5945338a3747a871.jpg,541.5524400711059,1505.5848160743712,1887.285111808777,2045.684379196167,0.8991871476173401,cat
DATA_CLEAN/images/59600bcbbc5f8007.jpg,1630.172103881836,442.7374603271485,2903.6695770263673,2897.9992309570316,0.9124325513839722,cat
DATA_CLEAN/images/598472426554fbf3.jpg,798.5129030227661,383.8647919178009,963.4630076408387,525.2667612075805,0.8689980506896973,cat
DATA_CLEAN/images/598853f909853cc9(1).jpg,296.2528076171875,143.099609375,1187.0911865234375,510.742919921875,0.927452802658081,cat
DATA_CLEAN/images/5992218a571b8061.jpg,382.6443359375,4.092724609375,2048.0,1486.034765625,0.8390436172485352,cat
DATA_CLEAN/images/5992f04647f539c5.jpg,2154.282275390625,847.2695800781249,3908.25439453125,3420.910546875,0.8549009561538696,cat
DATA_CLEAN/images/5992f04647f539c5.jpg,253.70771484374998,350.0470458984375,2197.980615234375,1633.3283935546874,0.8157418966293335,cat
DATA_CLEAN/images/59a4b8f8809a993e.jpg,213.8863431930542,115.36146755218505,1820.3658279418944,1963.0031616210936,0.9433658719062805,cat
DATA_CLEAN/images/59b67530c4e1cb12.jpg,366.3360595703125,66.50263671875,1021.6146484375,663.79453125,0.9306383728981018,cat
DATA_CLEAN/images/59da9332cd12449f(1).jpg,408.18739013671876,238.66374511718752,2944.0,2018.906982421875,0.9423385858535767,cat
DATA_CLEAN/images/59dec5b28ebc3563.jpg,0.0,557.5959487915039,1714.497262573242,3006.5240783691406,0.9254850745201111,cat
DATA_CLEAN/images/59e1285f7b31093e.jpg,6.644412231445313,257.9169204711914,3238.1252197265626,2444.800048828125,0.8994942903518677,cat
DATA_CLEAN/images/59e1f1fbaaeabb22(1).jpg,0.6033573150634766,423.007568359375,1100.374797821045,2606.3295707702637,0.8509398698806763,cat
DATA_CLEAN/images/59fb5b0737e8d754.jpg,207.8426971435547,72.51957678794861,3244.2134914398193,2851.002631187439,0.9681029319763184,cat
DATA_CLEAN/images/5a05673a3d52eb7a.jpg,95.8757155418396,92.04000005722045,2451.741452217102,2521.24954662323,0.9033236503601074,cat
DATA_CLEAN/images/5a12a007f6c8d2f5.jpg,462.7599609375,83.336279296875,1020.4580078125,610.8453125,0.9274905920028687,cat
DATA_CLEAN/images/5a2dbfb0c67fbb22.jpg,1028.7542053222655,596.3657653808593,2272.0,1242.2837585449217,0.9451049566268921,cat
DATA_CLEAN/images/5a3356dc8ce29f38.jpg,0.0,202.4519275188446,1543.8661236763,1432.947106933594,0.9233081340789795,cat
DATA_CLEAN/images/5a412afd55fe92ef.jpg,491.53550262451176,419.7139892578125,3028.033154296875,2533.4715270996094,0.9512179493904114,cat
DATA_CLEAN/images/5a5623759760acc8.jpg,353.12611541748043,18.850239562988282,700.1606288909912,374.626248550415,0.9059405326843262,cat
DATA_CLEAN/images/5a56d3a6ebf7e0d5.jpg,1493.3355468749999,1072.5421875,2028.6963867187499,1529.1439453125,0.8251947164535522,cat
DATA_CLEAN/images/5a56d3a6ebf7e0d5.jpg,1970.6904785156248,1126.3341796875,2449.1862304687497,1407.035302734375,0.7834292054176331,cat
DATA_CLEAN/images/5a56d3a6ebf7e0d5.jpg,156.0609375,1153.91982421875,1410.6375,1825.3706542968748,0.7773422002792358,cat
DATA_CLEAN/images/5a56d3a6ebf7e0d5.jpg,2423.754052734375,1074.9703124999999,2832.7376953125,1351.262109375,0.651473879814148,cat
DATA_CLEAN/images/5a61f50a3a52ed30.jpg,271.85375061035154,379.0317844390869,2190.484396362305,2263.4670959472655,0.8700463771820068,cat
DATA_CLEAN/images/5a7b7a0268066cb6.jpg,782.4491134643555,262.99216918945314,2687.4204071044924,1995.9685546875,0.9285615682601929,cat
DATA_CLEAN/images/5a9fa458452c4161.jpg,16.41640625,140.31015625,936.1083984375,678.036279296875,0.8866361379623413,cat
DATA_CLEAN/images/5a9fa458452c4161.jpg,442.9701171875,299.19375,1001.201171875,763.096484375,0.4315377473831177,cat
DATA_CLEAN/images/5aa94fc4d1590a09(1).jpg,555.665478515625,339.5748046875,2050.296533203125,2042.0554687499998,0.951196551322937,cat
DATA_CLEAN/images/5aaee9b6b0246b35.jpg,0.0,123.0274766921997,999.2097736358642,724.0,0.888918399810791,cat
DATA_CLEAN/images/5abc2d563b085574.jpg,1061.5992275238036,217.8599416732788,2785.794095611572,1880.9644058227539,0.9287863969802856,cat
DATA_CLEAN/images/5abf0afbd3b0fd8e(1).jpg,0.0,101.356689453125,1736.85390625,1527.871484375,0.5026099681854248,cat
DATA_CLEAN/images/5abf0afbd3b0fd8e(1).jpg,0.0,107.308984375,1734.6908203125,1521.133984375,0.3497391939163208,cat
DATA_CLEAN/images/5acd764677785628.jpg,791.4480663299561,1662.0613357543946,1765.6622222900392,3312.5662094116215,0.9187273979187012,cat
DATA_CLEAN/images/5ae9c0ef2b76526c.jpg,258.08681640625,232.73046875,1849.163671875,1374.568359375,0.49573835730552673,cat
DATA_CLEAN/images/5ae9c0ef2b76526c.jpg,68.5162109375,801.201953125,1812.07734375,1528.6984375,0.40207475423812866,cat
DATA_CLEAN/images/5ae9c0ef2b76526c.jpg,0.0,372.884765625,724.890478515625,1521.8072265625,0.30732661485671997,cat
DATA_CLEAN/images/5aeb1e68826c0fd2.jpg,0.0,1699.445838880539,1638.2462846755982,2458.811143875122,0.8681131601333618,cat
DATA_CLEAN/images/5aeb1e68826c0fd2.jpg,658.6517097949982,832.9152750492095,1909.96058511734,1685.04348154068,0.7707943916320801,cat
DATA_CLEAN/images/5af0d339fe2f1be8.jpg,40.9172607421875,136.02326660156248,4533.928857421874,3116.9733398437497,0.9220640659332275,cat
DATA_CLEAN/images/5b1fcb10ad5575d0.jpg,,,,,,
DATA_CLEAN/images/5b2772ec662f2ad8.jpg,81.00513610839843,348.99916992187497,883.816094970703,630.4553833007812,0.9451680183410645,cat
DATA_CLEAN/images/5b2f7e16b6a3a1db.jpg,105.88363647460938,151.5639877319336,1600.0,833.1292724609375,0.9107556343078613,cat
DATA_CLEAN/images/5b3173c13a7aa819.jpg,243.3062581539154,18.433136272430417,3762.2289106369017,2672.2429158210753,0.7705588340759277,cat
DATA_CLEAN/images/5b4ef8b036eedcb5.jpg,0.0,371.39333496093747,1547.4905273437498,2299.4578125,0.921795666217804,cat
DATA_CLEAN/images/5b50fcfe6e141cf7.jpg,280.1443244934082,275.86701622009275,2045.0215965270995,1220.6259075164794,0.9162517189979553,cat
DATA_CLEAN/images/5b835c8b5b166d03.jpg,1280.503049468994,464.8617607116699,1581.4913803100585,746.0426559448242,0.8564013242721558,cat
DATA_CLEAN/images/5b94195dc8472707(1).jpg,0.0,102.32272739410399,2002.6053760528562,2194.0885608673093,0.8190227746963501,cat
DATA_CLEAN/images/5b9eeb289b0c1323.jpg,,,,,,
DATA_CLEAN/images/5ba1bdea9050162f(1).jpg,50.43212394714355,44.96161460876465,1122.827660369873,846.0251464843749,0.8778799176216125,cat
DATA_CLEAN/images/5bb85594531af07b(1).jpg,2089.528512954712,1221.328353881836,3666.1846160888667,2073.74324798584,0.9297925233840942,cat
DATA_CLEAN/images/5bddcaedcbe7329c.jpg,180.2829110622406,206.5565025806427,523.1815767288208,455.0851035118103,0.4248802065849304,cat
DATA_CLEAN/images/5bebb21ea3cb4f76.jpg,1530.4206848144531,966.9310569763184,2894.550895690918,2337.419891357422,0.9312913417816162,cat
DATA_CLEAN/images/5bf61c3ad61f0a09.jpg,395.66961669921875,371.883056640625,1077.58984375,711.0029296875,0.83890700340271,cat
DATA_CLEAN/images/5bf61c3ad61f0a09.jpg,1031.25244140625,1584.874267578125,1709.8917236328125,2233.54443359375,0.7526544332504272,cat
DATA_CLEAN/images/5bf61c3ad61f0a09.jpg,1035.77685546875,1582.890869140625,1707.256591796875,2235.71923828125,0.4877775311470032,cat
DATA_CLEAN/images/5c1e6862372f4417.jpg,512.5697422266006,610.8544014453888,2652.7783177375795,2448.9258029937746,0.9171472787857056,cat
DATA_CLEAN/images/5c3600cc2e987502.jpg,470.4204917907715,409.04742822647097,1969.094680786133,2809.0636173248295,0.9131944179534912,cat
DATA_CLEAN/images/5c42e0a153fba5e5.jpg,726.0514480590821,547.5218719482422,4032.0,2241.6445129394533,0.8950636386871338,cat
DATA_CLEAN/images/5c4c9b9c1093d6b5(1).jpg,1677.1282028198243,283.3586990356446,2767.622415161133,2084.157598876953,0.888830840587616,cat
DATA_CLEAN/images/5c69cc7e4cfbf69c.jpg,29.329046630859377,227.72776794433594,3424.215856933594,2551.364392089844,0.93367600440979,cat
DATA_CLEAN/images/5c69cc7e4cfbf69c.jpg,0.0,178.96665802001954,2806.9386291503906,2532.263269042969,0.2607763707637787,cat
DATA_CLEAN/images/5c6b3b76e41c0e93.jpg,742.7992553710938,84.607421875,1271.228759765625,841.66259765625,0.7897517681121826,cat
DATA_CLEAN/images/5c7aba0fa96fd83a.jpg,910.496325302124,719.6745506286621,1363.2307868957519,1422.3527252197266,0.926616907119751,cat
DATA_CLEAN/images/5c858907c342840a(1).jpg,1096.3396316528322,333.0338241577149,3345.7406616210938,2712.957165527344,0.9475852251052856,cat
DATA_CLEAN/images/5ca0d6aecd7786d7.jpg,348.35379180908205,678.0382919311523,3101.670446777344,1357.049139404297,0.8427724838256836,cat
DATA_CLEAN/images/5ca0d6aecd7786d7.jpg,651.328500366211,1204.7762695312501,3023.1437622070316,2321.3145629882815,0.6459671258926392,cat
DATA_CLEAN/images/5cbda464bf069c3e.jpg,326.34510498046876,660.7554443359376,1777.282568359375,2112.0,0.948967456817627,cat
DATA_CLEAN/images/5cd67a80b2a09160.jpg,296.9193649291992,340.66278076171875,714.4543762207031,800.3867797851562,0.8307318687438965,cat
DATA_CLEAN/images/5ce4696ab6a23061(1).jpg,561.14716796875,152.1994140625,958.73427734375,766.5771484375,0.939844012260437,cat
DATA_CLEAN/images/5ce5ee0d45cf45d7.jpg,0.0,47.822227478027344,711.2039337158203,425.85704040527344,0.9459000825881958,cat
DATA_CLEAN/images/5cf61d85a2dd0bef.jpg,714.5754135131835,273.61661834716796,1297.4985656738281,1129.4287948608398,0.892842173576355,cat
DATA_CLEAN/images/5cfeea70cfa5a05a.jpg,1206.23486328125,716.2312561035156,2343.23525390625,1349.3036132812501,0.9575258493423462,cat
DATA_CLEAN/images/5cfeea70cfa5a05a.jpg,594.0242370605469,890.1513671875,1216.921728515625,1421.8204956054688,0.87360680103302,cat
DATA_CLEAN/images/5d1644da217e83e3.jpg,1302.4475189208983,992.4471130371094,2060.8323669433594,1531.0546142578125,0.9052072763442993,cat
DATA_CLEAN/images/5d1c0cca66819d40(1).jpg,169.4146728515625,197.48680114746094,1454.1128540039062,1024.0086364746094,0.9238497018814087,cat
DATA_CLEAN/images/5d1fbdca29ac4d10.jpg,807.4150388717651,399.76922764778135,2852.0548114299772,2423.5488744735717,0.8135281801223755,cat
DATA_CLEAN/images/5d342b7033a8b695.jpg,17.578262329101562,71.52666091918945,3020.310859680176,2432.0,0.8861860632896423,cat
DATA_CLEAN/images/5d37506db5f47a53.jpg,641.4466857910156,18.477783203125,1232.8575134277344,981.4981842041016,0.8745631575584412,cat
DATA_CLEAN/images/5d37506db5f47a53.jpg,205.9721565246582,563.8694000244141,813.6112213134766,1277.9078674316406,0.7248047590255737,cat
DATA_CLEAN/images/5d4205387e778b57.jpg,1102.3033447265625,693.311767578125,1536.163818359375,1388.5496826171875,0.9348071813583374,cat
DATA_CLEAN/images/5d499f7285d46ea8.jpg,1656.2073669433596,1134.6258209228517,3750.054284667969,2234.227334594727,0.9301930665969849,cat
DATA_CLEAN/images/5d499f7285d46ea8.jpg,592.2030792236328,668.362826538086,2117.2660430908204,2123.885482788086,0.9170081615447998,cat
DATA_CLEAN/images/5d4eee5f58188792.jpg,173.114501953125,257.6800003051758,688.0147705078125,545.3814697265625,0.9240165948867798,cat
DATA_CLEAN/images/5d7de24b8b746010.jpg,0.0,211.29169464111328,1113.6595153808594,994.3529510498047,0.9472751617431641,cat
DATA_CLEAN/images/5d817ac5a7d513f6.jpg,0.0,318.42457580566406,2392.5535675048827,1894.3630279541017,0.9508489370346069,cat
DATA_CLEAN/images/5d9cbd0443fc00e3.jpg,17.400639414787292,555.0808236598969,2957.668161392212,3199.0,0.9222217798233032,cat
DATA_CLEAN/images/5da72f2103446795.jpg,71.3415138244629,307.3887697219849,3072.6617877960207,1851.0,0.5427625775337219,cat
DATA_CLEAN/images/5db2667b6816c829.jpg,125.6187126159668,81.02419967651367,743.7499877929687,696.8728271484375,0.6545946598052979,cat
DATA_CLEAN/images/5dda2e42c6bc90c0.jpg,114.26019287109375,294.0337829589844,627.1656494140625,535.9527587890625,0.8750576376914978,cat
DATA_CLEAN/images/5dda2e42c6bc90c0.jpg,52.96124267578125,0.0,563.9276123046875,347.5351867675781,0.7223431468009949,cat
DATA_CLEAN/images/5df6caa16d7db023.jpg,426.38206481933594,219.4774627685547,1303.0526733398438,1062.7230834960938,0.9374277591705322,cat
DATA_CLEAN/images/5df82aab9accc5a8.jpg,185.8311767578125,220.5029525756836,720.0,958.9223327636719,0.8817516565322876,cat
DATA_CLEAN/images/5e01e0b27c70aa9f.jpg,226.95453643798828,181.15839958190918,1160.5240631103516,681.4659690856934,0.9446994662284851,cat
DATA_CLEAN/images/5e02294cef3b7919(1).jpg,3032.522046375275,393.3452214956284,3687.100021457672,1592.8091374397277,0.617577850818634,cat
DATA_CLEAN/images/5e19eb4aa5e4cf78.jpg,507.49441127777095,416.44606463909145,2285.435104179382,1046.239379644394,0.9382182359695435,cat
DATA_CLEAN/images/5e251a9e9a39bee7.jpg,839.0209197998047,617.4776077270508,2478.253173828125,2853.1822204589844,0.9391366243362427,cat
DATA_CLEAN/images/5e2793957ebc2ec6.jpg,433.034644317627,85.05735397338867,2028.8825271606447,1616.9208480834961,0.9168511629104614,cat
DATA_CLEAN/images/5e3278e9c0225806.jpg,340.37704553604124,37.51209836006164,1987.929397010803,1479.1950695991516,0.9473468065261841,cat
DATA_CLEAN/images/5e38a64623589645.jpg,73.82583618164062,308.4980010986328,1497.6203918457031,1200.0,0.8164453506469727,cat
DATA_CLEAN/images/5e38d450dbc0a9d2(1).jpg,495.3815065860748,305.606676530838,795.4774811267853,713.7386188983917,0.7127727270126343,cat
DATA_CLEAN/images/5e3aed79f1a685fa.jpg,410.2191162109375,23.229293823242188,1393.58642578125,1056.1323547363281,0.9103010892868042,cat
DATA_CLEAN/images/5e6b083c173fabb6.jpg,1002.1164596557618,248.88040466308595,3264.0,1705.4952209472656,0.9494607448577881,cat
DATA_CLEAN/images/5e720297c90574e5.jpg,578.7020542144776,1305.4041290283203,2537.1624786376956,2625.473678588867,0.9402958154678345,cat
DATA_CLEAN/images/5ea15cf57b1f7b1d.jpg,346.6842041015625,948.5022583007812,1206.446026611328,2439.710009765625,0.8885295391082764,cat
DATA_CLEAN/images/5ea15cf57b1f7b1d.jpg,1510.5696350097655,107.88053283691407,3264.0,1758.750750732422,0.7166832685470581,cat
DATA_CLEAN/images/5ea15cf57b1f7b1d.jpg,1541.6141418457032,107.2415542602539,2826.2273803710937,1718.6970428466798,0.5345331430435181,cat
DATA_CLEAN/images/5ea59a364a36b47d(1).jpg,569.5267902374268,462.71309967041014,2121.441931915283,1851.3057289123535,0.9408618211746216,cat
DATA_CLEAN/images/5eac5139efef819c(1).jpg,675.8049407958985,312.1205520629883,1644.8369018554688,1943.5001770019533,0.9361028671264648,cat
DATA_CLEAN/images/5eb03e80831fd333(1).jpg,2234.1240142822267,391.773600769043,4080.0756500244142,3456.0,0.5790581703186035,cat
DATA_CLEAN/images/5eb3b44dc7e88e63.jpg,919.4501464843751,673.5237426757812,1647.3286865234375,1338.0401611328125,0.9173197746276855,cat
DATA_CLEAN/images/5eb3b44dc7e88e63.jpg,1383.2086425781251,909.9705688476563,2072.258740234375,1367.6041381835937,0.8798903822898865,cat
DATA_CLEAN/images/5eb6dd0e3034ca86.jpg,323.60382080078125,1416.6215896606445,3102.8060913085938,2096.7329025268555,0.5424419641494751,cat
DATA_CLEAN/images/5eeecaf21ddf7142.jpg,90.98823547363281,234.98348236083984,1200.0,1576.8365478515625,0.872082531452179,cat
DATA_CLEAN/images/5ef032900ef4a088(1).jpg,0.0,445.3002067565918,2490.7252807617188,1858.5764923095703,0.92826247215271,cat
DATA_CLEAN/images/5f064ec9c8d68258.jpg,1006.4230842590332,538.0642776489258,3569.676155090332,2573.6753814697267,0.9337667226791382,cat
DATA_CLEAN/images/5f0b9ae66dee2d6d.jpg,490.6240432739258,272.1728786468506,2427.817510986328,2055.193733215332,0.9412305355072021,cat
DATA_CLEAN/images/5f1ff59aa19a15bc.jpg,1.2919494628906252,560.1331726074219,2998.36044921875,2941.352297973633,0.9436508417129517,cat
DATA_CLEAN/images/5f466a26d81fa75b.jpg,0.0,283.55247497558594,1151.6893005371094,854.4846343994141,0.9501255750656128,cat
DATA_CLEAN/images/5f529edfac691407.jpg,597.6968383789062,102.82783508300781,1095.9160614013672,923.214111328125,0.9134358167648315,cat
DATA_CLEAN/images/5f82bebbfc4de579.jpg,319.6107745170593,57.0947527885437,2112.9660606384277,1488.0118370056152,0.9062433242797852,cat
DATA_CLEAN/images/5fa85df854b46095.jpg,2282.338934326172,597.9591888427734,2933.6526489257812,1525.9439941406251,0.8330289125442505,cat
DATA_CLEAN/images/5fb40ff7aaae8670(1).jpg,581.72265625,355.22857666015625,1719.8271484375,1695.2138671875,0.6388530731201172,cat
DATA_CLEAN/images/5fb55ba7dc5ea6a3.jpg,0.0,2.116159272193909,888.8281471252442,722.662091588974,0.9364469647407532,cat
DATA_CLEAN/images/5fcdda41b0a8ca3c.jpg,352.67383575439453,1.3154983520507812,1447.5955200195312,1090.7858276367188,0.9438542127609253,cat
DATA_CLEAN/images/5fd003edc6128325.jpg,0.0,86.05790774822235,1619.6764172077178,1530.6990302085876,0.928741455078125,cat
DATA_CLEAN/images/5fea771de331c4d3.jpg,375.5654296875,352.68759765625,890.5333984375,534.964990234375,0.9492635130882263,cat
DATA_CLEAN/images/5ff4432c86e34024.jpg,285.262255859375,331.400146484375,1860.53125,1248.0408203125,0.5708948969841003,cat
DATA_CLEAN/images/5ff4432c86e34024.jpg,929.26318359375,328.417333984375,1824.90234375,950.7568359375,0.3988027572631836,cat
DATA_CLEAN/images/5ff4432c86e34024.jpg,286.44404296875,410.6189453125,1153.87177734375,1238.21376953125,0.32371586561203003,cat
DATA_CLEAN/images/5ff4432c86e34024.jpg,1541.7958984375,160.5357421875,1994.928515625,590.515234375,0.30816060304641724,cat
DATA_CLEAN/images/5fff39b491b6516d(1).jpg,1029.8204187870026,274.92614250183107,2418.7048358917236,2107.3273069381717,0.8043460845947266,cat
DATA_CLEAN/images/600189d132acfeae.jpg,459.517822265625,131.71939849853516,1197.1588897705078,1189.273681640625,0.9275375008583069,cat
DATA_CLEAN/images/6025965d27fda947.jpg,418.2291030883789,224.8418426513672,1337.0159912109375,852.8635406494141,0.9515460133552551,cat
DATA_CLEAN/images/602a53853c80229f.jpg,319.1011657714844,96.41864013671875,521.131591796875,282.20526123046875,0.9025869369506836,cat
DATA_CLEAN/images/604f0e4496063a53.jpg,514.678955078125,210.99267578125,1321.1553955078125,1006.1260986328125,0.9224491119384766,cat
DATA_CLEAN/images/607421c801ee2e91.jpg,8.213203811645508,645.5953433990479,2357.723913574219,3505.283177947998,0.953231930732727,cat
DATA_CLEAN/images/607d1fbae7a4e2f1(1).jpg,2044.6242420196534,1379.9111099243164,2587.6951381683352,2115.611723327637,0.7354462742805481,cat
DATA_CLEAN/images/607d1fbae7a4e2f1(1).jpg,2051.393928527832,1372.8877964019775,2493.5301040649415,2120.4815032958986,0.3838388919830322,cat
DATA_CLEAN/images/607e94eb951b25cc.jpg,867.9116149902344,0.0,2588.265087890625,728.0622314453125,0.948691725730896,cat
DATA_CLEAN/images/607ec15c1868b930.jpg,119.31159210205078,57.43087577819824,2565.5372680664063,2463.530783843994,0.886528491973877,cat
DATA_CLEAN/images/60815615b8b43aa5(1).jpg,577.0313720703125,526.5362426757813,2816.0,1736.0627807617188,0.9330568313598633,cat
DATA_CLEAN/images/6096b99a585b2427(1).jpg,782.2481155395508,397.3012924194336,3826.026153564453,1971.2820053100586,0.6161513328552246,cat
DATA_CLEAN/images/60ae90d0d63e8b4e.jpg,18.228836059570312,75.81527709960938,4051.376495361328,3190.0218200683594,0.9262019991874695,cat
DATA_CLEAN/images/60bda303a5050817.jpg,1300.7009956359864,843.404769897461,5027.261096954346,3321.4868270874026,0.9574549198150635,cat
DATA_CLEAN/images/60c17c8a43a33307.jpg,552.2981262207031,263.08349609375,1600.0,1067.0,0.9535483717918396,cat
DATA_CLEAN/images/60cfc6669051b79c.jpg,314.3302917480469,200.64411163330078,3811.011505126953,2867.902374267578,0.9378348588943481,cat
DATA_CLEAN/images/60d068ad453fe98e(1).jpg,553.3369445800781,0.0,965.7297515869141,586.5689086914062,0.7456309795379639,cat
DATA_CLEAN/images/60d068ad453fe98e(1).jpg,589.1515350341797,723.9225769042969,942.4195098876953,1092.5831604003906,0.615490198135376,cat
DATA_CLEAN/images/60eb5722cf8ff108.jpg,1248.0821653604507,183.0914705514908,4382.546599388123,3285.5292191505437,0.9410967826843262,cat
DATA_CLEAN/images/610ab58afa765839.jpg,0.0,1.11787109375,1870.428125,952.74814453125,0.9272333383560181,cat
DATA_CLEAN/images/6110fdaa36e30eb0.jpg,1123.6142589569092,402.80705108642576,3039.9622238159177,2200.8783782958985,0.8980057239532471,cat
DATA_CLEAN/images/614f5424c9f7e5b1(1).jpg,1498.0664794921875,750.4417007446289,2513.3211822509766,1859.1400360107423,0.7722710967063904,cat
DATA_CLEAN/images/61640e004a4eebdf.jpg,16.49755859375,76.97333984375,1395.3181640625,1357.855859375,0.9268085956573486,cat
DATA_CLEAN/images/6168da33b8e30aab.jpg,404.8742980957031,466.49189300537114,3648.0,2452.8306518554687,0.9321669340133667,cat
DATA_CLEAN/images/61a03d67abc9d161(1).jpg,492.84596834182736,106.8641683101654,1899.7201345443725,1483.2439847946166,0.9412561058998108,cat
DATA_CLEAN/images/61adc28021a3957b.jpg,588.596305847168,218.81664276123047,1184.7529220581055,910.839958190918,0.8935652375221252,cat
DATA_CLEAN/images/61adc28021a3957b.jpg,74.14884567260742,42.06639289855957,655.7510375976562,914.5655822753906,0.8612973093986511,cat
DATA_CLEAN/images/61d0a4f6805df887.jpg,90.701025390625,308.6225830078125,440.776953125,1010.468359375,0.7949697971343994,cat
DATA_CLEAN/images/61d0a4f6805df887.jpg,350.39560546875,442.75185546875,681.87353515625,1023.351953125,0.609752357006073,cat
DATA_CLEAN/images/622f5712ebd1187c(1).jpg,0.0,617.82275390625,3888.0,2497.136833190918,0.8289679288864136,cat
DATA_CLEAN/images/62302a7d03838414(1).jpg,1514.8913703918458,133.0180561065674,2812.2452438354494,1010.0050498962403,0.9143950939178467,cat
DATA_CLEAN/images/623677212d0767ad.jpg,203.05564880371094,690.8121490478516,697.6261901855469,987.6670837402344,0.7007748484611511,cat
DATA_CLEAN/images/623677212d0767ad.jpg,177.27825164794922,540.2395629882812,461.85218811035156,751.3414764404297,0.39288225769996643,cat
DATA_CLEAN/images/62386ff895ad967d.jpg,257.34003312587737,547.1078770637513,1189.843790435791,1056.1707753181458,0.8368570804595947,cat
DATA_CLEAN/images/62386ff895ad967d.jpg,1045.5553242206574,640.4174897670746,1957.999340248108,1001.0012405395508,0.6745156645774841,cat
DATA_CLEAN/images/624f63df491894f8.jpg,0.8851959228515626,63.37067184448242,2398.4659149169925,2005.0834625244142,0.9312852621078491,cat
DATA_CLEAN/images/625a2d01716e0b2d.jpg,1116.2772178649902,7.577323913574219,4000.0,2275.562286376953,0.9257699251174927,cat
DATA_CLEAN/images/625fe1d953cb6111.jpg,1.8343299865722658,323.25179901123045,1094.1032272338866,1191.3857116699219,0.9279746413230896,cat
DATA_CLEAN/images/626019a1af94951e.jpg,584.5367496728898,921.795660495758,1507.3752880096436,1722.3873092651368,0.8365497589111328,cat
DATA_CLEAN/images/626fbdba2e8ead40.jpg,817.2211271286011,565.8564224243164,3866.5193107604982,2600.804458618164,0.9501552581787109,cat
DATA_CLEAN/images/62719735f5f8fbcc(1).jpg,0.0,637.1867370605469,824.2265319824219,1486.3140869140625,0.6408141851425171,cat
DATA_CLEAN/images/628c2cbbba36a580.jpg,399.10276222229004,450.78167724609375,863.6648998260498,724.3687477111816,0.9420969486236572,cat
DATA_CLEAN/images/6292ee6af815c431.jpg,1864.9530639648438,787.7670867919923,2601.585620117188,1699.1315856933595,0.9226090908050537,cat
DATA_CLEAN/images/6292ee6af815c431.jpg,621.6867401123047,1334.6355102539064,1567.7678985595703,1975.828274536133,0.9171807765960693,cat
DATA_CLEAN/images/6292ee6af815c431.jpg,2704.360388183594,777.5878997802735,3270.9184051513676,1585.4890228271486,0.619269847869873,cat
DATA_CLEAN/images/6292ee6af815c431.jpg,3315.0376464843753,710.302052307129,3719.1642028808596,1554.6498199462892,0.5828355550765991,cat
DATA_CLEAN/images/62961a96bef67a28.jpg,0.0,8.415436744689941,832.1841239929199,610.8710289001465,0.5048003196716309,cat
DATA_CLEAN/images/629eb694fbafa287.jpg,696.8775352478028,450.3952743530274,2028.5373229980469,1175.3203079223633,0.93089759349823,cat
DATA_CLEAN/images/62ad473873fdf27b.jpg,2628.0192260742188,251.12758255004883,3431.216079711914,979.6613159179688,0.8161971569061279,cat
DATA_CLEAN/images/62ad473873fdf27b.jpg,917.3980865478516,1040.9670867919922,3031.970718383789,2417.1361083984375,0.6781433820724487,cat
DATA_CLEAN/images/62ad473873fdf27b.jpg,906.6029891967773,1051.819450378418,3036.975540161133,2415.7493591308594,0.3115461766719818,cat
DATA_CLEAN/images/62b3b8bf2d2922b4.jpg,425.934228515625,317.4087890625,719.805419921875,478.160498046875,0.8932768702507019,cat
DATA_CLEAN/images/62be13538ce3e080.jpg,18.39931640625,59.506103515625,682.12001953125,616.015966796875,0.8545488119125366,cat
DATA_CLEAN/images/62f8ef8643ac6fd5.jpg,16.037965393066408,142.89975357055664,2324.32822265625,1587.7779785156251,0.952739953994751,cat
DATA_CLEAN/images/630419f50ae555b6.jpg,2241.572291564941,29.30926094055176,3335.7919921875,1629.7755935668945,0.8612653613090515,cat
DATA_CLEAN/images/630419f50ae555b6.jpg,946.7539329528809,1127.2154342651368,2209.6668617248533,2091.931292724609,0.6953325867652893,cat
DATA_CLEAN/images/6311e67bfec79f99.jpg,402.45076117515566,937.2988861083985,3138.529664230347,4135.43127937317,0.9250684976577759,cat
DATA_CLEAN/images/63192dd61deb91ad.jpg,201.99142456054688,372.15282440185547,1623.4403228759766,1185.9821319580078,0.953931450843811,cat
DATA_CLEAN/images/6326d333fba19053.jpg,47.40926742553711,207.34697341918945,299.6305465698242,458.68011474609375,0.8172281980514526,cat
DATA_CLEAN/images/6326d333fba19053.jpg,380.11157989501953,140.75593948364258,729.0162658691406,404.42787170410156,0.7429617047309875,cat
DATA_CLEAN/images/632de22336cd3d04.jpg,616.9370266914367,399.26875934600827,1526.0216457366942,1084.3023244857786,0.9457970857620239,cat
DATA_CLEAN/images/6334c64d16fdd882.jpg,9.81884765625,206.12985229492188,301.91290283203125,632.1583251953125,0.5749840140342712,cat
DATA_CLEAN/images/6338010affa212ca.jpg,1278.6851623535158,161.16753845214845,3456.0,1917.3434326171875,0.8097412586212158,cat
DATA_CLEAN/images/6338010affa212ca.jpg,5.435018920898438,338.2507232666016,2132.553076171875,2298.9237670898438,0.30779609084129333,cat
DATA_CLEAN/images/6343785fe608b307.jpg,10.08984375,120.123779296875,1496.6299438476562,1043.8626708984375,0.909565806388855,cat
DATA_CLEAN/images/6349e4613eddcbd6.jpg,518.2585510253906,354.46665344238284,2675.46796875,2206.298162841797,0.9300546646118164,cat
DATA_CLEAN/images/63844e147b40d27b(1).jpg,0.6211730957031251,358.80108394622806,1907.1101806640625,2351.5684761047364,0.9438925981521606,cat
DATA_CLEAN/images/63844e147b40d27b(1).jpg,2460.9126529693604,278.3758960723877,3747.877214050293,2333.887227630615,0.7542335391044617,cat
DATA_CLEAN/images/639037b0d91c3240(1).jpg,568.2507919311523,175.0325485229492,3844.9640624999997,2586.607635498047,0.8682343363761902,cat
DATA_CLEAN/images/6391edb47fbaefba.jpg,900.3160263061524,425.83625335693364,3648.0,1938.6171752929688,0.8730148077011108,cat
DATA_CLEAN/images/6394ad94326a42a3.jpg,353.80975341796875,475.3739929199219,541.552734375,809.1338500976562,0.9423115253448486,cat
DATA_CLEAN/images/639ab9d42a9d8e2c(1).jpg,5.86181640625,13.53564453125,1280.0,853.79541015625,0.9348978996276855,cat
DATA_CLEAN/images/63bb6225dd6bd85d.jpg,758.87080078125,484.5287109375,1206.38515625,805.7841796875,0.9105485677719116,cat
DATA_CLEAN/images/63cefd0ba5666533.jpg,480.438571357727,265.0765354156494,1423.1673248291015,1174.0639114379883,0.940893292427063,cat
DATA_CLEAN/images/640f8f5f0eeaeff2(1).jpg,330.51002502441406,49.98779296875,1063.8072204589844,724.9794006347656,0.7950665354728699,cat
DATA_CLEAN/images/6414307ef3619bfd.jpg,1015.491796875,557.8363037109375,2860.464111328125,2873.195068359375,0.9116220474243164,cat
DATA_CLEAN/images/64232fb96e62ce04.jpg,874.2437038421631,67.94089336395264,2518.1927653312687,2113.9542182922364,0.932471513748169,cat
DATA_CLEAN/images/644d236df361e42b.jpg,0.0,81.91615676879883,1985.3837127685547,1944.0,0.951291561126709,cat
DATA_CLEAN/images/645f1f6ec1b0cc48.jpg,761.54365234375,0.0444091796875,1512.57529296875,944.8921875,0.922803521156311,cat
DATA_CLEAN/images/6478400d43100f8b.jpg,429.00684356689453,151.73501586914062,2671.603289794922,2139.3370880126954,0.9256478548049927,cat
DATA_CLEAN/images/647ad5faa5144499(1).jpg,1962.2611055374148,177.38409719467165,3256.7441120147705,1652.6924928188325,0.9247303605079651,cat
DATA_CLEAN/images/64992bbb3a4aa58e(1).jpg,211.06596069335936,991.8850372314453,1590.008901977539,1362.2044876098632,0.9349386096000671,cat
DATA_CLEAN/images/649e3316c07cf306.jpg,586.2440765380859,236.13759002685546,2968.652182006836,2446.551129150391,0.9378174543380737,cat
DATA_CLEAN/images/649f02e0ec9083b5(1).jpg,1604.918541240692,425.5573625564575,3682.139272212982,2252.603990793228,0.7760499715805054,cat
DATA_CLEAN/images/649f02e0ec9083b5(1).jpg,644.5223677039147,359.7899159431458,2058.712441921234,2448.2428620815276,0.7295188903808594,cat
DATA_CLEAN/images/649f02e0ec9083b5(1).jpg,3250.2462398529055,1859.6231542110443,4197.0,2729.3676464080813,0.4811355173587799,cat
DATA_CLEAN/images/64c47abd3915cf50.jpg,0.0,645.7509312629701,1293.5967126846315,1797.7832542419435,0.9603105783462524,cat
DATA_CLEAN/images/64ddbab8723c4f52.jpg,6.345877075195313,304.8631988525391,2788.980358886719,2716.2079467773438,0.9344779253005981,cat
DATA_CLEAN/images/64e9167208cf8db5.jpg,65.4488754272461,363.4014701843262,1207.7098846435547,2272.9330444335938,0.8971295356750488,cat
DATA_CLEAN/images/64e91daf59a1c080.jpg,66.0399468064308,497.58263564109797,674.5099631786346,796.4989538669586,0.9266457557678223,cat
DATA_CLEAN/images/64e91daf59a1c080.jpg,598.6310053348541,100.01346795558929,1102.4883977890013,378.9264609336853,0.9108927249908447,cat
DATA_CLEAN/images/64e9bb804b667bd5.jpg,563.6134827375412,226.9954115152359,2302.620958614349,1604.1625940322876,0.9218466877937317,cat
DATA_CLEAN/images/64faeec92e159bc9.jpg,1550.9419372558593,513.3005722045898,2970.986260986328,1530.4989807128907,0.6933331489562988,cat
DATA_CLEAN/images/64faeec92e159bc9.jpg,0.0,321.6409286499023,1637.259375,1802.8493774414062,0.5201340317726135,cat
DATA_CLEAN/images/64fd3f60e5402adb.jpg,84.49102630615234,219.2369249343872,3596.5385078430177,2313.829009437561,0.7120672464370728,cat
DATA_CLEAN/images/65104b8107f18a07.jpg,170.2223602294922,282.95333404541014,2582.778735351563,1456.6715881347657,0.9381108283996582,cat
DATA_CLEAN/images/652a31bcc5a2971c.jpg,913.8300857543945,722.8584976196289,2929.414505004883,2272.6710159301756,0.9178870916366577,cat
DATA_CLEAN/images/6532c749ea2e3876.jpg,730.8941055297852,198.59608459472656,2329.3891632080076,1929.0318664550782,0.9174419641494751,cat
DATA_CLEAN/images/6540fc5ff7e16068(1).jpg,412.09607124328613,0.0,663.3353233337402,602.5959014892578,0.851711630821228,cat
DATA_CLEAN/images/655f5c1d0b2f050a(1).jpg,12.55625,153.54921875,1732.849609375,1712.75703125,0.9207674860954285,cat
DATA_CLEAN/images/6563a679404bb0f4.jpg,834.1716796874999,275.074072265625,2359.1283691406247,1892.0865234374999,0.9114543199539185,cat
DATA_CLEAN/images/656f5c20c714d836.jpg,634.1303586959839,384.5629692077637,2412.6193523406982,1024.8264074325562,0.921096920967102,cat
DATA_CLEAN/images/657521184ed97b21.jpg,1023.8570617675781,540.4923751831054,1534.7831176757813,1152.5898834228515,0.9285328388214111,cat
DATA_CLEAN/images/657521184ed97b21.jpg,1790.008172607422,939.3168731689453,2692.972448730469,2439.555615234375,0.9147071838378906,cat
DATA_CLEAN/images/65912a349c895655.jpg,53.69945526123047,787.8034973144531,1107.9739379882812,1600.0,0.9161276817321777,cat
DATA_CLEAN/images/6592fadde521e566(1).jpg,337.2444152832031,277.5629577636719,640.0,628.3519897460938,0.9161829948425293,cat
DATA_CLEAN/images/6592fadde521e566(1).jpg,208.10272216796875,0.0,416.278564453125,293.21624755859375,0.8933970928192139,cat
DATA_CLEAN/images/6592fadde521e566(1).jpg,0.029266357421875,0.0,254.77261352539062,284.5716552734375,0.8721215128898621,cat
DATA_CLEAN/images/6592fadde521e566(1).jpg,425.5659484863281,0.0,631.9425048828125,342.6037902832031,0.7598572373390198,cat
DATA_CLEAN/images/65b6ccbd76986c22.jpg,0.0,81.3277587890625,635.6666259765625,634.5313720703125,0.9070936441421509,cat
DATA_CLEAN/images/65f266934b532329.jpg,112.7126693725586,249.21669006347656,1112.1697998046875,944.0427398681641,0.8527995347976685,cat
DATA_CLEAN/images/65f28dd64d411997.jpg,2478.1174438476564,0.0,3646.4817626953127,533.757389831543,0.4295862913131714,cat
DATA_CLEAN/images/65f2f9e35935f124(1).jpg,0.0,556.5574645996094,2960.416603088379,2990.41748046875,0.9255614280700684,cat
DATA_CLEAN/images/660dd314c2f41f48.jpg,864.8277648925782,146.71263427734377,1833.4669372558594,1374.0927703857424,0.9319580793380737,cat
DATA_CLEAN/images/66147d034e87c0c6.jpg,840.77626953125,395.45888671875,1345.2375,1075.6701171875,0.904058575630188,cat
DATA_CLEAN/images/662daf135af2f260.jpg,140.08447265625,47.3392333984375,962.9765625,686.91025390625,0.9067434072494507,cat
DATA_CLEAN/images/6646cc5a62f394f3.jpg,0.0,0.0,1468.9278564453125,1611.934622192383,0.6915957927703857,cat
DATA_CLEAN/images/66af0f5199da3260(1).jpg,65.28206787109374,149.3889404296875,380.7678466796875,484.372265625,0.9363515377044678,cat
DATA_CLEAN/images/66e30972188dde85.jpg,616.3793563842773,1183.8900089263916,3600.3481864929195,5627.877044677734,0.9304102659225464,cat
DATA_CLEAN/images/66feb16f4541b51e.jpg,143.26693725585938,267.2896385192871,3973.644744873047,2419.489791870117,0.9457430839538574,cat
DATA_CLEAN/images/671e2abfb627cc9d.jpg,854.9902496337891,0.0,5184.0,3250.0913818359377,0.9275765419006348,cat
DATA_CLEAN/images/673360067d81f520.jpg,0.0,12.224889993667603,789.362342262268,983.7683258056641,0.8960172533988953,cat
DATA_CLEAN/images/67477c0f48e3698a(1).jpg,32.67059326171875,292.2660598754883,4090.060821533203,2236.409637451172,0.9067288041114807,cat
DATA_CLEAN/images/675194c1e4267755.jpg,416.3501739501953,342.51190185546875,1512.9994201660156,907.2163391113281,0.954269528388977,cat
DATA_CLEAN/images/675206effd847a35.jpg,1395.8461925506592,2516.6233140945433,2441.5864656448366,3354.8720840454102,0.9180299639701843,cat
DATA_CLEAN/images/676816bc74758d26(1).jpg,1087.3499710083008,875.2834350585937,1945.8202362060547,2084.962860107422,0.8999398946762085,cat
DATA_CLEAN/images/676f069f6b38969d.jpg,1072.3934831142424,6.28601689338684,4761.0,3089.0094071388244,0.904118537902832,cat
DATA_CLEAN/images/6779ccd2264c0295.jpg,0.35593070983886715,361.63758430480954,440.27273960113524,673.9725038528442,0.9337124824523926,cat
DATA_CLEAN/images/67a085f741732778.jpg,445.1482421875,376.544921875,990.6025390625,578.58994140625,0.9459673762321472,cat
DATA_CLEAN/images/67a4071d76d28bc5.jpg,1150.5306640625,248.89345703125,2048.0,1301.1392578125,0.9145159721374512,cat
DATA_CLEAN/images/67aa49a6f37073df.jpg,713.9853515625,20.2613525390625,3068.26376953125,2139.04716796875,0.860113799571991,cat
DATA_CLEAN/images/6801490eb3b65229.jpg,1109.74306640625,386.0351989746094,2061.0455932617188,2039.1998565673828,0.8761970400810242,cat
DATA_CLEAN/images/68025b917fdb08cb.jpg,463.10364074707036,187.1238235473633,3864.6062622070312,2999.166833496094,0.9297597408294678,cat
DATA_CLEAN/images/680d6f8ebc338b54(1).jpg,634.3553924560547,276.3899230957031,1265.0325012207031,1065.5326843261719,0.9073387980461121,cat
DATA_CLEAN/images/681fdd0e1cfb35a1.jpg,132.98330144882203,675.2464753627778,3382.599486923218,1927.5412302017214,0.9406588673591614,cat
DATA_CLEAN/images/6820a6df86f718b1.jpg,392.5446533203125,1917.6180175781249,2048.0,3072.0,0.9262207746505737,cat
DATA_CLEAN/images/6820a6df86f718b1.jpg,389.9051513671875,1921.7163574218748,2048.0,3072.0,0.3039943277835846,cat
DATA_CLEAN/images/6847f853481a5224.jpg,0.0,193.100830078125,811.3334350585938,666.7893676757812,0.957766592502594,cat
DATA_CLEAN/images/687b8ea66c589cd5.jpg,0.9341552734375,1019.84921875,752.3501953125,1960.233984375,0.5990471243858337,cat
DATA_CLEAN/images/687b8ea66c589cd5.jpg,102.42568359375,0.0,882.03154296875,903.00087890625,0.2659975290298462,cat
DATA_CLEAN/images/68a74457f78ddd71.jpg,213.75537872314453,345.81424713134766,1331.4488220214844,1033.1371307373047,0.9533094167709351,cat
DATA_CLEAN/images/68bd83dd4675a59c(1).jpg,374.7266357421875,167.941845703125,1024.0,678.0255859375,0.940996527671814,cat
DATA_CLEAN/images/68d4e59aa968f8db(1).jpg,195.03549711704255,787.2543752670289,1443.549170923233,1476.5896451950073,0.7159385681152344,cat
DATA_CLEAN/images/68d4e59aa968f8db(1).jpg,11.635766839981079,282.10120606422424,1020.4455039024353,896.0069782733917,0.6800402402877808,cat
DATA_CLEAN/images/68d4e59aa968f8db(1).jpg,999.9438924312592,653.4879398345947,2028.5694015502932,1390.372471189499,0.6285575032234192,cat
DATA_CLEAN/images/68d4e59aa968f8db(1).jpg,1028.5526294231415,438.3304376840592,1581.9507747650148,772.9559319496155,0.5034037232398987,cat
DATA_CLEAN/images/68d4e59aa968f8db(1).jpg,12.693016195297242,773.2173310756683,1465.5274356365205,1483.5086736679077,0.28811508417129517,cat
DATA_CLEAN/images/68dfd770398b8256.jpg,1576.853759765625,1243.1444549560547,1940.8170776367188,1533.0799530029296,0.8509998917579651,cat
DATA_CLEAN/images/68f4e915c5cc9f07.jpg,94.32940673828125,170.29678344726562,584.4002685546875,414.23828125,0.8305617570877075,cat
DATA_CLEAN/images/69303fec4e744081(1).jpg,203.84869098663333,44.94276094436646,2306.9867401123047,1563.1905937194826,0.9350488185882568,cat
DATA_CLEAN/images/693e0b7b56dec1d9.jpg,1179.3877349853517,1364.6119537353516,3142.9685852050784,2665.197125244141,0.9501670598983765,cat
DATA_CLEAN/images/694a42f2897983ac.jpg,2903.7324462890624,2299.8697998046873,4608.0,3456.0,0.8645190000534058,cat
DATA_CLEAN/images/694a42f2897983ac.jpg,2597.8414306640625,644.1458862304687,3568.4857177734375,2151.8281494140624,0.7000651359558105,cat
DATA_CLEAN/images/694a42f2897983ac.jpg,1325.1248657226563,601.2605346679687,2494.549951171875,2179.8292236328125,0.42445579171180725,cat
DATA_CLEAN/images/694a42f2897983ac.jpg,993.87421875,1845.892529296875,2117.987841796875,3420.1990722656246,0.3898552358150482,cat
DATA_CLEAN/images/695c0862fda5851d.jpg,573.1392700195313,140.8418975830078,3137.9678833007815,1917.4380249023438,0.9247470498085022,cat
DATA_CLEAN/images/696fa7ae0246ae7f(1).jpg,280.4092502593994,214.8811023235321,1980.0033884048462,1313.6366188526154,0.9164372682571411,cat
DATA_CLEAN/images/6979781deb717902.jpg,1010.6397628784179,404.45566177368164,5312.563133239746,3988.812446594238,0.9471977949142456,cat
DATA_CLEAN/images/697d4196186dfb27.jpg,246.3127197265625,328.31708984375,880.20361328125,527.42529296875,0.9389132261276245,cat
DATA_CLEAN/images/697ec539ea0d1575(1).jpg,423.5158450126648,27.413803911209104,1314.8876609802246,1132.8030635833738,0.33367088437080383,cat
DATA_CLEAN/images/697ec539ea0d1575(1).jpg,440.322728061676,56.20248155593872,983.2987621307373,1060.4453676223754,0.3296643793582916,cat
DATA_CLEAN/images/697ec539ea0d1575(1).jpg,923.1693180084228,5.921321010589599,1288.0150474548338,1131.7622755050659,0.30636775493621826,cat
DATA_CLEAN/images/6980157ee5a2c085.jpg,299.8271478652954,165.9757164001465,1182.0,696.452966594696,0.8953564167022705,cat
DATA_CLEAN/images/698f9e9c56667d99(1).jpg,208.0200927257538,0.0,971.2339639663697,865.7947139739991,0.8887603282928467,cat
DATA_CLEAN/images/69b26b995d06ced2.jpg,54.230908203125,306.664453125,1573.910546875,1106.22685546875,0.9426910281181335,cat
DATA_CLEAN/images/69bb3d4da0bf4824.jpg,1354.0705444335938,713.8087188720704,2235.7073638916017,1813.449060058594,0.8957188129425049,cat
DATA_CLEAN/images/69cb6b09de873428.jpg,310.59796142578125,985.5048828125,852.2978515625,2541.13330078125,0.5938131809234619,cat
DATA_CLEAN/images/69cb6b09de873428.jpg,754.2882080078125,973.4129638671875,1217.0511474609375,1438.2333984375,0.2541896402835846,cat
DATA_CLEAN/images/69cb9f9488213715.jpg,683.2576583862304,536.8976196289062,3414.48056640625,2579.039596557617,0.9405951499938965,cat
DATA_CLEAN/images/69eb6cc99d9a0661.jpg,602.466015625,335.814453125,1096.6396484375,1230.33798828125,0.931042492389679,cat
DATA_CLEAN/images/69f663c84dc1126f.jpg,129.69890594482422,1102.2807174682616,1748.746517944336,1739.5718170166015,0.925769567489624,cat
DATA_CLEAN/images/6a404da3874e2b7e(1).jpg,1722.9349365234375,544.3559875488281,2624.9959716796875,2159.6217041015625,0.8323084115982056,cat
DATA_CLEAN/images/6a4766858e058b15.jpg,1357.1157211303712,1220.5128845214845,5184.0,3189.0566162109376,0.7842956781387329,cat
DATA_CLEAN/images/6a4ccbe36df9675b(1).jpg,1559.2456817626953,1028.165626525879,2064.017105102539,1985.2256774902344,0.7488977909088135,cat
DATA_CLEAN/images/6a5a10669fad8eb2(1).jpg,2837.7405395507812,212.9582977294922,5449.191833496094,2603.61474609375,0.9387426972389221,cat
DATA_CLEAN/images/6a5a10669fad8eb2(1).jpg,608.5409545898438,1137.6863250732422,3282.9142456054688,3751.5003662109375,0.8597337007522583,cat
DATA_CLEAN/images/6a5a10669fad8eb2(1).jpg,1886.9076232910156,182.6725616455078,3296.847381591797,1342.3634033203125,0.35822227597236633,cat
DATA_CLEAN/images/6a79897220c0471c.jpg,441.8465576171875,241.00619506835938,807.417236328125,627.20703125,0.9113516211509705,cat
DATA_CLEAN/images/6a870e5c858ad00b.jpg,1873.284197998047,642.6875640869141,2659.407678222656,1572.4342834472657,0.8044579029083252,cat
DATA_CLEAN/images/6a870e5c858ad00b.jpg,92.02729949951171,852.9593505859375,1250.1122192382813,1747.5812866210938,0.7448169589042664,cat
DATA_CLEAN/images/6a870e5c858ad00b.jpg,1212.950262451172,650.4527908325196,1945.4163177490234,1510.395803833008,0.6537906527519226,cat
DATA_CLEAN/images/6abab904cb308073(1).jpg,0.0,189.69609565734865,497.8399496078491,958.8068058013916,0.8639782667160034,cat
DATA_CLEAN/images/6ad5690697f1ee7c.jpg,685.31334400177,446.26443386077875,1439.4109725952148,1495.0574398040771,0.9380368590354919,cat
DATA_CLEAN/images/6addd86175da138e.jpg,295.89290618896484,269.2131280899048,772.5122451782227,685.2306365966797,0.9064300060272217,cat
DATA_CLEAN/images/6af928f59de90a09(1).jpg,441.2400390625,70.92692718505859,2999.5030517578125,1995.3949829101562,0.9074881076812744,cat
DATA_CLEAN/images/6affd1c4d7e51104.jpg,451.2111568450928,1410.9932613372803,1059.1017723083496,1672.0763969421387,0.853726863861084,cat
DATA_CLEAN/images/6b447bbcb11c18df.jpg,1437.857767868042,721.5059506416321,2350.667419052124,2003.330909729004,0.9130934476852417,cat
DATA_CLEAN/images/6b8a57cd41b58629.jpg,39.977134704589844,1898.3271942138672,3635.302032470703,6429.392822265625,0.6652803421020508,cat
DATA_CLEAN/images/6b8a57cd41b58629.jpg,1943.491928100586,2071.4569778442383,3866.0579833984375,6235.6756591796875,0.33242613077163696,cat
DATA_CLEAN/images/6bb0d16547897d94.jpg,40.716845703125,69.855712890625,1022.57275390625,988.51826171875,0.929345428943634,cat
DATA_CLEAN/images/6bd78780a75c747c(1).jpg,531.6290924072266,2242.7293090820312,1514.7639221191407,3401.25107421875,0.9401060342788696,cat
DATA_CLEAN/images/6bdd83ddf7cccf9d.jpg,75.50587577819823,6.651452159881591,4084.0,2769.26094379425,0.5497946739196777,cat
DATA_CLEAN/images/6bdd83ddf7cccf9d.jpg,99.06438827514647,18.171703815460205,2324.9679704666137,2804.5582065582275,0.27813011407852173,cat
DATA_CLEAN/images/6bdfb462395b22b6(1).jpg,1055.002863407135,147.50479316711426,2466.0,2401.5551673889163,0.6606658697128296,cat
DATA_CLEAN/images/6bdfb462395b22b6(1).jpg,0.0,128.75620279312136,2466.0,2380.1477937698364,0.3921332061290741,cat
DATA_CLEAN/images/6bf0d8e54e1d5c5d.jpg,118.92269134521484,247.6168975830078,339.332275390625,634.4044189453125,0.8699071407318115,cat
DATA_CLEAN/images/6bf2f89d83ebc96c(1).jpg,0.0,253.87706756591797,1278.9269256591797,1063.4196472167969,0.4696727693080902,cat
DATA_CLEAN/images/6bf2f89d83ebc96c(1).jpg,0.9021759033203125,251.26678466796875,1287.2360229492188,1063.8639831542969,0.38420021533966064,cat
DATA_CLEAN/images/6c048279781a92f4.jpg,0.0,38.48192739486694,2256.912069797516,2745.0,0.9325213432312012,cat
DATA_CLEAN/images/6c08ac8dbabc75e8.jpg,1.44036865234375,211.17587280273438,1052.2191162109375,795.8582763671875,0.9545879364013672,cat
DATA_CLEAN/images/6c0d10bc6c684e9f.jpg,306.9659423828125,280.500732421875,1244.1806640625,912.1455078125,0.9506751298904419,cat
DATA_CLEAN/images/6c22607789247a03(1).jpg,258.1437072753906,275.5393371582031,499.16424560546875,440.566162109375,0.3798009157180786,cat
DATA_CLEAN/images/6c2c438e0f027f51.jpg,974.9354553222656,98.79257202148438,1600.0,1197.9924011230469,0.908489465713501,cat
DATA_CLEAN/images/6c2c438e0f027f51.jpg,186.01829528808594,19.675846099853516,830.0434112548828,407.2353744506836,0.9039144515991211,cat
DATA_CLEAN/images/6c42e6ea600e3576.jpg,227.40667724609375,356.72064208984375,621.4338989257812,930.748046875,0.9187283515930176,cat
DATA_CLEAN/images/6c5786c3f6a72e9a.jpg,163.703627204895,213.9393035888672,1489.6801483154297,976.5118827819824,0.9625598788261414,cat
DATA_CLEAN/images/6c9bb41a849cf2c7.jpg,3094.7768020629883,1386.3805419921875,3357.6853790283203,1904.5775909423828,0.7396777272224426,cat
DATA_CLEAN/images/6c9bb41a849cf2c7.jpg,2412.3817413330075,1246.0957977294922,2884.6438034057614,1903.8844848632812,0.6505534648895264,cat
DATA_CLEAN/images/6c9bb41a849cf2c7.jpg,2015.81114654541,1357.2351913452148,2346.4665039062497,1913.7271820068358,0.641629695892334,cat
DATA_CLEAN/images/6c9bb41a849cf2c7.jpg,140.1659801483154,1193.2511672973633,844.0825477600098,1910.2520507812499,0.4875219762325287,cat
DATA_CLEAN/images/6c9bb41a849cf2c7.jpg,1137.1811195373534,1311.7379653930664,1555.2750213623046,1914.9385482788086,0.42189523577690125,cat
DATA_CLEAN/images/6c9bb41a849cf2c7.jpg,1121.3116859436034,1303.9282440185546,1561.5940292358398,1910.1588119506835,0.3565201759338379,cat
DATA_CLEAN/images/6c9bb41a849cf2c7.jpg,3097.6011077880858,1393.568424987793,3355.1537139892575,1903.8084167480467,0.29189467430114746,cat
DATA_CLEAN/images/6cb4e282e39331e3.jpg,745.8553466796875,267.7752685546875,1100.3160400390625,946.5181884765625,0.7588974237442017,cat
DATA_CLEAN/images/6cbb5f7235e78584.jpg,304.0021606445313,527.406494140625,2816.0,1881.0347778320313,0.7752319574356079,cat
DATA_CLEAN/images/6cbb5f7235e78584.jpg,9.466586303710939,1118.8541503906251,1137.7837646484375,1936.9595458984375,0.5661097764968872,cat
DATA_CLEAN/images/6cfc01a4bd861df4.jpg,1031.6093170166016,46.69955978393555,1455.1135162353517,497.8804962158203,0.42185917496681213,cat
DATA_CLEAN/images/6cfc01a4bd861df4.jpg,858.0439498901368,779.7119934082032,1717.8439819335938,1836.9704132080078,0.2959055006504059,cat
DATA_CLEAN/images/6d168206dc984225.jpg,618.3741165161133,34.97055358886719,3741.789166259766,1984.897608947754,0.9301602840423584,cat
DATA_CLEAN/images/6d25875694928533.jpg,12.805328369140625,78.35289001464844,819.2086791992188,825.2214050292969,0.6856902241706848,cat
DATA_CLEAN/images/6d25875694928533.jpg,13.994216918945312,103.81778717041016,806.3995361328125,937.0096588134766,0.36177366971969604,cat
DATA_CLEAN/images/6d3bc0946f424adb(1).jpg,544.7259887695312,628.4270599365235,3834.865502929688,3070.7884094238284,0.9290716648101807,cat
DATA_CLEAN/images/6d42c4332ad15e83.jpg,1097.8186130523682,112.33961582183838,1937.8407001495361,1532.122254371643,0.7597751021385193,cat
DATA_CLEAN/images/6d4404e00d879d25(1).jpg,419.500146484375,795.67275390625,1357.14482421875,1535.1677734375,0.93221116065979,cat
DATA_CLEAN/images/6d52ac2a7e89aaa9(1).jpg,1088.561343383789,79.19184951782228,2592.0,1944.0,0.9412398934364319,cat
DATA_CLEAN/images/6d612e9a48afdb84.jpg,0.0,3.9506790161132814,1651.9022644042968,1341.5944702148438,0.8502609729766846,cat
DATA_CLEAN/images/6d612e9a48afdb84.jpg,1502.7082763671874,43.1196533203125,3264.0,1375.3969116210938,0.36207470297813416,cat
DATA_CLEAN/images/6d612e9a48afdb84.jpg,156.8852325439453,21.17633056640625,3248.8157958984375,1346.7609283447266,0.2543609142303467,cat
DATA_CLEAN/images/6d6abeb55e69c13c.jpg,1797.0632553100586,1028.0611038208008,2375.9403228759766,2009.0190887451172,0.9115290641784668,cat
DATA_CLEAN/images/6d7e95882c9786b3.jpg,0.0,89.73447265625,728.334375,765.305859375,0.955398440361023,cat
DATA_CLEAN/images/6d915963ed21ffd6.jpg,298.6468255519867,131.75597190856934,3608.159053325653,2902.4991631507874,0.9281501770019531,cat
DATA_CLEAN/images/6da009773b5cc7fb.jpg,1181.133056640625,147.0684814453125,2543.529541015625,1008.3892822265625,0.8479101061820984,cat
DATA_CLEAN/images/6da864c6a3218ea0.jpg,266.0281707763672,120.16550426483154,1924.0,1083.5649591445922,0.9661908745765686,cat
DATA_CLEAN/images/6dedf7d3320603c4.jpg,634.703369140625,809.7608184814453,1397.6947021484375,1384.9404907226562,0.8997117280960083,cat
DATA_CLEAN/images/6e2026a1f7e15147(1).jpg,1163.529766845703,0.0,3872.0,2027.8886215209961,0.9026997089385986,cat
DATA_CLEAN/images/6e389b03d93d28cf(1).jpg,54.33731446266174,142.99934849739074,1944.1806896209716,2333.246926689148,0.90799880027771,cat
DATA_CLEAN/images/6e455cf27d2697a3.jpg,1534.177587890625,1151.6702453613282,3050.014013671875,2194.8283813476564,0.947904109954834,cat
DATA_CLEAN/images/6e4f25d6d2601e58.jpg,2.3284912109375,79.0289306640625,509.35821533203125,628.5205078125,0.760777473449707,cat
DATA_CLEAN/images/6e4f90aff51bc3e9.jpg,1596.391049194336,573.2292297363281,1923.4785095214845,1885.6238342285158,0.4713315963745117,cat
DATA_CLEAN/images/6e4f90aff51bc3e9.jpg,1622.4073059082032,593.9908584594726,1994.227001953125,1874.9900665283203,0.4654347002506256,cat
DATA_CLEAN/images/6e50413a2c78b5d1.jpg,161.32859892845156,78.27963347434998,2099.6568143844606,1393.2944310188295,0.7467100024223328,cat
DATA_CLEAN/images/6e50413a2c78b5d1.jpg,119.63082146644594,79.30967087745667,1905.4103940010073,1397.287870502472,0.5127036571502686,cat
DATA_CLEAN/images/6e5df35466889f2c.jpg,803.2887285709381,456.55326440334323,2659.1526168346404,2347.766736125946,0.9360561370849609,cat
DATA_CLEAN/images/6e783161911caabc(1).jpg,0.13661956787109375,255.95233154296875,255.53167724609375,553.922119140625,0.929073691368103,cat
DATA_CLEAN/images/6e783161911caabc(1).jpg,777.5579223632812,540.083984375,1062.13818359375,958.1065673828125,0.6971853971481323,cat
DATA_CLEAN/images/6e783161911caabc(1).jpg,748.7156982421875,331.83514404296875,1280.0,942.5272216796875,0.5974200367927551,cat
DATA_CLEAN/images/6e783161911caabc(1).jpg,369.57501220703125,338.1947326660156,922.8270874023438,836.1917114257812,0.5613621473312378,cat
DATA_CLEAN/images/6e783161911caabc(1).jpg,956.7183837890625,550.612060546875,1278.9898681640625,956.848876953125,0.47350043058395386,cat
DATA_CLEAN/images/6ec6a2ad123a639c.jpg,0.0,204.12393035888672,1319.6799591064455,1248.1417419433594,0.9458481073379517,cat
DATA_CLEAN/images/6ee9bed49858d63c(1).jpg,202.00361328125,509.66127014160156,2318.313153076172,1657.2669311523437,0.9554944038391113,cat
DATA_CLEAN/images/6effecc969a3af91.jpg,7.9848480224609375,1.41326904296875,1182.135009765625,933.7591552734375,0.9408853054046631,cat
DATA_CLEAN/images/6f20b726fbf16f6c.jpg,0.0,867.1382537841797,3163.6150451660155,2756.2463562011717,0.9415439367294312,cat
DATA_CLEAN/images/6f2ccc0622e4cc08.jpg,1440.384298324585,735.9604431152344,2591.056652069092,1825.8856704711914,0.9310765266418457,cat
DATA_CLEAN/images/6f2d7a1dcae90488.jpg,373.4294051170349,457.750790977478,2987.7055011749267,2322.518492889404,0.9327133893966675,cat
DATA_CLEAN/images/6f4172f036942270.jpg,1112.3123474121094,308.32028503417973,2430.009255981445,2731.650201416016,0.9146957397460938,cat
DATA_CLEAN/images/6f42fded528b9e62.jpg,921.284294128418,125.01935958862305,4000.0,2905.3115844726562,0.8984872698783875,cat
DATA_CLEAN/images/6f631bde74b3bc28.jpg,,,,,,
DATA_CLEAN/images/6fcdf82419e8d48d.jpg,2673.4953735351564,234.532177734375,4488.349218750001,2587.9895507812503,0.4529916048049927,cat
DATA_CLEAN/images/6fd33479ff74451d(1).jpg,283.6402765274048,648.8119926452637,1202.4296012878417,1240.3259582519531,0.9146246910095215,cat
DATA_CLEAN/images/6fe628a49bf7805a.jpg,0.0,223.5311279296875,2278.241943359375,1913.58984375,0.937131941318512,cat
DATA_CLEAN/images/6fe794922fa38fea.jpg,0.0,101.27571847438813,2318.2719271659853,2473.0623781204226,0.9411051273345947,cat
DATA_CLEAN/images/6fe93c42f2e2bdaa.jpg,213.06881103515624,945.9601959228515,1994.6603027343751,1676.6414978027344,0.9078888297080994,cat
DATA_CLEAN/images/6fe93c42f2e2bdaa.jpg,1895.1839996337892,904.6524993896485,2938.228161621094,1521.4052673339843,0.9046206474304199,cat
DATA_CLEAN/images/7010d2d9d3749b56.jpg,0.205272912979126,243.9757344722748,602.1847276687622,949.4871454238893,0.9330437183380127,cat
DATA_CLEAN/images/70398d8e83558c5d.jpg,416.1457122802734,171.48788909912108,2442.1039810180664,2215.946887207031,0.9239143133163452,cat
DATA_CLEAN/images/707e1b81c8846050(1).jpg,7.1065673828125,379.6072998046875,768.0,1023.346875,0.3672584891319275,cat
DATA_CLEAN/images/707e1b81c8846050(1).jpg,9.19384765625,349.286279296875,768.0,1013.9087890625,0.2527647614479065,cat
DATA_CLEAN/images/70832fef203260d3.jpg,157.08922119140624,478.6259765625,3105.112939453125,2960.783349609375,0.9387825727462769,cat
DATA_CLEAN/images/70907efb8f7cec66(1).jpg,432.26550502777104,236.29091148376466,770.7333171844483,693.7166519165039,0.48668771982192993,cat
DATA_CLEAN/images/709d1a31734bbca8.jpg,268.1334571838379,332.03183364868164,1001.3164978027344,863.5520629882812,0.8527487516403198,cat
DATA_CLEAN/images/70bd9cab178715e6.jpg,813.5303020477295,368.3511199951172,1540.0699081420898,1182.7434196472168,0.9066779017448425,cat
DATA_CLEAN/images/70ca0e0b1ec3b09d.jpg,1882.821593093872,932.6197961807251,2822.5097366333007,2149.636083030701,0.9124301671981812,cat
DATA_CLEAN/images/70d849c4480c6852.jpg,553.25952064991,454.28118660449985,1264.5425876140596,1477.9423318862916,0.45381173491477966,cat
DATA_CLEAN/images/70d849c4480c6852.jpg,541.8378958940506,446.89041624069216,1623.0,1527.1282822608948,0.30709487199783325,cat
DATA_CLEAN/images/7125be0b504b8cdf(1).jpg,0.0,125.3919189453125,705.842578125,765.234765625,0.9539451003074646,cat
DATA_CLEAN/images/7131fb0ce7595205.jpg,282.198876953125,483.8693359375,1155.75458984375,1859.963671875,0.9151147603988647,cat
DATA_CLEAN/images/713b3b99a37d0208.jpg,204.53167419433595,1717.6313507080079,1385.2725402832032,2297.4158935546875,0.9583715200424194,cat
DATA_CLEAN/images/713b3b99a37d0208.jpg,617.4646339416504,691.9350471496582,1248.8732666015626,958.652229309082,0.4357661008834839,cat
DATA_CLEAN/images/71402b275e59cedc(1).jpg,5.846533203125,253.46015625,888.61787109375,562.99580078125,0.9328569173812866,cat
DATA_CLEAN/images/714cd450c5d99c2b.jpg,1054.1578124999999,1062.6185302734375,2304.0,2708.6806640625,0.7403244376182556,cat
DATA_CLEAN/images/718831f086175b46.jpg,0.0,29.271990966796878,2711.5881774902346,1933.9730529785156,0.946387767791748,cat
DATA_CLEAN/images/71973c6c68d8be25.jpg,155.23663330078125,60.7704574584961,3564.869897460938,2637.9578430175784,0.819474458694458,cat
DATA_CLEAN/images/71973c6c68d8be25.jpg,2005.1986999511719,680.0546356201172,3647.128857421875,2712.7296386718754,0.25673800706863403,cat
DATA_CLEAN/images/71af5d1e819e8520.jpg,1195.0628906250001,380.2235549926758,2727.3778106689456,2708.784448242188,0.8949301838874817,cat
DATA_CLEAN/images/71b2ee3f883d1eed.jpg,128.23578643798828,923.8213806152344,1877.9672927856445,2432.0,0.9256991147994995,cat
DATA_CLEAN/images/71b2ee3f883d1eed.jpg,2384.257667541504,242.90575790405273,4189.194442749023,2142.2396392822266,0.8592585921287537,cat
DATA_CLEAN/images/71b2ee3f883d1eed.jpg,943.8077087402344,316.28697967529297,2325.2837448120117,1198.4788970947266,0.2977096438407898,cat
DATA_CLEAN/images/71b2ee3f883d1eed.jpg,971.498405456543,281.8707962036133,2854.6456146240234,2250.091323852539,0.28615736961364746,cat
DATA_CLEAN/images/71bad071d8ace022(1).jpg,689.8286437988281,462.6484680175781,1017.40234375,809.285888671875,0.9344499111175537,cat
DATA_CLEAN/images/71c28ff9c7984dd9.jpg,943.7818336486816,1767.2310590744019,1881.4962530136108,3394.5848751068115,0.32736900448799133,cat
DATA_CLEAN/images/71faa18ae046c74f(1).jpg,2175.249481201172,213.0084991455078,4000.0,3000.0,0.9500176906585693,cat
DATA_CLEAN/images/71faa18ae046c74f(1).jpg,1191.373062133789,2471.061897277832,1507.8219413757324,2757.183837890625,0.5196642875671387,cat
DATA_CLEAN/images/7202d589edf09807.jpg,228.6883644104004,218.99701194763185,1343.0356790542603,1049.7079330444337,0.8990747332572937,cat
DATA_CLEAN/images/7203a85148f7d8d5.jpg,1822.8537322998047,988.3128433227539,3353.350314331055,2950.6197875976563,0.9002171158790588,cat
DATA_CLEAN/images/7205c44dcb132927(1).jpg,812.44794921875,350.6587890625,1851.16171875,1529.2962890625,0.9031168222427368,cat
DATA_CLEAN/images/7226e31d289131bf.jpg,18.2852725982666,1034.0982360839844,841.1474733352661,2037.742073059082,0.8988238573074341,cat
DATA_CLEAN/images/7226e31d289131bf.jpg,864.4730968475342,301.0424919128418,1881.869951248169,1638.3422508239746,0.8942335844039917,cat
DATA_CLEAN/images/7230a7751638f58e.jpg,442.4394989013672,324.89967346191406,1103.3987426757812,1200.0,0.9214017391204834,cat
DATA_CLEAN/images/72857beb03223394.jpg,70.742626953125,684.007080078125,530.01171875,1024.0,0.5969951748847961,cat
DATA_CLEAN/images/729431e5788ee8d2.jpg,771.101806640625,625.88193359375,1271.055859375,1106.93896484375,0.7864137887954712,cat
DATA_CLEAN/images/72c0f0f4bd53b6f5.jpg,270.861328125,224.18133544921875,383.6705017089844,427.8318176269531,0.9277794361114502,cat
DATA_CLEAN/images/72e142fd4947ec36(1).jpg,595.167015838623,185.60749053955078,2511.005438232422,2568.237767028809,0.6573644280433655,cat
DATA_CLEAN/images/72efdea25275edc7.jpg,334.14614934921264,385.9612982273102,1157.844860458374,1078.6774101257324,0.8749876022338867,cat
DATA_CLEAN/images/72efdea25275edc7.jpg,690.1001554489136,7.986940288543701,1543.6713634490966,1005.2498704910278,0.8349907398223877,cat
DATA_CLEAN/images/72efdea25275edc7.jpg,129.2921851158142,167.52659411430358,855.371500301361,810.0183031082153,0.4750586450099945,cat
DATA_CLEAN/images/72fa1b5f9c2820a0(1).jpg,527.6958984375,349.233447265625,999.8953125,766.00869140625,0.8566848039627075,cat
DATA_CLEAN/images/72fa1b5f9c2820a0(1).jpg,191.187744140625,101.601416015625,618.487890625,543.0275390625,0.30338966846466064,cat
DATA_CLEAN/images/731af5775ca02f66.jpg,0.0,231.77796936035156,419.94537353515625,518.4471435546875,0.8208252191543579,cat
DATA_CLEAN/images/731af5775ca02f66.jpg,0.0,3.884307861328125,627.3778076171875,502.58349609375,0.2807092070579529,cat
DATA_CLEAN/images/7326f7518350ab38.jpg,815.4670806884766,822.4969024658204,2691.0273376464847,2475.3044403076174,0.7906713485717773,cat
DATA_CLEAN/images/732af5a21da60a00.jpg,715.7593240737915,303.70521354675293,1018.7540502548218,700.8088936805725,0.9255980253219604,cat
DATA_CLEAN/images/73472d2d0b84b59f.jpg,149.39339447021484,932.3468399047852,1604.775936126709,1878.9933471679688,0.9391610622406006,cat
DATA_CLEAN/images/73472d2d0b84b59f.jpg,2306.5228729248047,404.3266067504883,4218.599212646484,1817.9706115722656,0.6821144223213196,cat
DATA_CLEAN/images/73472d2d0b84b59f.jpg,2420.725341796875,1113.7623596191406,3623.2005157470703,2126.0407104492188,0.42541709542274475,cat
DATA_CLEAN/images/7349ea0e9a926b48.jpg,0.0,130.37279663085937,2330.9941589355467,2962.6125366210936,0.8982877731323242,cat
DATA_CLEAN/images/734be5d5ae35bf06.jpg,763.3072631835937,267.05296783447267,2309.4719970703127,2323.9184692382814,0.8401398658752441,cat
DATA_CLEAN/images/7361efa267ee88aa.jpg,0.0,0.0,3116.0159545898437,2134.6970764160155,0.9427971839904785,cat
DATA_CLEAN/images/7396f5cd557e7107(1).jpg,506.14671020507814,0.0,3648.0,2344.9954467773437,0.9305564165115356,cat
DATA_CLEAN/images/73b57bea81b2763d.jpg,574.9573699951172,372.397055053711,1949.259017944336,1326.2874938964844,0.9037461876869202,cat
DATA_CLEAN/images/73bac86035182bff.jpg,352.11822509765625,52.66944885253906,1598.6502075195312,1050.9768676757812,0.8882980346679688,cat
DATA_CLEAN/images/73bee429452a7b0e(1).jpg,823.0745177268982,138.22306513786316,948.9682731628418,201.7310438156128,0.5642734169960022,cat
DATA_CLEAN/images/73bee429452a7b0e(1).jpg,683.0786137580872,169.65001547336578,809.1618993282318,233.43881452083588,0.5600261092185974,cat
DATA_CLEAN/images/73bee429452a7b0e(1).jpg,391.57033681869507,405.08540749549866,671.6343402862549,573.5588719844818,0.2710794508457184,cat
DATA_CLEAN/images/73c2e3fd3b24dd8e.jpg,198.0123092651367,264.99646224975584,1306.5652770996094,919.380990600586,0.9553439021110535,cat
DATA_CLEAN/images/73c43917248dfca0(1).jpg,378.77029266357425,86.0764045715332,2346.898370361328,1791.9373809814454,0.9260070323944092,cat
DATA_CLEAN/images/73d4c3425dbfb6f0.jpg,389.31905393600465,172.3918825149536,2116.4010314941406,3095.428649139404,0.9349730610847473,cat
DATA_CLEAN/images/73e278c24822aa67.jpg,1203.3224411010742,493.1918258666992,2542.696746826172,2127.7372436523438,0.9157325625419617,cat
DATA_CLEAN/images/743bd3c09eec1b49.jpg,250.05904483795166,143.3326072692871,1166.8236932754517,1505.6346378326416,0.9202026724815369,cat
DATA_CLEAN/images/743f9ff89422dcd5(1).jpg,0.0,412.95179748535156,1905.196176147461,1822.2635925292968,0.9278348684310913,cat
DATA_CLEAN/images/7458cf2babe6b386.jpg,537.3358244419097,370.05106801986693,720.7538620948791,561.4304474830627,0.8902021646499634,cat
DATA_CLEAN/images/7482cdfc6e0e749c.jpg,130.4807273864746,1150.3120086669921,2131.1861679077147,3036.0119674682614,0.8416610956192017,cat
DATA_CLEAN/images/74a3ae9e93ee1f77(1).jpg,427.7791500091553,93.78633499145508,1459.8203659057617,1111.2473487854004,0.9442518353462219,cat
DATA_CLEAN/images/74af8e397ad93c0d(1).jpg,582.6958602905273,78.56135482788086,2272.0,1696.1737060546875,0.9406505823135376,cat
DATA_CLEAN/images/74bbc1c5c8dbdc28.jpg,619.8847862243653,192.32467346191405,1779.339779663086,1570.0152343749999,0.915830135345459,cat
DATA_CLEAN/images/74d3c3b16e4cd4d4.jpg,276.20418548583984,173.48287582397458,1548.6899185180662,1026.2984561920166,0.9357810020446777,cat
DATA_CLEAN/images/750c0c605aa5fafd.jpg,155.75949275493622,61.10068488121033,675.468393445015,454.71646428108215,0.44931653141975403,cat
DATA_CLEAN/images/750c0c605aa5fafd.jpg,147.1734083890915,66.52639317512512,674.7078809738159,643.7403659820557,0.29230213165283203,cat
DATA_CLEAN/images/750f1508af81b1c2(1).jpg,2195.8374557495117,122.46330528259277,4912.0,3254.2824462890626,0.7652019262313843,cat
DATA_CLEAN/images/7563a5b64c82b0a1(1).jpg,597.4406719207764,346.2779998779297,765.172815322876,453.64346504211426,0.3755263686180115,cat
DATA_CLEAN/images/7563a5b64c82b0a1(1).jpg,603.3056259155273,348.73199462890625,763.9169692993164,453.7621021270752,0.2752454876899719,cat
DATA_CLEAN/images/75844eb5b62f6861.jpg,938.227938079834,789.1627326965332,4863.742451477051,2983.357802581787,0.955966591835022,cat
DATA_CLEAN/images/7584b4580e120d1d(1).jpg,766.2833267211914,323.71552734375,2959.7123474121095,2263.9701232910156,0.9044829607009888,cat
DATA_CLEAN/images/7595b8bc43e5261a(1).jpg,172.70408630371094,163.13125610351562,1285.2992248535156,1054.2478942871094,0.8895597457885742,cat
DATA_CLEAN/images/759ca185468be506.jpg,342.567626953125,307.98310546875,1604.5537109375,1525.9708984375,0.9200323820114136,cat
DATA_CLEAN/images/759da0553968463f.jpg,1081.754035949707,427.7326766967774,3568.866723632813,3450.4393249511722,0.9368776082992554,cat
DATA_CLEAN/images/759eb4807291e9a6.jpg,607.3841796875,278.22587890625,2048.0,1248.7783203125,0.9483621120452881,cat
DATA_CLEAN/images/75bf198db32a3766.jpg,1307.5446258544923,646.6945770263673,2585.6043914794923,1283.3746490478516,0.933828592300415,cat
DATA_CLEAN/images/75bf198db32a3766.jpg,285.9323112487793,628.1469291687013,989.0196281433106,1230.67088470459,0.8784719705581665,cat
DATA_CLEAN/images/75d3a876d2397d86(1).jpg,1136.1749267578125,533.9056640625,1488.00732421875,1063.074609375,0.9011827707290649,cat
DATA_CLEAN/images/75d3a876d2397d86(1).jpg,127.3203643798828,520.97373046875,468.09719238281247,1048.99013671875,0.8650702834129333,cat
DATA_CLEAN/images/762e84a3c22b99fa(1).jpg,435.29021606445315,0.0,3805.5210754394534,2254.950552368164,0.9474081993103027,cat
DATA_CLEAN/images/763d0af7baa43228.jpg,86.77677850723266,45.743159770965576,3182.239071655273,2025.384222126007,0.9412007331848145,cat
DATA_CLEAN/images/763df0627c5215fb(1).jpg,0.0,21.61483483314514,808.0709167480468,725.6796131134033,0.9436348676681519,cat
DATA_CLEAN/images/764b451accb8ad06(1).jpg,296.2038116455078,142.32808685302734,715.8230438232422,479.82435607910156,0.28586578369140625,cat
DATA_CLEAN/images/76593c9561af8958.jpg,1055.263355255127,529.7774311065674,2148.9187156677244,1752.78692779541,0.830703616142273,cat
DATA_CLEAN/images/76593c9561af8958.jpg,1908.4389656066894,916.736929321289,2621.61649017334,1772.8484436035155,0.7583426237106323,cat
DATA_CLEAN/images/767cdebf61609a10.jpg,140.63270568847656,96.77261352539062,1600.0,1502.0097351074219,0.9173994064331055,cat
DATA_CLEAN/images/7683d6555a6c7bb4.jpg,0.0,337.5734375,1274.371484375,1258.5873046875,0.9399818181991577,cat
DATA_CLEAN/images/768ba196eb6d33e9(1).jpg,1326.3771057128906,481.31580352783203,3037.56103515625,1705.540657043457,0.9145945310592651,cat
DATA_CLEAN/images/7693ccf91463746e.jpg,376.1327766418457,106.96515464782715,3863.9720596313477,2889.6772743225097,0.9453251361846924,cat
DATA_CLEAN/images/76f7763688131241.jpg,205.72731018066406,765.5339050292969,803.2730865478516,1197.5791931152344,0.9043763875961304,cat
DATA_CLEAN/images/76f7763688131241.jpg,1065.9742736816406,273.8751983642578,1474.0744018554688,797.003173828125,0.2980765700340271,cat
DATA_CLEAN/images/771f6424b2597346(1).jpg,0.0,130.52886085510252,3637.1859512329097,4148.708882904052,0.8814760446548462,cat
DATA_CLEAN/images/772419ba2dc6a630.jpg,5.508630752563477,78.5815315246582,1080.0,941.0236015319824,0.9389979839324951,cat
DATA_CLEAN/images/7731a0e2eaad1ff9.jpg,271.347021484375,131.5814453125,721.7380859375,559.173681640625,0.9101646542549133,cat
DATA_CLEAN/images/7731cb0ea081ba65.jpg,72.67373657226562,978.248405456543,3938.2327880859375,2834.057373046875,0.8851314187049866,cat
DATA_CLEAN/images/7735cea258fd2ff9.jpg,425.679931640625,439.82342529296875,1671.6368408203125,1427.68212890625,0.7015371322631836,cat
DATA_CLEAN/images/774197d29fe1bf3f.jpg,2.36875,87.8281005859375,1024.0,709.20927734375,0.9446574449539185,cat
DATA_CLEAN/images/77642d22c7547b58.jpg,332.94122314453125,806.6467529296874,1541.8110717773436,1733.5057983398438,0.9104692339897156,cat
DATA_CLEAN/images/77733e097cd6efa2.jpg,801.9965999603271,82.65473208427429,3854.1569118499756,2588.5517868041993,0.9140217900276184,cat
DATA_CLEAN/images/777dd56565629beb.jpg,238.1090515136719,219.34690246582034,5184.0,3391.284704589844,0.9030700325965881,cat
DATA_CLEAN/images/77be494be52a9280.jpg,49.20982360839844,188.8271713256836,1459.7935485839844,1079.969482421875,0.9107208251953125,cat
DATA_CLEAN/images/77c131e3d8044a73.jpg,607.0414896011353,1102.7419529914855,1702.1755449295044,2925.832201385498,0.3774861991405487,cat
DATA_CLEAN/images/77c9b8ac70ffc74a(1).jpg,111.1313247680664,678.7596893310547,934.1062164306641,988.9331817626953,0.8149832487106323,cat
DATA_CLEAN/images/77cbf733adc7f446.jpg,1037.278003692627,276.47385120391846,3300.0,2081.5854263305664,0.9085798263549805,cat
DATA_CLEAN/images/77cbf733adc7f446.jpg,3.428635597229004,460.34432888031006,1444.616403579712,1784.4776058197021,0.8984376192092896,cat
DATA_CLEAN/images/77fb01d69efe351a.jpg,0.0,277.99763374328614,4083.6885955810544,2896.295223999023,0.9145694375038147,cat
DATA_CLEAN/images/7808318fc079031f.jpg,284.2344665527344,84.96650695800781,939.2674255371094,1188.3621215820312,0.926461935043335,cat
DATA_CLEAN/images/78096cbaf2526d44.jpg,378.933748626709,348.23943786621095,2009.2623733520509,1446.1523162841797,0.9326232671737671,cat
DATA_CLEAN/images/781735683a4d5b34.jpg,493.4708418846131,401.87039966583257,997.4016597747803,840.4227882385254,0.7440291047096252,cat
DATA_CLEAN/images/783a81fdfde29bf3.jpg,1463.8322692871093,262.2718475341797,2527.94365234375,1135.1866912841797,0.7906738519668579,cat
DATA_CLEAN/images/7847784e96b31779.jpg,1245.7055786132812,1334.295588684082,2274.6390655517575,2362.298959350586,0.8911318182945251,cat
DATA_CLEAN/images/7874de01e164adb6.jpg,812.2434997558594,306.63848876953125,2209.830093383789,1598.8142395019531,0.6603376269340515,cat
DATA_CLEAN/images/7874de01e164adb6.jpg,1332.3883438110352,295.6497001647949,2196.254653930664,1586.8167114257812,0.36192166805267334,cat
DATA_CLEAN/images/7876af044cb9fc12.jpg,645.1713500976563,382.4334228515625,1740.6895385742187,1030.165686035156,0.9283813238143921,cat
DATA_CLEAN/images/7879577d29613142(1).jpg,504.5788784265518,61.9309246301651,2625.1055348396303,2039.3334085464478,0.8848415613174438,cat
DATA_CLEAN/images/7879577d29613142(1).jpg,523.0367104053497,57.07432472705841,2611.4414245605467,2051.0255610466,0.7723210453987122,cat
DATA_CLEAN/images/7884b13b259e64d2.jpg,560.517079925537,1476.3555351257323,1322.1825691223144,1904.285151672363,0.9132663011550903,cat
DATA_CLEAN/images/78914b40c9b5917b.jpg,1487.2456329345703,1790.464196777344,1844.2909240722656,2307.6236206054687,0.3090541958808899,cat
DATA_CLEAN/images/78b8680e1d25005f.jpg,999.978369140625,805.9935791015624,2223.242724609375,1946.8145507812499,0.9129261374473572,cat
DATA_CLEAN/images/78be096f20e1767e.jpg,264.072961807251,165.7925534248352,991.1914157867432,797.0608520507812,0.5702837705612183,cat
DATA_CLEAN/images/78be096f20e1767e.jpg,267.75389671325684,176.16259574890137,977.7010631561279,796.6530704498291,0.48032715916633606,cat
DATA_CLEAN/images/78e93705d3e48967(1).jpg,89.43660492897034,12.784348821640014,1283.0,910.8151562690734,0.942568302154541,cat
DATA_CLEAN/images/78f1bfc50a8b10ab.jpg,246.81786012649536,131.95350456237793,602.4453439712524,350.70894742012024,0.951088011264801,cat
DATA_CLEAN/images/7905bb854759cf00.jpg,522.8979354858399,107.67547760009766,2276.353436279297,2448.0,0.8902687430381775,cat
DATA_CLEAN/images/792a53a059ec6d29.jpg,432.7361206054688,381.63869018554686,3106.045056152344,1884.8929504394532,0.9161273241043091,cat
DATA_CLEAN/images/7935f7fd2f6312c8(1).jpg,593.3684703826905,566.3392175674438,764.0445659637451,985.9890495300293,0.7436544895172119,cat
DATA_CLEAN/images/793facaea815b5e1.jpg,116.72674770355225,184.86950154304506,1163.2612266540527,760.0209102630615,0.9268799424171448,cat
DATA_CLEAN/images/794675b3704d3a16(1).jpg,0.0,938.2609710693359,2719.8795715332035,3715.4981628417972,0.8577491641044617,cat
DATA_CLEAN/images/7953f905a9a23e37.jpg,187.29134902954104,73.25084838867188,3504.0,2319.2446197509767,0.9502268433570862,cat
DATA_CLEAN/images/7968ce0e200a9651.jpg,443.1595458984375,463.2615608215332,3872.0,2581.8869812011717,0.589537501335144,cat
DATA_CLEAN/images/796ba91b6f953f3b.jpg,633.6416931152344,499.50216827392575,1353.3524276733397,1197.9233894348145,0.8818475008010864,cat
DATA_CLEAN/images/798b5ef6fd782dc9.jpg,247.693359375,283.357177734375,1798.3376953125,1257.7244140625,0.9631080031394958,cat
DATA_CLEAN/images/79a0a36284a0483a.jpg,1354.0348388671875,157.1073211669922,3538.6400390625004,3445.9903564453125,0.8931808471679688,cat
DATA_CLEAN/images/79c18a1dfbac21e2.jpg,998.3090972900391,309.68143463134766,1350.8094787597656,869.7484588623047,0.8974884152412415,cat
DATA_CLEAN/images/79db85c71f65be62.jpg,156.60943603515625,56.02093505859375,1278.9239501953125,917.5205078125,0.6050287485122681,cat
DATA_CLEAN/images/7a0c5e69538d2371.jpg,197.0476501464844,860.3093948364258,2261.346450805664,2684.4836059570316,0.9213385581970215,cat
DATA_CLEAN/images/7a21e50c51508a3a(1).jpg,817.7075386047363,984.6608734130859,1348.7702178955078,1361.3029861450195,0.8869685530662537,cat
DATA_CLEAN/images/7a530d3c1cae89b9.jpg,248.4316196203232,302.006629896164,966.9821819305421,887.4796026229859,0.9404182434082031,cat
DATA_CLEAN/images/7a58674143cb2784(1).jpg,118.99829034805299,56.620760035514834,1186.9518648147584,820.9945850372314,0.8412845134735107,cat
DATA_CLEAN/images/7a6349bfaf45bf2b.jpg,98.84111328125,66.274072265625,2047.1095703125,1536.0,0.944195032119751,cat
DATA_CLEAN/images/7a900f2b2bd8f2b5.jpg,680.582275390625,1652.956298828125,1586.0450439453125,2396.745849609375,0.9244493246078491,cat
DATA_CLEAN/images/7abcc7ad0f0bf5e7(1).jpg,604.403369140625,334.3283203125,2048.0,1444.364453125,0.5593249797821045,cat
DATA_CLEAN/images/7abcc7ad0f0bf5e7(1).jpg,612.5376953125,335.396484375,1307.1912109375,1432.642578125,0.43139025568962097,cat
DATA_CLEAN/images/7ac566b6cf14b06f.jpg,455.82719564437866,239.66672658920288,899.683198928833,740.1657056808472,0.8938242197036743,cat
DATA_CLEAN/images/7ad7e9c7b18fc43e.jpg,79.64904136657714,107.36964817047118,1367.5228652954102,1220.668984222412,0.9247040748596191,cat
DATA_CLEAN/images/7aea68156b32b4e1.jpg,84.68743896484375,79.62643432617188,573.171142578125,445.7288818359375,0.9173046946525574,cat
DATA_CLEAN/images/7af4681a7185c224(1).jpg,405.97362518310547,1006.8519592285156,2121.4609146118164,2375.4867553710938,0.763479471206665,cat
DATA_CLEAN/images/7b118e87f31ad840.jpg,0.0,139.31886596679686,2135.0153717041017,1694.6242645263671,0.9471089839935303,cat
DATA_CLEAN/images/7b21314072205ff8.jpg,2283.676289367676,893.301075744629,4592.0,2866.729559326172,0.9513814449310303,cat
DATA_CLEAN/images/7b49f5c496a6d423.jpg,494.5145774841308,580.6841430664062,1639.0100173950195,1462.7441970825193,0.8963710069656372,cat
DATA_CLEAN/images/7b7ede4d68ca8e91.jpg,1074.555322265625,701.943310546875,1252.339306640625,926.4292236328124,0.3710893392562866,cat
DATA_CLEAN/images/7b9cd58e7fda0c60.jpg,0.0,194.08567657470704,1834.715661621094,1616.1312927246095,0.7135842442512512,cat
DATA_CLEAN/images/7b9cd58e7fda0c60.jpg,1536.5223907470704,223.99455871582032,3260.1342224121095,1760.81982421875,0.4865042567253113,cat
DATA_CLEAN/images/7b9cd58e7fda0c60.jpg,49.7810302734375,181.899169921875,3250.9611328125,1658.0923645019532,0.3534662127494812,cat
DATA_CLEAN/images/7ba9ed6dbf250448.jpg,414.580989074707,227.6028305053711,1632.0,760.8653549194336,0.8169845342636108,cat
DATA_CLEAN/images/7bb2948c7c0d4a04.jpg,0.0,0.0,2486.47705078125,2107.68486328125,0.9444825649261475,cat
DATA_CLEAN/images/7bc760e1da2500a0.jpg,178.55221710205078,715.1227844238281,2154.4770080566404,2164.158416748047,0.922223687171936,cat
DATA_CLEAN/images/7bcb760eb96f4acc.jpg,605.357470703125,470.042529296875,1272.144140625,987.13837890625,0.5395122170448303,cat
DATA_CLEAN/images/7be57318c94f983a.jpg,1705.5293842315675,940.1760223388673,2378.112596988678,1657.7012105941774,0.9233261346817017,cat
DATA_CLEAN/images/7bf13c4f918a2e00.jpg,1106.569482421875,276.49716796875,1933.325830078125,1401.655810546875,0.9030640125274658,cat
DATA_CLEAN/images/7c3ab7d5d8bbbf78.jpg,132.35843181610107,128.72371673583984,1289.5255851745605,775.4819869995117,0.8684184551239014,cat
DATA_CLEAN/images/7c3e9fc2783db1d3.jpg,24.87630844116211,60.68037414550781,1056.1141090393066,1080.0,0.31557154655456543,cat
DATA_CLEAN/images/7c481f9e7e2decce(1).jpg,761.4334945678711,122.62540512084962,1728.6115127563478,1820.0315368652346,0.8767086267471313,cat
DATA_CLEAN/images/7c5a8ac6e1859537(1).jpg,628.0534805297851,898.9667556762695,1333.5359191894531,1358.147035217285,0.9213565587997437,cat
DATA_CLEAN/images/7c5a8ac6e1859537(1).jpg,1291.3213836669922,305.31895904541017,1748.238928222656,675.9089279174805,0.9145424365997314,cat
DATA_CLEAN/images/7c626963e7cf3a31.jpg,0.0,331.9535446166992,1790.1902770996094,1635.4006690979004,0.9460922479629517,cat
DATA_CLEAN/images/7c68d3d8611c17c5.jpg,238.9198425292969,225.34395446777344,1413.9516357421876,2261.538720703125,0.87989342212677,cat
DATA_CLEAN/images/7c785bcbc87a3984.jpg,826.6381820678711,670.4516166687011,1265.2040561676026,1130.4094230651856,0.8652349710464478,cat
DATA_CLEAN/images/7c873aedb2addbb5.jpg,0.0,23.92503356933594,1729.7755798339845,2444.952087402344,0.9212000370025635,cat
DATA_CLEAN/images/7ca0f0c1a663a238.jpg,495.67943572998047,2.227677154541016,2677.8819259643556,1778.5225593566895,0.9030588865280151,cat
DATA_CLEAN/images/7ca96bbcdfdad099.jpg,0.0,2.4048095703125,983.87392578125,629.2236328125,0.9149050116539001,cat
DATA_CLEAN/images/7ce3469274a1625e.jpg,1409.5172138214111,956.4828729629517,2215.6618795394897,1617.8074951171875,0.906682014465332,cat
DATA_CLEAN/images/7ce43150ab44efa5(1).jpg,1086.657582092285,688.3663055419922,3264.0,2139.174206542969,0.9538697004318237,cat
DATA_CLEAN/images/7cf735bd5278bbe6.jpg,695.79267578125,188.591015625,1454.448046875,1165.4888671875,0.8421809673309326,cat
DATA_CLEAN/images/7d0501b2a4ff401b.jpg,311.7759475708008,54.507730865478514,3767.8265625,2752.998550415039,0.9337234497070312,cat
DATA_CLEAN/images/7d27aa54588df72f(1).jpg,311.0701416015625,221.05966796875,702.5107421875,541.08681640625,0.682959794998169,cat
DATA_CLEAN/images/7d32c1a4f7658695(1).jpg,384.5726441860199,630.3373867034912,763.5184387207031,958.4329095840454,0.9454942345619202,cat
DATA_CLEAN/images/7d59d9ee4acaed71.jpg,654.168310546875,399.86728515625,795.8634765625,752.7291015625,0.8146250247955322,cat
DATA_CLEAN/images/7d9a72d96c246b98.jpg,134.610458278656,47.85590329170227,1445.8507312774657,1040.7782215118407,0.952643632888794,cat
DATA_CLEAN/images/7dbf736ebd22012f.jpg,327.52920854091644,284.40778136253357,581.5943999290466,684.6637845039368,0.6625311374664307,cat
DATA_CLEAN/images/7de15a5d892505c6.jpg,226.705224609375,210.39265136718748,1373.3670410156249,884.1585937499999,0.8741088509559631,cat
DATA_CLEAN/images/7ded375627a1b515.jpg,25.2330078125,311.22314453125,619.502734375,685.780224609375,0.9500771760940552,cat
DATA_CLEAN/images/7deef2d7713c7044(1).jpg,2349.644349861145,809.8917717218399,4119.0,2583.948574876785,0.8965345621109009,cat
DATA_CLEAN/images/7deef2d7713c7044(1).jpg,1.3805604457855225,739.7468683719635,1960.5655305862426,2732.9338108062743,0.7809199690818787,cat
DATA_CLEAN/images/7deef2d7713c7044(1).jpg,1534.465929222107,32.07313549518585,3141.5781314849855,2297.0671714782716,0.50816810131073,cat
DATA_CLEAN/images/7df7931c52300194(1).jpg,83.5848617553711,10.333061218261719,997.9116821289062,1169.8269653320312,0.9159246683120728,cat
DATA_CLEAN/images/7e0a015a2c83f715.jpg,1188.7513824462892,950.672982788086,1512.842596435547,1177.997525024414,0.8715541362762451,cat
DATA_CLEAN/images/7e3f45cab97f8b47(1).jpg,270.027453994751,4.201237010955811,1980.6316684722901,1754.707811355591,0.9423232078552246,cat
DATA_CLEAN/images/7e49c91a414ff3a7.jpg,355.5797576904297,99.23095703125,3000.0,3822.8439331054688,0.9404717087745667,cat
DATA_CLEAN/images/7e55da9fddaf18d3(1).jpg,1498.8776893615723,1017.2237537384034,3192.464945983887,1897.301856994629,0.9177277088165283,cat
DATA_CLEAN/images/7e65a9e91f38c0b8.jpg,593.165283203125,220.06085205078125,2348.200439453125,1382.698486328125,0.9064419269561768,cat
DATA_CLEAN/images/7e6c528650ef3cd3.jpg,1.627802276611328,212.46563110351562,2585.134646606445,2587.0865692138673,0.9451891183853149,cat
DATA_CLEAN/images/7e707e5b1c0775ba.jpg,36.02628402709961,1532.2819564819335,1378.033081817627,2475.966192626953,0.7722949385643005,cat
DATA_CLEAN/images/7e712cc252a6e475.jpg,1820.5183593749998,581.8204833984374,3072.0,2297.3053710937497,0.9199657440185547,cat
DATA_CLEAN/images/7e712cc252a6e475.jpg,278.09227294921874,124.4275634765625,1044.00380859375,1204.8685546875,0.8707101941108704,cat
DATA_CLEAN/images/7e712cc252a6e475.jpg,680.213525390625,509.441015625,2106.731982421875,1608.9392578124998,0.5511558055877686,cat
DATA_CLEAN/images/7e8104b0826a8587.jpg,316.9005584716797,378.84742736816406,766.3194274902344,1302.2480773925781,0.7503101825714111,cat
DATA_CLEAN/images/7e95c3058f667f57.jpg,1298.5083572387696,175.08359298706054,2155.5169921875,1424.1762451171876,0.8600852489471436,cat
DATA_CLEAN/images/7eac033eed008a68.jpg,1210.978207397461,895.4993133544922,4729.24906616211,2823.804406738281,0.9209164381027222,cat
DATA_CLEAN/images/7eb60ed9f6f0df77.jpg,501.7437934875488,1786.0435485839844,2925.416946411133,3289.6957397460938,0.90919029712677,cat
DATA_CLEAN/images/7ecf111fb8d4e32a(1).jpg,644.7705720424652,456.50972557067877,1355.3534835338594,1078.7796514034271,0.8201115727424622,cat
DATA_CLEAN/images/7ee1485909c59826.jpg,2.6999656677246096,0.4494964599609375,1905.4931533813476,743.8170776367188,0.9257760047912598,cat
DATA_CLEAN/images/7ee51b4dbc37988f(1).jpg,283.0178242206573,787.7694637298583,2716.1851435661315,1872.101478052139,0.9646604061126709,cat
DATA_CLEAN/images/7efdcc9aaabdccba.jpg,2.57039909362793,681.9646656990052,2010.3835281372071,2913.362261581421,0.9038605690002441,cat
DATA_CLEAN/images/7f0611a83bc8bc48.jpg,1505.8419250488282,510.2950927734375,2215.698486328125,1534.920391845703,0.885076105594635,cat
DATA_CLEAN/images/7f08dd6262376191.jpg,1125.160170507431,12.645948314666748,3804.403307533264,2507.6334686279297,0.49436306953430176,cat
DATA_CLEAN/images/7f08dd6262376191.jpg,424.7313846588135,34.51305627822876,3678.976801300049,2472.7885402679444,0.3638067841529846,cat
DATA_CLEAN/images/7f08dd6262376191.jpg,481.3778120040894,83.12520861625671,2079.504996871948,2397.9800897598266,0.32710838317871094,cat
DATA_CLEAN/images/7f1e74a51258fe92.jpg,15.61474609375,48.462493896484375,640.0,468.43682861328125,0.7782040238380432,cat
DATA_CLEAN/images/7f2609892e0581f6.jpg,1507.3914733886718,530.4286376953125,3264.0,2145.2673431396483,0.6639173030853271,cat
DATA_CLEAN/images/7f2609892e0581f6.jpg,1553.1258728027344,530.6297241210938,3264.0,2421.076208496094,0.36939871311187744,cat
DATA_CLEAN/images/7f35a17abdbb6d27.jpg,0.0,280.94539031982424,1610.996820831299,3794.6962463378904,0.7870217561721802,cat
DATA_CLEAN/images/7f3d3a4d36afaf69.jpg,1147.8802001953125,380.916796875,2319.5244140625,1640.4729492187498,0.9098964929580688,cat
DATA_CLEAN/images/7f62db0c4b0d4296.jpg,894.8474636077881,505.90583953857424,3239.810197448731,1999.186859893799,0.9139379262924194,cat
DATA_CLEAN/images/7f88d1dff2faca0b.jpg,206.913330078125,123.86349487304688,750.4869384765625,648.9000244140625,0.9324213266372681,cat
DATA_CLEAN/images/7fa93de2ab6e4e18(1).jpg,869.022681427002,449.60784301757815,1554.9424255371096,980.3279113769531,0.8682888150215149,cat
DATA_CLEAN/images/7fadcd28c249c7b9.jpg,354.6269530296326,0.0,2047.0,1271.5477690696716,0.8754359483718872,cat
DATA_CLEAN/images/7fdccde30378d4a8.jpg,538.0973602294922,345.8716094970703,3648.0,2652.3532653808597,0.9461135864257812,cat
DATA_CLEAN/images/7fe8efbcda269f77.jpg,,,,,,
DATA_CLEAN/images/7ff27188fe81c8eb.jpg,7.574951171875,269.2037109375,2174.245861816406,1542.1902893066406,0.9565187692642212,cat
DATA_CLEAN/images/8001f497801d4ab9(1).jpg,115.8308349609375,352.01875,569.758447265625,616.71796875,0.8915649652481079,cat
DATA_CLEAN/images/8001f497801d4ab9(1).jpg,402.981103515625,215.83955078125,897.1650390625,562.933642578125,0.547008752822876,cat
DATA_CLEAN/images/8001f497801d4ab9(1).jpg,401.36357421875,216.743212890625,897.737890625,587.64169921875,0.47328123450279236,cat
DATA_CLEAN/images/800c5944167d1214.jpg,492.2236862182617,134.47376861572266,2592.0,1919.270379638672,0.8078612089157104,cat
DATA_CLEAN/images/802271511213ec11.jpg,360.6237144470215,475.21085586547855,2284.7087219238283,1407.890396118164,0.955628514289856,cat
DATA_CLEAN/images/803996ef89d9aef4(1).jpg,835.713232421875,1041.4121032714843,1552.2560180664063,2467.6726043701174,0.9206627607345581,cat
DATA_CLEAN/images/803996ef89d9aef4(1).jpg,1571.1319122314453,1413.1098327636719,2251.078547668457,2471.9585083007814,0.9019776582717896,cat
DATA_CLEAN/images/8048e5876655045f.jpg,805.7402271270752,466.68876762390136,2288.0,1663.0819702148435,0.7984526753425598,cat
DATA_CLEAN/images/808a269c1d70e8a5(1).jpg,1608.5706687927245,651.5579429626465,3451.7665420532226,3732.767385864258,0.8549675941467285,cat
DATA_CLEAN/images/80a4a5f94a67e240.jpg,118.03893489837647,89.63615999221801,2052.05780172348,2349.2104603767393,0.9109572172164917,cat
DATA_CLEAN/images/80b43932ceabfdc7.jpg,398.5811996459961,482.6042175292969,870.494384765625,1011.0495758056641,0.8533936738967896,cat
DATA_CLEAN/images/80b7f713946dd8a2.jpg,26.261181163787846,0.0,1645.8531103134158,1532.369004249573,0.857752799987793,cat
DATA_CLEAN/images/80b7f713946dd8a2.jpg,963.7509722232819,3.1614670515060426,2424.9049356460573,1390.2757380485536,0.8474847078323364,cat
DATA_CLEAN/images/80bdb48591ded654.jpg,1739.9200149536134,1183.1117675781252,2938.868267822266,2159.883367919922,0.9118045568466187,cat
DATA_CLEAN/images/80be9f5864cf642f.jpg,951.652261018753,1871.044706106186,2071.4009058475494,2793.634488582611,0.8770384192466736,cat
DATA_CLEAN/images/80e157399849c3d5.jpg,71.12352447509765,1108.3877666473388,1952.8466302871702,3140.150890731811,0.7835702896118164,cat
DATA_CLEAN/images/80f306a0ccc4534b.jpg,1100.6306648254395,577.5056838989258,3650.7102966308594,2439.9246215820312,0.9184253215789795,cat
DATA_CLEAN/images/8142443f709aa9f6(1).jpg,,,,,,
DATA_CLEAN/images/8158ccc16d47c1be.jpg,2114.3522186279297,392.709285736084,3341.811538696289,1851.6223526000977,0.5956331491470337,cat
DATA_CLEAN/images/8158ccc16d47c1be.jpg,2117.4382095336914,401.1462707519531,3994.014633178711,1860.4774017333984,0.5430335402488708,cat
DATA_CLEAN/images/8161181efe7e172f.jpg,1280.116796875,467.140283203125,1895.59609375,1067.88984375,0.9165904521942139,cat
DATA_CLEAN/images/8161181efe7e172f.jpg,790.5154296875,552.91943359375,1193.75771484375,1049.16875,0.8918160200119019,cat
DATA_CLEAN/images/818c36d0b603e096.jpg,700.4458618164062,673.0307006835938,3200.0,2351.2841796875,0.9420558214187622,cat
DATA_CLEAN/images/8190860c169eb595.jpg,794.5404029846192,785.2675369262696,1479.2759719848634,1327.6114562988282,0.9195674657821655,cat
DATA_CLEAN/images/81a1a1e8069ede62.jpg,0.0,356.0689375400543,3546.9595888614654,3270.692730331421,0.9281652569770813,cat
DATA_CLEAN/images/81b71bb294342c65.jpg,270.5671630859375,98.7472412109375,573.4033203125,667.588330078125,0.7363028526306152,cat
DATA_CLEAN/images/81f1cbd05b7e2b48.jpg,281.88681640625,410.4841796875,348.467578125,583.242431640625,0.61081862449646,cat
DATA_CLEAN/images/81f3d1aae7e72111.jpg,1701.2673614501953,1417.1690002441405,2347.6125869750977,1677.111385345459,0.4724830985069275,cat
DATA_CLEAN/images/81f5e430c72274ad(1).jpg,533.1354057312012,156.23843307495116,1436.7276489257813,1123.830010986328,0.28563183546066284,cat
DATA_CLEAN/images/81f5e430c72274ad(1).jpg,5.940142822265625,141.01847076416016,1492.1811218261719,1166.9823486328125,0.26927560567855835,cat
DATA_CLEAN/images/81faf530b61e9f64.jpg,365.0338718414307,43.480115032196046,1135.355011367798,725.1923627853394,0.8923786878585815,cat
DATA_CLEAN/images/82057577d0ab1d59(1).jpg,739.2848205566406,420.89881896972656,1015.8368682861328,753.7808990478516,0.9142944812774658,cat
DATA_CLEAN/images/8217cd9948ea367d.jpg,78.774072265625,211.42099609375,1405.2943359375,1275.14873046875,0.3687582015991211,cat
DATA_CLEAN/images/821ec1db5435bc1b.jpg,5.060986328125,278.188525390625,911.46572265625,747.94033203125,0.9526335000991821,cat
DATA_CLEAN/images/82268fc614b64ec9.jpg,326.49402618408203,320.6616163253784,589.2131805419922,843.2092666625977,0.9225503206253052,cat
DATA_CLEAN/images/82277b05ab1f943a.jpg,646.3715362548828,215.09681701660156,1600.0,933.0158996582031,0.8247787952423096,cat
DATA_CLEAN/images/8257c0fdd0105981.jpg,37.40419340133667,218.9921721458435,887.1218097686767,585.1817080497742,0.9284164309501648,cat
DATA_CLEAN/images/8259ee687ec87101.jpg,75.84953742027282,110.12223644256592,1349.632761669159,1100.6331942558288,0.9332751035690308,cat
DATA_CLEAN/images/826799a0e4707d3d.jpg,4.1070556640625,439.627734375,699.9024169921875,1343.156396484375,0.6884649991989136,cat
DATA_CLEAN/images/826799a0e4707d3d.jpg,0.44267578124999996,439.8492553710937,698.9637451171875,1340.00537109375,0.30814796686172485,cat
DATA_CLEAN/images/82aa430aa365493e.jpg,4.972163391113281,29.577957153320312,2116.096829223633,1195.2108032226563,0.9221868515014648,cat
DATA_CLEAN/images/82b9791252e2a086(1).jpg,416.7154937982559,441.79215002059937,719.2558801174164,775.5496251583099,0.8654686212539673,cat
DATA_CLEAN/images/82c27bf7a65619b5.jpg,90.261474609375,239.272998046875,841.17861328125,535.2349609375,0.9241342544555664,cat
DATA_CLEAN/images/82c6554f66673bc7.jpg,973.8646240234375,991.0841674804688,1301.7003173828125,1382.87841796875,0.6232970356941223,cat
DATA_CLEAN/images/82c8f64232604e7b.jpg,1068.660008239746,489.63694152832034,1600.7563201904297,1535.431530761719,0.917580246925354,cat
DATA_CLEAN/images/82e1aca352e5e997.jpg,902.1611381530761,654.9250564575195,1609.4933837890624,1339.3255783081054,0.7357500195503235,cat
DATA_CLEAN/images/82e1aca352e5e997.jpg,560.3995895385742,861.4730224609375,1128.4712005615233,1341.9301177978516,0.6864728927612305,cat
DATA_CLEAN/images/82f78fda7882deb9.jpg,207.74080810546877,137.67379760742188,3456.0,2304.0,0.9397891759872437,cat
DATA_CLEAN/images/831ac033affa239d(1).jpg,118.26481628417969,6.650360107421875,522.8016357421875,601.54736328125,0.9160466194152832,cat
DATA_CLEAN/images/833eea543fd65ac5.jpg,161.15955047607423,753.0703170776368,690.5467025756836,1137.2892471313478,0.5763612985610962,cat
DATA_CLEAN/images/833eea543fd65ac5.jpg,140.82490310668945,738.1207763671875,698.4309951782227,1138.1790023803712,0.36502283811569214,cat
DATA_CLEAN/images/8350c43a0df1d32a.jpg,2.3064872741699216,224.66219787597655,1030.7092529296874,985.4526794433593,0.8658419847488403,cat
DATA_CLEAN/images/835ce6f7d6bcc09e(1).jpg,762.31376953125,773.5703475952149,3251.2996215820312,2348.5984771728517,0.9654585123062134,cat
DATA_CLEAN/images/8369b76a171b7f08.jpg,1519.4403834342957,1253.223551750183,2401.558958053589,1850.0427827835083,0.9320178627967834,cat
DATA_CLEAN/images/837cfc7692cbc38f(1).jpg,113.120458984375,51.3478515625,670.211962890625,637.13212890625,0.9367192983627319,cat
DATA_CLEAN/images/838d517b971d710b.jpg,403.1944155693054,589.0841960906982,3110.050048828125,2442.7632236480713,0.9493070840835571,cat
DATA_CLEAN/images/83916d9d93a038e1.jpg,524.93994140625,152.4608154296875,1008.6629638671875,1042.96630859375,0.8251733779907227,cat
DATA_CLEAN/images/83b786826da0bd21.jpg,528.3164672851562,352.5850830078125,1139.556640625,959.633544921875,0.9392260909080505,cat
DATA_CLEAN/images/83b786826da0bd21.jpg,1.0006866455078125,371.43853759765625,265.8218994140625,726.6987915039062,0.8366396427154541,cat
DATA_CLEAN/images/83de45452e231895.jpg,614.617919921875,504.95738983154297,4000.0,2937.399673461914,0.9288582801818848,cat
DATA_CLEAN/images/83e0e23c98354b90(1).jpg,633.480170059204,120.4377052307129,1426.473885345459,1286.3779266357421,0.9378561973571777,cat
DATA_CLEAN/images/83f87de1038b5b56.jpg,3.4503395080566404,22.810240173339842,1478.4526363372802,1609.9564140319824,0.9367255568504333,cat
DATA_CLEAN/images/84085153ccda195b.jpg,21.99481201171875,18.95257568359375,626.2989501953125,640.0,0.899491548538208,cat
DATA_CLEAN/images/8426870da9605a75(1).jpg,843.9722165107727,239.59915630817412,2246.438495063782,1933.227916431427,0.9424508810043335,cat
DATA_CLEAN/images/84464b02dfa03af4(1).jpg,355.01375885009764,512.5630470275879,1493.6440826416015,1475.0197998046874,0.9273897409439087,cat
DATA_CLEAN/images/845564b8aafd2f4b.jpg,16.9929931640625,156.4671203613281,1971.4891113281249,1721.17529296875,0.8454083204269409,cat
DATA_CLEAN/images/8457ad444bb5f6e5.jpg,176.13739013671875,503.4891128540039,598.7195205688477,1043.8861083984375,0.8735742568969727,cat
DATA_CLEAN/images/846b4e28abaf385d.jpg,773.952734375,521.41640625,1141.1416015625,1187.60751953125,0.43875643610954285,cat
DATA_CLEAN/images/8476e2b3b742471d.jpg,353.51104736328125,3.707916259765625,927.1041259765625,732.6292724609375,0.9491267204284668,cat
DATA_CLEAN/images/8487b3e94e8d5fe0.jpg,0.0,102.60891857147217,2338.6079738616945,2022.970226287842,0.8947718143463135,cat
DATA_CLEAN/images/84a27c00612e54fd.jpg,0.0,30.356298828125,768.86806640625,666.993359375,0.9462686777114868,cat
DATA_CLEAN/images/84b704118d8762c9(1).jpg,280.422314453125,333.307666015625,715.05078125,1021.039453125,0.6356633901596069,cat
DATA_CLEAN/images/84b704118d8762c9(1).jpg,131.1115234375,340.7882080078125,717.0,1022.21875,0.4584505259990692,cat
DATA_CLEAN/images/84d7ac9ce88fb3d2.jpg,124.90990238189697,191.71478490829466,1713.1378070831297,1130.5687282562255,0.9402256011962891,cat
DATA_CLEAN/images/84dbf002a8628c8a.jpg,0.0,2.057464599609375,1940.13720703125,1445.08271484375,0.9392266869544983,cat
DATA_CLEAN/images/84e321a6d5a8432b.jpg,0.8107818603515625,20.05982894897461,2805.256622314453,1833.7637260437011,0.9254752397537231,cat
DATA_CLEAN/images/84ec76b89d2e389c.jpg,344.852783203125,898.6833251953125,1018.9710937499999,1738.25185546875,0.8919248580932617,cat
DATA_CLEAN/images/85115c2ff0092cca.jpg,1080.8901580810548,1435.7762145996094,2572.16953125,2354.939831542969,0.8875340223312378,cat
DATA_CLEAN/images/851fed0ded6fb910.jpg,154.1101173400879,182.89753189086912,1436.8900177001954,946.8069274902343,0.8309232592582703,cat
DATA_CLEAN/images/8543330e44c62680.jpg,31.50660095214844,1099.917691040039,1619.44921875,1937.843115234375,0.8495172262191772,cat
DATA_CLEAN/images/8543330e44c62680.jpg,561.3120574951172,1671.3195556640626,1920.7834533691407,3264.0,0.7559722661972046,cat
DATA_CLEAN/images/8543330e44c62680.jpg,169.672119140625,155.92898254394532,2448.0,2995.014532470703,0.5934112071990967,cat
DATA_CLEAN/images/8545321fed28c14a.jpg,0.0,700.2428770065308,1664.1749382019043,1569.938850402832,0.691805362701416,cat
DATA_CLEAN/images/8545321fed28c14a.jpg,251.05648040771482,252.08001136779782,2683.5671424865723,1559.767484664917,0.6715097427368164,cat
DATA_CLEAN/images/8553efcf9771e65f.jpg,1844.0665763854981,821.0368202209473,2148.214087677002,1358.8296226501466,0.6679101586341858,cat
DATA_CLEAN/images/8553efcf9771e65f.jpg,1845.1512817382813,826.3435325622559,2142.942685699463,1118.1099243164062,0.26025819778442383,cat
DATA_CLEAN/images/856a7aae3d6e7ed3.jpg,338.62861328125,108.222900390625,1722.27421875,1279.0978515625,0.9444921016693115,cat
DATA_CLEAN/images/857d6c01643fb636.jpg,439.6403045654297,0.0,4320.0,2348.342056274414,0.8346971273422241,cat
DATA_CLEAN/images/85a75b07b8882423.jpg,,,,,,
DATA_CLEAN/images/85adf614958466c3(1).jpg,1764.5628143310548,745.7763702392579,3681.0472290039065,2844.805932617188,0.829947829246521,cat
DATA_CLEAN/images/85f88f014b9449e2.jpg,0.0,644.3585769653321,3001.868406677246,2225.949905395508,0.9339826107025146,cat
DATA_CLEAN/images/86136053dd35a595(1).jpg,0.0,82.3066619873047,3501.3842590332033,2848.0,0.9320849180221558,cat
DATA_CLEAN/images/86208c8b9e29775b.jpg,894.0643867492676,1346.1740249633788,1866.5253936767579,2795.8643280029296,0.8192362785339355,cat
DATA_CLEAN/images/86220aab1d42f510.jpg,34.229393005371094,640.4685974121094,585.4902648925781,785.1792907714844,0.834879994392395,cat
DATA_CLEAN/images/86303308e32185b8.jpg,347.02666969299315,8.844710683822631,2118.0,1370.2747547149659,0.9457812309265137,cat
DATA_CLEAN/images/863f085cf2bf8707(1).jpg,27.359014892578127,370.87683563232423,3326.7168457031253,2835.641687011719,0.8195077776908875,cat
DATA_CLEAN/images/86836a6c2a5a5d71.jpg,147.91768901348115,50.66530084609985,1519.4779315948488,1341.2574321746827,0.9497370719909668,cat
DATA_CLEAN/images/8684d7ca0dbfa58b(1).jpg,360.70263671875,288.28525390625,1021.21640625,667.75400390625,0.9474406242370605,cat
DATA_CLEAN/images/8699df506505f889.jpg,1.996551513671875,35.457794189453125,560.0875244140625,385.09844970703125,0.8825987577438354,cat
DATA_CLEAN/images/86e23a015d66733a(1).jpg,240.311767578125,122.2411865234375,632.8392578125,559.86826171875,0.939216136932373,cat
DATA_CLEAN/images/86e3e66ec281ecc5.jpg,109.72808837890625,4.598426818847656,1371.5216064453125,1137.2087097167969,0.9116547107696533,cat
DATA_CLEAN/images/86e3f97476434928.jpg,577.0746231079102,754.9069404602051,2710.944938659668,1844.8917388916016,0.9015250205993652,cat
DATA_CLEAN/images/86e42cda7ce65e0a(1).jpg,144.42218017578125,387.590234375,359.903662109375,613.205908203125,0.9409964680671692,cat
DATA_CLEAN/images/86e42cda7ce65e0a(1).jpg,557.661572265625,188.9931396484375,941.19130859375,628.76533203125,0.906044065952301,cat
DATA_CLEAN/images/86f2a27d7ee00fcd.jpg,93.3034959077835,180.7456865310669,1210.4129607200623,1658.2819650650024,0.9342638254165649,cat
DATA_CLEAN/images/86f44fa67f4f0eb3(1).jpg,230.541845703125,70.2771484375,722.5048828125,633.38564453125,0.9342423677444458,cat
DATA_CLEAN/images/870bc7d9419d6819.jpg,0.0,68.77215576171875,821.896728515625,812.5367431640625,0.9424340724945068,cat
DATA_CLEAN/images/87287e5c4cc5fd55.jpg,615.214306640625,358.67470703125,795.285107421875,622.102978515625,0.8398994207382202,cat
DATA_CLEAN/images/8739424726955211.jpg,665.5491760253907,949.9363494873047,983.6975761413574,1257.603730773926,0.6133846640586853,cat
DATA_CLEAN/images/87670e0947150e19.jpg,464.0568542480469,423.09043884277344,1438.8777160644531,924.8097991943359,0.6926047205924988,cat
DATA_CLEAN/images/87670e0947150e19.jpg,461.94385528564453,424.11643981933594,901.5108489990234,912.9589080810547,0.42874300479888916,cat
DATA_CLEAN/images/876ef49594f55cc2.jpg,479.8862724304199,621.7168548583984,1172.6313537597657,1466.795587158203,0.28486180305480957,cat
DATA_CLEAN/images/878acc59a5ee172c.jpg,538.3512878417969,296.2538528442383,1004.56787109375,928.0887603759766,0.9140730500221252,cat
DATA_CLEAN/images/87bf4b50ca7a18b8(1).jpg,557.7317504882812,356.45782470703125,910.4388427734375,547.3719482421875,0.714560329914093,cat
DATA_CLEAN/images/87d206dd102d7a3e.jpg,1416.8459289550783,0.2690277099609375,2525.3564392089847,1077.2703369140625,0.6226525902748108,cat
DATA_CLEAN/images/87f1209d9d79654d.jpg,339.9298937320709,520.4241533279419,1437.8862838745117,891.4748029708862,0.7204969525337219,cat
DATA_CLEAN/images/8808ce4f0fd5035c.jpg,618.4455688476562,420.5763061523437,1470.3346801757812,1274.7427734374999,0.9136641621589661,cat
DATA_CLEAN/images/8808ce4f0fd5035c.jpg,1400.0749145507812,856.2532104492187,2056.5487792968747,1328.2916748046875,0.8876540660858154,cat
DATA_CLEAN/images/880f5b26915dc206.jpg,27.3992919921875,76.98503112792969,640.0,640.0,0.9177113175392151,cat
DATA_CLEAN/images/88242b87a0382266.jpg,353.7595092773438,53.36874694824219,2622.756793212891,2741.5791503906253,0.9112592935562134,cat
DATA_CLEAN/images/8825aca3579f25f2(1).jpg,44.30935821533203,29.097138977050783,1468.1034942626954,1649.9300537109375,0.9147529006004333,cat
DATA_CLEAN/images/886c518dd9f251c9.jpg,980.8585807800293,1276.8447532653809,2208.4948333740235,2328.1134246826173,0.8058048486709595,cat
DATA_CLEAN/images/889cc7f66be7c811.jpg,344.120654296875,447.9716796875,1068.39892578125,1093.8091796875,0.8771480321884155,cat
DATA_CLEAN/images/889ddc6891e77362(1).jpg,1075.288151550293,387.33292694091796,3004.0180755615233,2845.271713256836,0.9341278672218323,cat
DATA_CLEAN/images/88bd5560070e0ec1(1).jpg,1091.8454421997071,864.6724884033204,1650.7193756103516,1759.7829559326171,0.9213501811027527,cat
DATA_CLEAN/images/88e9cc7f863bc5b0.jpg,546.4925285339356,4004.667594909668,2328.374267578125,4857.390431213379,0.9243080615997314,cat
DATA_CLEAN/images/88eea28367d36dfe.jpg,0.0,540.4095153808594,2878.527117919922,2920.0,0.9300626516342163,cat
DATA_CLEAN/images/8915b5142174c574.jpg,973.9547973632813,517.3242279052735,3648.0,2427.523681640625,0.9375623464584351,cat
DATA_CLEAN/images/892ca752ec082b0e.jpg,946.6023216247559,580.3114128112793,4988.671586608886,3400.742037963867,0.9260870218276978,cat
DATA_CLEAN/images/89641cce24732f31.jpg,131.82398071289063,160.84890747070312,3058.472863769531,2445.9436889648437,0.7829886078834534,cat
DATA_CLEAN/images/89699ecb77754da6.jpg,286.85064697265625,142.09036254882812,901.1220703125,895.1142578125,0.9152930974960327,cat
DATA_CLEAN/images/897e8218b428d8a5(1).jpg,0.0,628.3410202026367,1225.743817138672,1932.6077209472658,0.8941411972045898,cat
DATA_CLEAN/images/8997d3bbd61e17b8.jpg,686.2637127399445,664.8374400615693,1568.7155400753022,991.490339612961,0.7431294918060303,cat
DATA_CLEAN/images/89a0be85248977a1(1).jpg,0.0,650.6500259399414,1293.5379638671875,1944.0,0.8039563894271851,cat
DATA_CLEAN/images/89baacc189004bf0.jpg,719.9198822021485,469.39287414550785,2131.858547973633,1491.739535522461,0.9027780294418335,cat
DATA_CLEAN/images/89c3e2b3b1519419.jpg,184.4967529296875,159.0431396484375,811.944140625,559.9875,0.8684133291244507,cat
DATA_CLEAN/images/89c476fd827e566a.jpg,0.0,1.96990966796875,1936.269760131836,2543.074417114258,0.9389203190803528,cat
DATA_CLEAN/images/89ee614e3a27f0ec(1).jpg,214.0041732788086,263.44139099121094,1261.4375305175781,751.24267578125,0.9256613850593567,cat
DATA_CLEAN/images/89fc506a70c0d39d.jpg,897.0194442749024,824.8723258972169,1705.036929321289,1808.5757293701174,0.8796567916870117,cat
DATA_CLEAN/images/8a31eceaeec5ad0e.jpg,412.793701171875,327.49310302734375,1195.124267578125,1080.0,0.9216710329055786,cat
DATA_CLEAN/images/8a54026aeb617b3e.jpg,1835.7977142333984,1168.1930923461914,3009.5314178466797,2127.62109375,0.8116981983184814,cat
DATA_CLEAN/images/8a5771167e1e8851(1).jpg,840.3433181762696,45.45886459350586,4752.0,2835.0146873474123,0.9059849977493286,cat
DATA_CLEAN/images/8a6e5f637303e5b2(1).jpg,116.05806350708008,845.2563285827637,2599.970054626465,3398.486328125,0.9253801703453064,cat
DATA_CLEAN/images/8a7c8352eddae40f.jpg,251.18490600585938,187.55178833007812,436.1937255859375,424.0762023925781,0.9285904169082642,cat
DATA_CLEAN/images/8a83c264e5fe7152.jpg,21.582408142089843,227.9112636566162,4759.660368347168,2921.4258728027344,0.8409334421157837,cat
DATA_CLEAN/images/8a87fe71d266368f.jpg,849.1003677368165,156.46633911132812,1967.847314453125,1452.9782928466798,0.8781949281692505,cat
DATA_CLEAN/images/8ae8bf37fc42c34a.jpg,0.0,97.58023986816407,1591.188195037842,1876.0402297973633,0.9254257678985596,cat
DATA_CLEAN/images/8b152a87ff90f9f3.jpg,261.3315160512924,289.91221807003024,823.3562488555908,778.5611925125122,0.7624115347862244,cat
DATA_CLEAN/images/8b180af2b1621c28(1).jpg,953.3188629150391,220.73001861572266,1600.0,1193.4649658203125,0.8628283143043518,cat
DATA_CLEAN/images/8b2c593bd91f4e43.jpg,80.76683433055878,226.7187512636185,798.3917127609253,1052.9725872039796,0.9375321865081787,cat
DATA_CLEAN/images/8b338926afad6702(1).jpg,127.04475402832031,65.73650360107422,1263.0899047851562,1001.1720275878906,0.9479809999465942,cat
DATA_CLEAN/images/8b4dc6886614d516.jpg,0.0,0.079443359375,989.879296875,666.21787109375,0.9148459434509277,cat
DATA_CLEAN/images/8b59a237ca157eb7.jpg,382.16625213623047,579.8225402832031,1326.5719604492188,1003.6245727539062,0.5079376101493835,cat
DATA_CLEAN/images/8b59a237ca157eb7.jpg,140.35598754882812,161.37889862060547,577.283821105957,906.8208312988281,0.5071874856948853,cat
DATA_CLEAN/images/8b59a237ca157eb7.jpg,386.9570541381836,8.325634002685547,1346.6975402832031,682.5394439697266,0.3373565673828125,cat
DATA_CLEAN/images/8b6aed65ef049dfe.jpg,452.03826904296875,33.85063171386719,1167.6714324951172,1038.9845275878906,0.9313358068466187,cat
DATA_CLEAN/images/8b6aff25656cdd51(1).jpg,977.3602420806885,3149.716208267212,3045.5589626312258,4860.008988189697,0.9322377443313599,cat
DATA_CLEAN/images/8b8dc193e1a66c7b.jpg,359.78875122070315,383.1681610107422,2935.4154418945313,2354.399249267578,0.880239725112915,cat
DATA_CLEAN/images/8b9ef35579617967.jpg,6.035888671875,463.19216308593747,3982.86650390625,3021.318017578125,0.9214206337928772,cat
DATA_CLEAN/images/8bd29b5713568c61.jpg,712.2314300537109,3.4997406005859375,3843.09326171875,2270.3382415771484,0.9147553443908691,cat
DATA_CLEAN/images/8bda44b82df7dcfc.jpg,504.9877764701843,634.7211599349976,1428.0913889408112,1724.3219048023223,0.8303436040878296,cat
DATA_CLEAN/images/8bfb3f7753b67bb5.jpg,1239.8672592163086,28.04014739990234,2534.644250488281,1716.6040466308593,0.8040006160736084,cat
DATA_CLEAN/images/8c2cfcf58ac257ed.jpg,294.62857246398926,168.51067543029785,2223.561143875122,1601.1521816253662,0.9240535497665405,cat
DATA_CLEAN/images/8c380099dfd46426.jpg,2287.5326451301576,1182.888482093811,2531.0754375457764,1304.6839851379395,0.7528307437896729,cat
DATA_CLEAN/images/8c758be7383c8094.jpg,0.0,37.79934387207032,2884.438330078125,2287.3654418945316,0.9452494978904724,cat
DATA_CLEAN/images/8ca9735234a4a7b1.jpg,678.180322265625,1273.2264541625977,1799.5554748535158,2940.349383544922,0.8221971392631531,cat
DATA_CLEAN/images/8cb2ceb57fc00e3b.jpg,436.5909423828125,296.67095947265625,836.4152221679688,895.044921875,0.9369786977767944,cat
DATA_CLEAN/images/8d34ec7b1fa64d1e.jpg,1326.9877990722657,671.2702423095703,1718.846713256836,1352.7969207763672,0.5703126192092896,cat
DATA_CLEAN/images/8d5afef64f5e948b(1).jpg,758.0368423461914,118.13230991363525,1242.0158767700195,482.5752639770508,0.8922919034957886,cat
DATA_CLEAN/images/8d638b92aaa4fdf5.jpg,381.9163131713867,1105.2520751953125,1200.0,1600.0,0.3264995217323303,cat
DATA_CLEAN/images/8d8021b3c51e7ec2.jpg,195.12344360351562,335.714111328125,1310.6985473632812,1123.9096069335938,0.9371697902679443,cat
DATA_CLEAN/images/8d876b13c8112311.jpg,559.3709993362427,14.372192621231079,3950.0,2634.0,0.9336423277854919,cat
DATA_CLEAN/images/8de8d46931b73a08(1).jpg,0.0,611.3207466602325,3687.003242111206,2288.5155193805695,0.9473141431808472,cat
DATA_CLEAN/images/8defa9caf4699c08.jpg,163.6116485595703,6.2938682556152346,3987.945016479492,2612.4971809387207,0.8731610774993896,cat
DATA_CLEAN/images/8df4e3fdf9c74dd0(1).jpg,587.8995117187501,500.13401031494146,2405.7969482421877,2867.6155395507817,0.912001371383667,cat
DATA_CLEAN/images/8df855951cdaae59.jpg,190.88067734241488,99.91318953037263,1794.1761822700503,1663.4089698791506,0.9468487501144409,cat
DATA_CLEAN/images/8e033dcd67d2c3cc(1).jpg,2271.498706054688,471.16245574951176,3994.6000259399416,2920.5357604980472,0.9119044542312622,cat
DATA_CLEAN/images/8e14f38acd47a09e.jpg,533.9168930053711,2.0557022094726562,1597.3394775390625,980.1021575927734,0.8710439205169678,cat
DATA_CLEAN/images/8e3a38c5a85839ff.jpg,1066.445068359375,650.1275390625,2556.25986328125,1049.818505859375,0.3636905550956726,cat
DATA_CLEAN/images/8e5df9fdbab008e0.jpg,84.26008300781251,197.85408325195314,607.6613479614258,692.6134918212891,0.9343332052230835,cat
DATA_CLEAN/images/8e9662240f8529d7(1).jpg,991.2987293243408,115.64652442932129,3224.645233154297,2822.506723022461,0.9257304668426514,cat
DATA_CLEAN/images/8ec0a75625d2f874.jpg,176.9733154296875,92.7325927734375,811.10869140625,681.0880859375,0.8974823355674744,cat
DATA_CLEAN/images/8ecae9ac158eee97.jpg,29.390269088745118,22.128103065490723,744.0,668.9184219360352,0.8948936462402344,cat
DATA_CLEAN/images/8ed855b13121a443.jpg,1596.815167236328,131.1718505859375,2552.020669555664,1165.672640991211,0.6266446113586426,cat
DATA_CLEAN/images/8f6b97b50341d2f5(1).jpg,296.56626892089844,43.26041793823242,780.0,863.5336685180664,0.9232444763183594,cat
DATA_CLEAN/images/8f8b282b5a16cffe.jpg,755.3911718130112,595.1733767986298,3155.4366025924683,2022.9593243598938,0.9369853734970093,cat
DATA_CLEAN/images/8f908310c7eab7f5.jpg,708.0636563777924,517.1971759796143,886.5105074882507,887.6848845481873,0.48681196570396423,cat
DATA_CLEAN/images/8f908310c7eab7f5.jpg,698.9286757469177,509.35081620216374,1277.1978141784668,895.4009751319885,0.26516634225845337,cat
DATA_CLEAN/images/8f9caabdcb94afb5(1).jpg,107.22696304321289,177.00731925964354,1864.5513610839844,818.0895927429199,0.9477800130844116,cat
DATA_CLEAN/images/8fb3a0c886ac210f.jpg,349.3853759765625,39.414520263671875,1159.6788024902344,976.77734375,0.7075859308242798,cat
DATA_CLEAN/images/8fbf4d9215d3f388.jpg,142.7817810058594,266.7998989105225,3041.3361785888674,1916.5330947875977,0.9236822128295898,cat
DATA_CLEAN/images/8fd27af2cfc76fa5.jpg,47.342471504211424,1168.6746281623841,1019.8253052711486,2065.127431678772,0.8869200944900513,cat
DATA_CLEAN/images/8fd5db88b6b72e5a.jpg,579.4035873413086,738.9165069580079,2432.7391052246094,1483.1750183105469,0.8728233575820923,cat
DATA_CLEAN/images/9049c5afd24373c9.jpg,529.4319152832031,860.8474731445312,3550.543212890625,2675.76847076416,0.9477992057800293,cat
DATA_CLEAN/images/904ae8784a76c635(1).jpg,1167.9792763710022,342.05492463111875,2205.7905321121216,2133.152284812927,0.6143689155578613,cat
DATA_CLEAN/images/905ade8557d6f03c(1).jpg,50.04302978515625,354.61456298828125,1198.5076904296875,1253.7977600097656,0.8900608420372009,cat
DATA_CLEAN/images/908829bd8489cd48.jpg,3.9128494262695312,173.06310653686523,745.4268264770508,975.9394454956055,0.9139798879623413,cat
DATA_CLEAN/images/90c141825bf02fcd.jpg,72.18756103515625,86.59996032714844,611.711181640625,432.69097900390625,0.9331518411636353,cat
DATA_CLEAN/images/90f27c8749d8d45b(1).jpg,985.4020019531249,1474.48388671875,2170.55419921875,2304.0,0.9132784605026245,cat
DATA_CLEAN/images/91037ca06c6c9e87(1).jpg,263.79944920539856,72.66505122184753,1104.7378623485565,980.5807971954346,0.936195969581604,cat
DATA_CLEAN/images/910b6f12fc7f4d4a(1).jpg,405.76379549503326,177.0394026517868,1828.7022225379944,1488.986784696579,0.6710681915283203,cat
DATA_CLEAN/images/91246887143d3e89.jpg,767.8715742588042,157.02066364288328,1518.710207748413,1120.8224824905394,0.9316481351852417,cat
DATA_CLEAN/images/9146e58f0bcaff49.jpg,28.860211181640626,403.23681640625,303.3912353515625,696.14765625,0.8980480432510376,cat
DATA_CLEAN/images/917a4d2e45285a6c.jpg,0.0,257.5886291503906,2602.9244873046873,1997.5731506347656,0.9512124061584473,cat
DATA_CLEAN/images/91f106e4e514e07d.jpg,211.84837341308594,3.92974853515625,1480.3953552246094,832.6139831542969,0.9475281238555908,cat
DATA_CLEAN/images/91fa748ac28d6875(1).jpg,0.0,43.242713928222656,2592.836901855469,2329.6386016845704,0.9350532293319702,cat
DATA_CLEAN/images/9227126e236b4fad.jpg,6.748552703857421,479.64583892822264,3439.351147460937,2506.635305786133,0.6965073943138123,cat
DATA_CLEAN/images/9227126e236b4fad.jpg,19.353057861328125,488.11949462890624,3428.2666198730467,2525.1855865478515,0.3087664842605591,cat
DATA_CLEAN/images/92379f29dce404d9.jpg,1527.5815658569336,0.0,5184.0,2404.9376586914063,0.9370532035827637,cat
DATA_CLEAN/images/925c5814366a1442.jpg,94.50006866455078,236.80547332763672,720.0,656.5110168457031,0.9010530710220337,cat
DATA_CLEAN/images/929fe43cd05d48d1.jpg,57.54397888183594,3.1363311767578126,2787.0294738769535,2623.564031982422,0.36604881286621094,cat
DATA_CLEAN/images/92a132b7af76f2f1(1).jpg,1717.4343383789062,685.1311798095703,3262.8949584960938,2416.4919982910155,0.9445294737815857,cat
DATA_CLEAN/images/92a132b7af76f2f1(1).jpg,1098.7306274414063,533.3582427978515,1626.4760375976562,1174.5402099609375,0.9030442833900452,cat
DATA_CLEAN/images/92b2dd8dec7ee488.jpg,528.3599609375,252.654345703125,818.115478515625,503.02197265625,0.7639340162277222,cat
DATA_CLEAN/images/92b68ffb9e60e070(1).jpg,720.9846496582031,558.309649658203,1658.2454956054687,1322.9224365234375,0.9047960042953491,cat
DATA_CLEAN/images/92b9845fc7acb4c8.jpg,218.4503936767578,258.81526947021484,1468.6698913574219,1190.391845703125,0.9379081726074219,cat
DATA_CLEAN/images/92d03df82ba81e14.jpg,0.0,269.7337516784668,3782.305352783203,2093.5821166992187,0.944581151008606,cat
DATA_CLEAN/images/92da6e5cb8134526.jpg,646.5857940673827,390.35425872802733,2084.5184799194335,1702.8763198852537,0.9140782952308655,cat
DATA_CLEAN/images/9301b0797aa18557.jpg,476.15460205078125,77.95111083984375,1148.0567626953125,538.9251708984375,0.873115062713623,cat
DATA_CLEAN/images/930c31d44b5c4044.jpg,5.890878295898438,561.5395416259765,2263.6585479736327,2741.081527709961,0.9218739867210388,cat
DATA_CLEAN/images/933bfd14cc55290d(1).jpg,74.790686917305,1424.4280318260194,837.1585789680481,1904.622231769562,0.7316064238548279,cat
DATA_CLEAN/images/93478b3821092e4f.jpg,49.000030517578125,137.32527923583984,960.0,913.8549499511719,0.8902912139892578,cat
DATA_CLEAN/images/9394feb472941c4f.jpg,886.916090965271,16.590662097930906,3484.0,1562.8518159866333,0.9214776754379272,cat
DATA_CLEAN/images/93e21efb148a8aa2.jpg,2.2561248779296874,445.36045989990237,1602.5220153808596,1655.8730529785157,0.900678277015686,cat
DATA_CLEAN/images/93e3edd15be13f18(1).jpg,595.2428482055664,54.92560043334961,1797.8784759521484,1684.8823486328124,0.9261026382446289,cat
DATA_CLEAN/images/93f6e167ad9c00a2.jpg,555.9009697914123,287.9866647958755,1720.3241974830628,1485.2923602104186,0.47000330686569214,cat
DATA_CLEAN/images/93f6e167ad9c00a2.jpg,689.7085943698883,685.3455031871796,1721.8749855041503,1463.8928691864014,0.30505192279815674,cat
DATA_CLEAN/images/94545a3b1fcd1a5d(1).jpg,601.7093141078949,264.73968679904937,2616.60454249382,3963.135177230835,0.9200313687324524,cat
DATA_CLEAN/images/945ca8eeb5213524.jpg,124.86156463623047,120.61989784240723,957.9027557373047,909.3518829345703,0.4991917610168457,cat
DATA_CLEAN/images/945f6c34819a8a27(1).jpg,0.0,410.6998062133789,827.7725219726562,1199.7068786621094,0.9241341352462769,cat
DATA_CLEAN/images/94696d4af7adb7ee(1).jpg,0.0,53.853536224365236,932.6819549560547,1038.5898330688476,0.9203307628631592,cat
DATA_CLEAN/images/9482afd1eeb3b2f3.jpg,372.64342308044434,472.72300720214844,962.305736541748,1744.3334579467773,0.8671240210533142,cat
DATA_CLEAN/images/949179f5db08f943.jpg,0.0,172.93389587402345,2516.2523437500004,2130.4242553710938,0.9552743434906006,cat
DATA_CLEAN/images/94dc7d1f651004a5.jpg,19.211929321289062,0.0,1889.994312286377,1329.726390838623,0.8946642875671387,cat
DATA_CLEAN/images/950ff1c6fbd24a1f.jpg,544.4420883178711,6.799273681640625,3664.7237274169925,2787.6186584472657,0.783717155456543,cat
DATA_CLEAN/images/9510e57ad4ea7c43(1).jpg,402.10280418395996,319.57359313964844,604.3514728546143,394.89283561706543,0.5525068044662476,cat
DATA_CLEAN/images/9532a582b8f34da1(1).jpg,1288.1006744384767,391.8607360839844,2551.0728515625,2441.336892700195,0.905282735824585,cat
DATA_CLEAN/images/95345e08f29e3cee.jpg,38.73298645019531,252.4083709716797,1600.0,1107.7685546875,0.879030704498291,cat
DATA_CLEAN/images/95444005b9a67102.jpg,32.72077331542969,11.457965087890626,3657.2610839843755,2596.6867431640626,0.7889877557754517,cat
DATA_CLEAN/images/954b6f15b529e02c.jpg,152.30593872070312,249.1490135192871,3855.5213928222656,2874.6918869018555,0.9126403331756592,cat
DATA_CLEAN/images/95837aad0022b8d4.jpg,335.4643753051758,161.93877410888672,1559.9858459472657,971.3332717895508,0.906743049621582,cat
DATA_CLEAN/images/95c9b77bef0f9171(1).jpg,186.92327880859375,152.57247924804688,1131.7659912109375,679.569580078125,0.7565762996673584,cat
DATA_CLEAN/images/960958912ec15bf6.jpg,2581.3201904296875,991.4331665039062,4608.0,2717.5741699218747,0.9314495921134949,cat
DATA_CLEAN/images/9617d3ae372ef3cb.jpg,673.5537597656249,761.18466796875,3892.5355957031247,3162.70458984375,0.9224805235862732,cat
DATA_CLEAN/images/961af9cdb791db97.jpg,1255.4092620849608,20.922523498535156,4272.0,2746.3754608154295,0.8983907699584961,cat
DATA_CLEAN/images/961dc914b33b1d0b.jpg,972.304541015625,561.2015533447266,2974.697021484375,1724.6149291992188,0.5159826874732971,cat
DATA_CLEAN/images/961dc914b33b1d0b.jpg,967.9765136718751,564.7913818359375,1998.6230438232421,1614.4226806640625,0.26392170786857605,cat
DATA_CLEAN/images/9648c17ad213d08f.jpg,419.42275390625,202.984765625,1024.0,526.891796875,0.8729120492935181,cat
DATA_CLEAN/images/9688d195e0e5c826(1).jpg,83.8614990234375,686.1713241577149,2196.728503417969,1747.5689437866213,0.909396767616272,cat
DATA_CLEAN/images/968b327dedf3e392.jpg,350.0059982299805,444.2600212097168,1514.1364013671875,2088.786016845703,0.9150094389915466,cat
DATA_CLEAN/images/969c9a0af8dd6357.jpg,1117.99746799469,1352.8725383758547,1802.820438194275,1912.941626930237,0.9110350608825684,cat
DATA_CLEAN/images/969c9a0af8dd6357.jpg,506.7523077964783,99.88442935943604,1303.4622745513916,1262.7649894714357,0.9032430648803711,cat
DATA_CLEAN/images/96a43b6a3b3434ae.jpg,81.98790550231934,199.2923355102539,663.9910125732422,826.4043045043945,0.8659419417381287,cat
DATA_CLEAN/images/96a43b6a3b3434ae.jpg,334.3187713623047,650.068531036377,846.9386672973633,847.8950500488281,0.30289292335510254,cat
DATA_CLEAN/images/96b5a40645bb4fa6.jpg,1.1716884613037108,34.99803371429443,808.1069496154785,669.8658401489257,0.9358047246932983,cat
DATA_CLEAN/images/96b89562d165b0d8.jpg,696.454833984375,131.868994140625,1296.401953125,1025.3412109375,0.679803729057312,cat
DATA_CLEAN/images/96f3eec9e5de87e2.jpg,198.811376953125,59.81533203125,439.03076171875,732.37998046875,0.7716511487960815,cat
DATA_CLEAN/images/96fedc6ea5c91f26(1).jpg,16.448333740234375,156.16957092285156,640.0,486.384765625,0.8251187801361084,cat
DATA_CLEAN/images/97244cd8e8370223.jpg,84.7212158203125,0.0,647.2470703125,940.18857421875,0.7651875019073486,cat
DATA_CLEAN/images/974614b87cf24e9a(1).jpg,524.1474197864533,596.264822435379,1143.722314929962,1485.4614965438843,0.5199207663536072,cat
DATA_CLEAN/images/97674dcba185eb64.jpg,541.9632728099823,267.04384183883667,1870.0,1129.093982219696,0.9458973407745361,cat
DATA_CLEAN/images/97674dcba185eb64.jpg,177.69053602218628,287.2065894603729,788.178991317749,1097.0485000610352,0.46442556381225586,cat
DATA_CLEAN/images/978e604093e27b91.jpg,1944.5467895507813,777.7475006103516,2660.800982666016,1693.6248504638672,0.9079631567001343,cat
DATA_CLEAN/images/978e604093e27b91.jpg,2755.7115142822267,0.0,3645.9922668457034,1031.0984802246094,0.8948697447776794,cat
DATA_CLEAN/images/981a4f431612da85(1).jpg,213.6720039367676,365.3227592468262,2563.7606597900394,2778.518023681641,0.8993399143218994,cat
DATA_CLEAN/images/98320b4b505259f5(1).jpg,692.8225708007812,353.97606506347654,5682.81865234375,3999.9008056640623,0.9573532342910767,cat
DATA_CLEAN/images/9856b747df644fb2.jpg,342.5770011901855,157.14022865295408,2741.515709686279,2454.0062007904053,0.6740080714225769,cat
DATA_CLEAN/images/986932b50ced62e8.jpg,768.8578605651855,1078.591537475586,3919.0093994140625,2665.7909393310547,0.8726084232330322,cat
DATA_CLEAN/images/9870b08fd630b25e.jpg,0.0,223.71514892578125,1278.8827896118164,1229.8658294677734,0.9459643363952637,cat
DATA_CLEAN/images/988bb8cdad99a3d9.jpg,462.69675292968753,278.3959075927734,1190.2151458740234,916.954801940918,0.8790112733840942,cat
DATA_CLEAN/images/992017eeeb55547f.jpg,150.40021467208862,1262.8323073387146,3825.7097678184514,2226.5090713500977,0.9202451705932617,cat
DATA_CLEAN/images/9920b96c37883bff(1).jpg,486.2771510839462,451.53207895755764,2026.3045002937315,2102.9313676834104,0.8243834376335144,cat
DATA_CLEAN/images/993481e1e014a9f2.jpg,467.4063720703125,218.86102294921875,1085.0869140625,936.573486328125,0.9270129203796387,cat
DATA_CLEAN/images/993b4d23ea260685.jpg,696.3599761962892,736.8434967041017,1480.6518859863281,1416.9077270507814,0.7989745140075684,cat
DATA_CLEAN/images/995042605886f58c(1).jpg,487.06708984375,214.7345703125,1197.94453125,990.6171875,0.921495795249939,cat
DATA_CLEAN/images/9969e032ae628c0b.jpg,260.4999225616455,733.3451889038085,790.1038192749023,1101.5331451416016,0.8442472219467163,cat
DATA_CLEAN/images/9969e032ae628c0b.jpg,1150.0572174072265,272.84894409179685,1496.1218147277832,424.1673038482666,0.7331336736679077,cat
DATA_CLEAN/images/9974e67b10d0085e.jpg,675.95595703125,555.1697265625,1163.03447265625,1317.58388671875,0.8861397504806519,cat
DATA_CLEAN/images/99c659628cc22b40(1).jpg,357.4783100128174,609.4697570800782,661.3055870056153,920.4506637573243,0.9235880374908447,cat
DATA_CLEAN/images/99fa641e5bb23245.jpg,582.5120162963867,593.6012268066406,1352.9116821289062,1129.6900939941406,0.948415219783783,cat
DATA_CLEAN/images/9a004a21792ff83f.jpg,0.0,98.9410487651825,1686.0,1149.0,0.9240826368331909,cat
DATA_CLEAN/images/9a0bfcd6824db30b.jpg,362.4944978713989,191.9641963005066,1031.6328964233398,1182.0,0.8836874961853027,cat
DATA_CLEAN/images/9a409a65f0c7a2a3.jpg,0.0,99.60600650310518,3558.002572059632,2679.8357191085815,0.9277667999267578,cat
DATA_CLEAN/images/9a6597d52208faa1.jpg,588.7235913276672,473.80806064605713,2603.681594848633,1608.4943714141846,0.9111473560333252,cat
DATA_CLEAN/images/9a8ff4ca0190fa40.jpg,86.77757263183594,2.5185298919677734,1294.9008178710938,1160.1129913330078,0.9061887264251709,cat
DATA_CLEAN/images/9a91a22a748d2197(1).jpg,462.2239990234375,428.1876220703125,1349.28857421875,1606.670166015625,0.7567511200904846,cat
DATA_CLEAN/images/9a91a22a748d2197(1).jpg,426.36328125,434.962646484375,2526.7021484375,1594.48486328125,0.47148215770721436,cat
DATA_CLEAN/images/9a9a629a356fa6cd.jpg,321.91229248046875,23.81390380859375,603.347900390625,575.7933349609375,0.6948491334915161,cat
DATA_CLEAN/images/9aa105dc086b8292(1).jpg,,,,,,
DATA_CLEAN/images/9aab6edacb0f9c16.jpg,0.0,103.68262252807618,949.2953567504883,1270.4062866210938,0.8925838470458984,cat
DATA_CLEAN/images/9ab41906fe3158be.jpg,219.529248046875,456.97041015625,999.92373046875,2047.1185546875,0.8828699588775635,cat
DATA_CLEAN/images/9ad0de30bfcac03e.jpg,927.669197845459,1338.894058227539,3064.694869995117,2876.842501831055,0.9456955790519714,cat
DATA_CLEAN/images/9adac5304864160a.jpg,1007.9316133022307,429.90360507965084,1818.3682973861694,1378.4271054267883,0.8523157835006714,cat
DATA_CLEAN/images/9b2e276d39d993e8.jpg,1257.30205078125,913.62724609375,1751.897265625,1130.55361328125,0.8164114952087402,cat
DATA_CLEAN/images/9b3eec3045bb546a.jpg,785.2416016817093,774.4349049568176,1927.1822469234467,1178.1891210079193,0.9345282316207886,cat
DATA_CLEAN/images/9b5c4ea580cfccc1(1).jpg,427.07924194335936,609.4753692626953,2869.0329528808593,2034.6165802001954,0.6055365204811096,cat
DATA_CLEAN/images/9b5c4ea580cfccc1(1).jpg,452.1513885498047,615.0712371826172,2846.4779663085938,2011.7398864746094,0.4802961051464081,cat
DATA_CLEAN/images/9b72d3f5a04e46ec.jpg,130.648193359375,835.1779296875,1530.56484375,1535.487109375,0.9408577680587769,cat
DATA_CLEAN/images/9b9c384c7505fbf3.jpg,102.89134826660157,460.50270080566406,2828.8508422851564,2075.9286346435547,0.8603529930114746,cat
DATA_CLEAN/images/9ba1f4f1353c880e.jpg,1467.366439819336,313.9638381958008,3340.444921875,1536.254544067383,0.9357874393463135,cat
DATA_CLEAN/images/9bb221d4820b7d67.jpg,640.5684356689453,386.4144287109375,1210.52197265625,838.34912109375,0.7008793950080872,cat
DATA_CLEAN/images/9bc7d2041b3bb16f.jpg,0.0,232.830729675293,1026.3352878570556,1184.7132247924806,0.9407780170440674,cat
DATA_CLEAN/images/9be905657f423caa.jpg,412.5814437866211,276.5259552001953,1600.0,1019.1078186035156,0.8713518381118774,cat
DATA_CLEAN/images/9c03b0ecb5a00a32(1).jpg,1442.0593963623046,520.5851303100586,2853.339495849609,1369.106268310547,0.9026637077331543,cat
DATA_CLEAN/images/9c03b0ecb5a00a32(1).jpg,459.94850692749026,295.48226165771484,1115.4248474121093,1598.3150665283204,0.7442495822906494,cat
DATA_CLEAN/images/9c267a3c71f95f41.jpg,328.7648521900177,564.6192039489746,781.5407044410705,859.2162084579468,0.9143787026405334,cat
DATA_CLEAN/images/9c2fbb150200b2e8(1).jpg,818.763427734375,312.65357971191406,1557.7354431152344,894.5947265625,0.944890558719635,cat
DATA_CLEAN/images/9c49402ab6159c96.jpg,454.59836411476135,986.91539311409,1207.0587902069092,1288.774225473404,0.9405699968338013,cat
DATA_CLEAN/images/9c49402ab6159c96.jpg,1173.084394454956,934.0125110149384,1716.1563692092896,1206.4512248039246,0.9396826028823853,cat
DATA_CLEAN/images/9c645b2aaa3dc023.jpg,0.0,0.0,1313.2593383789062,1093.8424530029297,0.9134316444396973,cat
DATA_CLEAN/images/9c952cd46de1a8e5.jpg,551.6510772705078,624.9736022949219,739.1715240478516,770.1319122314453,0.9270268678665161,cat
DATA_CLEAN/images/9c988ea5648d22d5(1).jpg,73.52396402359008,518.0710153579712,1942.9524951934814,2400.111872386932,0.9248098134994507,cat
DATA_CLEAN/images/9d183468fc209af4(1).jpg,487.25873708724976,308.36567401885986,1006.570987701416,1008.6128997802734,0.864943265914917,cat
DATA_CLEAN/images/9d455fac54af926c.jpg,,,,,,
DATA_CLEAN/images/9d6d8e8dbb13ca8f.jpg,1936.2986969947815,1130.4557847976685,2597.6520709991455,1596.7921314239502,0.9253270030021667,cat
DATA_CLEAN/images/9d779c260afc5e20.jpg,0.9000148773193359,408.2378414154053,1905.4111053466797,2659.375421142578,0.937191903591156,cat
DATA_CLEAN/images/9d80b0c30bf8037f.jpg,2253.0081115722655,770.5440399169922,2927.915167236328,1516.4212188720703,0.9472192525863647,cat
DATA_CLEAN/images/9d8ad2c647c3ff48.jpg,222.58634567260742,217.95711517333984,1158.6234092712402,1083.6151123046875,0.9234455823898315,cat
DATA_CLEAN/images/9dbf58dd087a5362.jpg,24.47508087158203,285.3493210315704,1268.8362696647644,1710.5341981887816,0.9529799222946167,cat
DATA_CLEAN/images/9dd7802feb1fdd48.jpg,0.0,922.9669242858887,2905.8712776184084,2278.1071685791017,0.9018323421478271,cat
DATA_CLEAN/images/9dec0c0023e808d0(1).jpg,244.57237243652344,187.1656951904297,374.5970458984375,295.0905456542969,0.483566015958786,cat
DATA_CLEAN/images/9e0b185124348505(1).jpg,449.6886247396469,2032.0503805160522,939.4466705799102,2858.5002906799314,0.9642924070358276,cat
DATA_CLEAN/images/9e1dfe7ff3db2d36(1).jpg,1171.970307302475,2.5989943981170653,2527.0,1571.9122747898102,0.8587843775749207,cat
DATA_CLEAN/images/9e20ef98a2aa07f6.jpg,526.9426195859909,137.99732987880708,2433.6686177253723,2081.0573390960694,0.9568787813186646,cat
DATA_CLEAN/images/9e502e766eea3486.jpg,690.9604196548463,84.04904079437257,3153.5681304931645,2506.630854606629,0.9098808765411377,cat
DATA_CLEAN/images/9e520791e466f2ad(1).jpg,472.49912109375,226.315185546875,1138.1638671875,1530.885546875,0.9103187322616577,cat
DATA_CLEAN/images/9e658c019f864460.jpg,0.0,382.7727241516113,1253.4252349853516,1093.0803260803223,0.7847135066986084,cat
DATA_CLEAN/images/9e9070f7c2bcdc6d(1).jpg,12.06464080810547,186.36011352539063,2296.918258666992,1508.8286499023438,0.7279293537139893,cat
DATA_CLEAN/images/9ea57c1bda5229de(1).jpg,138.75786709785461,126.92362160682679,1715.4203498840334,707.5123569488526,0.8707450032234192,cat
DATA_CLEAN/images/9eb8f97e20d76d6b(1).jpg,1302.3170471191406,219.68250274658203,1575.4397583007812,474.3180847167969,0.8018220067024231,cat
DATA_CLEAN/images/9eb943b04d5993b5.jpg,302.0172954797745,5.563159704208374,1121.6021461486816,937.5398025512695,0.9404442310333252,cat
DATA_CLEAN/images/9ed006b87ceee546.jpg,465.0088250637054,341.579950428009,914.0743572235107,595.0678365707397,0.8873535394668579,cat
DATA_CLEAN/images/9f14b6cd8f30d0a3.jpg,555.5694396972657,577.3619201660157,3345.940704345703,2088.047872924805,0.9470176696777344,cat
DATA_CLEAN/images/9f16e5616709cc3d(1).jpg,1079.9630035400392,1568.0176612854004,2819.1368865966797,4150.606997680664,0.5449354648590088,cat
DATA_CLEAN/images/9f55e4427da2cc6c.jpg,0.0,324.059130859375,777.10908203125,766.23837890625,0.9424564242362976,cat
DATA_CLEAN/images/9f5eb6c375e90962.jpg,406.35613403320315,911.9828155517579,3205.9239990234373,2033.6326263427734,0.9420130252838135,cat
DATA_CLEAN/images/9f961c99d7849f52.jpg,40.638916015625,51.86126708984375,1274.4027099609375,710.9960327148438,0.938633918762207,cat
DATA_CLEAN/images/9f96c5fcb92deaa1(1).jpg,0.0,939.3230209350586,3599.5882873535156,2975.878894042969,0.6688926219940186,cat
DATA_CLEAN/images/9f96c5fcb92deaa1(1).jpg,0.0,931.4110107421875,3586.26708984375,2980.242581176758,0.5702027678489685,cat
DATA_CLEAN/images/9fd201e33cbd3232.jpg,1727.1164932250977,789.7403182983398,2263.920913696289,1182.1547241210938,0.8365566730499268,cat
DATA_CLEAN/images/9fd201e33cbd3232.jpg,3156.701728820801,709.6889190673828,3878.806915283203,1130.2451477050781,0.5307361483573914,cat
DATA_CLEAN/images/9fe68c87ec59e90a.jpg,355.4136047363281,412.3874816894531,618.6771850585938,836.4493408203125,0.9227340221405029,cat
DATA_CLEAN/images/a037dbe64be520ca(1).jpg,177.6667053222656,286.05882568359374,3087.5475952148436,2155.4421295166017,0.9343782663345337,cat
DATA_CLEAN/images/a04cdf59a4b7a157(1).jpg,0.0,605.3172225952148,1548.2773864746093,3230.5944396972654,0.8937322497367859,cat
DATA_CLEAN/images/a05b0a3e19ae4019(1).jpg,614.54443359375,246.923876953125,3072.0,2304.0,0.8943427205085754,cat
DATA_CLEAN/images/a0ae956fcc131aaa.jpg,17.8404296875,98.39609375,1784.9029296875,1461.0046875,0.9293476343154907,cat
DATA_CLEAN/images/a0f0950cdab69603(1).jpg,0.0,412.8576688051224,3724.4768199920654,2874.4946122169495,0.5293594002723694,cat
DATA_CLEAN/images/a0f0950cdab69603(1).jpg,0.0,1119.225455904007,1917.4101023197175,2901.680467414856,0.48393934965133667,cat
DATA_CLEAN/images/a103c2ed8530c1df(1).jpg,0.0,385.40191650390625,2688.408660888672,2998.9009857177734,0.9372777342796326,cat
DATA_CLEAN/images/a1123bef4b58ce51.jpg,970.0021056175232,117.94676644802092,1673.0,1261.803692817688,0.7823857665061951,cat
DATA_CLEAN/images/a1387923480a5956.jpg,272.56861000061036,91.39480094909668,2552.465184020996,1958.581795501709,0.9568722248077393,cat
DATA_CLEAN/images/a149a68d71fd9685.jpg,4.661287498474121,452.8601490497589,4138.023293876648,2317.62166557312,0.9469043612480164,cat
DATA_CLEAN/images/a1782522646d002c.jpg,0.0,355.1487442016602,1907.5288696289062,2227.621728515625,0.9119540452957153,cat
DATA_CLEAN/images/a1782522646d002c.jpg,1664.923388671875,483.28211975097656,3264.0,1596.02109375,0.5287244915962219,cat
DATA_CLEAN/images/a1a227e34aae425d(1).jpg,269.1782531738281,149.1981658935547,438.8125,285.43145751953125,0.7478487491607666,cat
DATA_CLEAN/images/a1b5b8b9150c7ca4.jpg,0.0,193.67945556640623,1353.1653686523437,998.9278564453125,0.8822422623634338,cat
DATA_CLEAN/images/a1bb7afeca766f68(1).jpg,54.85389709472656,228.49157333374023,651.0050201416016,527.5392532348633,0.9223507046699524,cat
DATA_CLEAN/images/a1fed48383205fff.jpg,197.10125732421875,186.7635498046875,487.3292541503906,622.8098754882812,0.8153340816497803,cat
DATA_CLEAN/images/a20a2371ba49adfb.jpg,173.41484375,2.979541015625,2033.25625,1325.02890625,0.7986177802085876,cat
DATA_CLEAN/images/a282e747aa7f3f30.jpg,130.46566772460938,715.2172943115235,4989.011682128907,3120.238009643555,0.9352308511734009,cat
DATA_CLEAN/images/a2a72d28e246174b.jpg,1273.1686626434325,674.9792564392089,2981.5101837158204,2302.186212158203,0.8703576326370239,cat
DATA_CLEAN/images/a318ea25eecfb011.jpg,463.0397094726563,66.70220336914063,2816.0,2112.0,0.5691389441490173,cat
DATA_CLEAN/images/a318ea25eecfb011.jpg,0.00067138671875,26.69285888671875,2753.6845703125,2090.017993164063,0.4753548800945282,cat
DATA_CLEAN/images/a31dd21307899664.jpg,0.0,218.60556640625,1873.630078125,1464.654296875,0.8256572484970093,cat
DATA_CLEAN/images/a32f334d68931517(1).jpg,605.1285598754883,910.4885238647462,1469.7300201416017,1309.396714782715,0.8721328973770142,cat
DATA_CLEAN/images/a358a7a702073717.jpg,151.9466781616211,295.9547424316406,1404.2160034179688,935.4449462890625,0.8193033933639526,cat
DATA_CLEAN/images/a3694607ddc55652(1).jpg,1718.6378479003906,886.1783981323242,3711.0031127929688,2122.7161407470703,0.8945547342300415,cat
DATA_CLEAN/images/a3af68ffcc7e3ef2.jpg,241.47003173828125,221.61636352539062,960.1919555664062,1147.2935485839844,0.9486986398696899,cat
DATA_CLEAN/images/a3e02c6f86da8eb1(1).jpg,1092.7892670631409,314.91818470954894,2068.8076886177064,1870.2045469284058,0.620928943157196,cat
DATA_CLEAN/images/a3e02c6f86da8eb1(1).jpg,615.4527568340301,54.664301538467406,1364.7942886829376,1786.5480447769164,0.5139726996421814,cat
DATA_CLEAN/images/a3e02c6f86da8eb1(1).jpg,618.0620735645294,49.84743661880493,1361.976679801941,1704.3885568618773,0.33013850450515747,cat
DATA_CLEAN/images/a3ebe090c01e69d6(1).jpg,280.78623046875,113.7369140625,1006.7271484375,682.3771484375,0.9202998876571655,cat
DATA_CLEAN/images/a402a50ceb50c33e.jpg,440.61201171875,669.6650390625,1825.4291015625,1484.240625,0.8595033288002014,cat
DATA_CLEAN/images/a43c61c5a4407af9(1).jpg,2182.483673095703,680.2616119384766,3190.0325775146484,2622.7380752563477,0.5024703741073608,cat
DATA_CLEAN/images/a4633f53ca981ec5.jpg,1677.9328525543212,1.7160392761230467,4368.0,2582.030509185791,0.8397060632705688,cat
DATA_CLEAN/images/a480adfc896e8f85.jpg,427.999462890625,310.387841796875,1112.90205078125,1880.6251953125,0.8771989345550537,cat
DATA_CLEAN/images/a49db9a8579a358c(1).jpg,411.2290466308594,318.1625610351563,3636.2249633789065,2736.0,0.777970552444458,cat
DATA_CLEAN/images/a4a5812c662de38c.jpg,457.6431348323822,100.10540571212769,2902.64975566864,2133.9687469482424,0.4805380702018738,cat
DATA_CLEAN/images/a4a6707cba0a13ec(1).jpg,388.90361328125,129.6248779296875,853.2478515625,578.41357421875,0.9151374101638794,cat
DATA_CLEAN/images/a4c0e8d29312a3fd(1).jpg,0.0,200.61126708984375,1385.4608154296875,927.6490020751953,0.9432992339134216,cat
DATA_CLEAN/images/a4c3b4914e147c98.jpg,139.4454345703125,5.947265625,433.6600341796875,517.8106689453125,0.6048892736434937,cat
DATA_CLEAN/images/a4e7215553579003.jpg,0.0,97.26183013916017,1544.6191726684572,1452.750244140625,0.842155933380127,cat
DATA_CLEAN/images/a5243fbc83ba3567.jpg,0.0,0.0,4000.0,2604.253578186035,0.9058524370193481,cat
DATA_CLEAN/images/a59bdaf35aad91b2(1).jpg,1467.537109375,192.028125,1862.3865234375,547.5123046875,0.8487892150878906,cat
DATA_CLEAN/images/a5a4ed0c1229a781.jpg,0.0,5.38983154296875,1144.849853515625,942.2908935546875,0.6309115886688232,cat
DATA_CLEAN/images/a5e5a05fd6c10029.jpg,502.6201309204102,478.62518005371095,2811.491427612305,1567.4018920898438,0.9414669275283813,cat
DATA_CLEAN/images/a656bc9337705e42(1).jpg,0.0,136.688427734375,1937.1220703125,1398.343359375,0.9195413589477539,cat
DATA_CLEAN/images/a694c62ab2a5917c(1).jpg,0.0,659.2249408721924,1216.9024116516114,2020.095253753662,0.8924834728240967,cat
DATA_CLEAN/images/a694c62ab2a5917c(1).jpg,717.5107181549072,370.9639963150024,1314.6881744384766,1063.2363250732421,0.47857666015625,cat
DATA_CLEAN/images/a69ee1662331923c.jpg,276.05138659477234,386.13699865341187,1008.4728404521943,1796.6150260925294,0.8522965908050537,cat
DATA_CLEAN/images/a6a148b27b6fb86e(1).jpg,341.5439224243164,548.6660766601562,871.8214416503906,1219.9333190917969,0.6813656687736511,cat
DATA_CLEAN/images/a6b13968945f6673.jpg,4.801537036895752,155.91742169857025,747.7680339813231,890.6429133415221,0.9249470233917236,cat
DATA_CLEAN/images/a6dd1ea40a96cb65.jpg,64.67911834716797,700.539794921875,921.983561706543,1461.0118591308594,0.5480193495750427,cat
DATA_CLEAN/images/a6dd1ea40a96cb65.jpg,796.2094940185548,425.2574142456055,2007.7606506347656,1480.8656402587892,0.29719632863998413,cat
DATA_CLEAN/images/a6f11549b3e740a2.jpg,336.3213062286377,232.85398483276367,1001.5310287475586,1776.2285232543945,0.932604968547821,cat
DATA_CLEAN/images/a725a22e4fc8cef0.jpg,0.0,153.06222352981567,1885.6924781799316,1591.0,0.9373732805252075,cat
DATA_CLEAN/images/a7551570ffc128c4(1).jpg,1557.2669151306152,382.05241870880127,5475.831115722656,3670.0,0.9290532469749451,cat
DATA_CLEAN/images/a79145e2663c4024(1).jpg,0.0,335.14621353149414,1980.331965637207,1930.658532714844,0.8416744470596313,cat
DATA_CLEAN/images/a7bddfd25c3b7087.jpg,519.1639087677003,786.1841545104982,1253.4775856018068,1687.0,0.6070036292076111,cat
DATA_CLEAN/images/a7f5945e09874125.jpg,808.5664712905884,104.59221019744874,2428.0,1613.0983783721924,0.9146309494972229,cat
DATA_CLEAN/images/a820decf60b6e01e.jpg,998.0009026527405,813.82679438591,1320.5225899219513,1141.6795105934143,0.9236053228378296,cat
DATA_CLEAN/images/a820decf60b6e01e.jpg,328.28221821784973,975.5845439434052,592.238935470581,1338.362586736679,0.9222234487533569,cat
DATA_CLEAN/images/a87393b9a4aa9db7(1).jpg,73.20671081542969,191.29755020141602,1186.2126159667969,547.8745079040527,0.9448086619377136,cat
DATA_CLEAN/images/a877f6428d9fa9b4.jpg,934.5808822631836,491.6526100158692,1574.3160049438477,1441.7888763427736,0.8955501317977905,cat
DATA_CLEAN/images/a8965668f3a0ed86.jpg,2091.88854675293,885.3844665527344,2347.9241729736327,1156.6229736328125,0.5681070685386658,cat
DATA_CLEAN/images/a89b9fcd46fec29b.jpg,283.010196685791,244.25511360168457,779.9378871917725,491.05257987976074,0.8881403207778931,cat
DATA_CLEAN/images/a8adeffb21eb2a97.jpg,152.418359375,1159.54541015625,1128.594921875,1532.7173828125,0.9261500835418701,cat
DATA_CLEAN/images/a8b96cc222632ede.jpg,586.6525650024414,62.96243667602539,998.9238739013672,626.3439655303955,0.9453569650650024,cat
DATA_CLEAN/images/a8b96cc222632ede.jpg,4.650712013244629,336.9076728820801,472.0076084136963,658.3368301391602,0.9188105463981628,cat
DATA_CLEAN/images/a9165496ae44a435(1).jpg,860.6491241455078,747.9849288940429,2756.3249450683593,1531.0572601318358,0.9169610738754272,cat
DATA_CLEAN/images/a9165496ae44a435(1).jpg,2257.9062469482424,844.2463394165039,3013.1689636230467,1476.9399536132812,0.39448168873786926,cat
DATA_CLEAN/images/a92d47c5b3718de4.jpg,573.2276346445084,259.02282800674436,3256.5495723724366,2056.9353830337523,0.7063754796981812,cat
DATA_CLEAN/images/a92d47c5b3718de4.jpg,580.9136145114899,257.9376455068588,4533.0,2213.1906393527984,0.26492106914520264,cat
DATA_CLEAN/images/a93851518bb9d82b(1).jpg,834.5801209449768,734.0533032894134,1896.8120350837708,2296.286441230774,0.7682803869247437,cat
DATA_CLEAN/images/a9488bce38b479cc(1).jpg,758.8317001342773,1101.4914184570312,2061.3480682373047,2872.535125732422,0.8492797613143921,cat
DATA_CLEAN/images/a96233bcb0413a2c.jpg,306.92778167724606,333.2493005752563,1854.0969821929932,1307.653883934021,0.9353733658790588,cat
DATA_CLEAN/images/a9773ac15afe30c6.jpg,23.9964599609375,21.4027099609375,769.5138549804688,763.212890625,0.8815888166427612,cat
DATA_CLEAN/images/a9773ac15afe30c6.jpg,349.02130126953125,23.556182861328125,1255.3984375,924.404052734375,0.3893424868583679,cat
DATA_CLEAN/images/a9aca0f87f1a647c.jpg,923.3398086547852,809.3666931152344,1613.9243820190432,1591.1066711425783,0.6540765166282654,cat
DATA_CLEAN/images/a9d1cd3731265961(1).jpg,864.3544921875,0.0,1280.0,427.01220703125,0.7304912805557251,cat
DATA_CLEAN/images/a9d1cd3731265961(1).jpg,241.29931640625,152.68231201171875,486.9692077636719,392.32177734375,0.5508795380592346,cat
DATA_CLEAN/images/aa11d56f2279aeff.jpg,511.1731719970703,175.40237426757812,926.7549896240234,894.676513671875,0.9232535362243652,cat
DATA_CLEAN/images/aa1ca8d0dece80ff(1).jpg,0.0,0.5968334197998046,4198.91545715332,2779.493746948242,0.8941198587417603,cat
DATA_CLEAN/images/aa294a09e29ceeee.jpg,399.9861015081405,229.28610401153563,1036.6673701286315,712.0277632713318,0.9579033851623535,cat
DATA_CLEAN/images/aa32c3eff2e9b7ed.jpg,346.02087593078613,585.6604499816895,738.6526565551758,835.2066707611084,0.9224625825881958,cat
DATA_CLEAN/images/aa3eacb739a8b650.jpg,151.1573486328125,3.26806640625,1255.916259765625,854.9454956054688,0.9324148893356323,cat
DATA_CLEAN/images/aa7a94810ab2fefc.jpg,582.9031219482422,224.1495414733887,2507.4928344726563,1838.38359375,0.8996787071228027,cat
DATA_CLEAN/images/aa858389c99f274a(1).jpg,1303.42763671875,762.39375,1942.025390625,1812.2789062499999,0.6872105002403259,cat
DATA_CLEAN/images/aab72f253786463a.jpg,44.82754039764404,426.2654027938843,309.8108501434326,1083.5775032043457,0.9385570287704468,cat
DATA_CLEAN/images/aae4d894ca601c74.jpg,13.1892578125,215.57490234375,1430.8947265625,1447.995703125,0.9546464681625366,cat
DATA_CLEAN/images/aaf5c7fb189bf7e5.jpg,850.9990234375,608.46513671875,1486.6109375,1301.4669921875,0.9102578163146973,cat
DATA_CLEAN/images/ab2b1e27101775d4.jpg,305.73699951171875,238.20361328125,715.4786376953125,584.8626708984375,0.6558315753936768,cat
DATA_CLEAN/images/ab356460bbf4e109.jpg,720.764476776123,523.8637550354005,2566.359722900391,1614.0683715820314,0.9540202617645264,cat
DATA_CLEAN/images/ab6656466d448fb8(1).jpg,215.69069595336916,655.1355026721955,3498.0,2468.6427377700807,0.9275146722793579,cat
DATA_CLEAN/images/ab6c6b3b73f70304.jpg,308.394775390625,397.033935546875,1532.9732421875,1385.1359375,0.9042313694953918,cat
DATA_CLEAN/images/ab80460f7d9ad0f9(1).jpg,164.80635871887208,268.1709115743637,604.0583707809449,614.1268676757812,0.9415937662124634,cat
DATA_CLEAN/images/ab8b3d38117395c6.jpg,1193.8268600463866,407.6349472045898,3163.1231689453125,2414.515869140625,0.7129493951797485,cat
DATA_CLEAN/images/aba158a9acee9679.jpg,343.70703125,274.3218994140625,2816.0,2112.0,0.9501304626464844,cat
DATA_CLEAN/images/abce74fd5f68ab4e.jpg,739.0129089355469,629.3885681152344,2460.056369018555,1550.6266571044923,0.9461966156959534,cat
DATA_CLEAN/images/abd6a3f88743afeb.jpg,22.954157686233522,51.786261606216435,4187.0,2271.544211292267,0.8969216346740723,cat
DATA_CLEAN/images/abf1bb9314549b2a.jpg,15.915400981903076,68.06018829345703,950.0,945.0653409957886,0.8327571749687195,cat
DATA_CLEAN/images/ac4535881725908e(1).jpg,1203.3283137321473,834.7152354717255,2188.3540563583374,2859.964767074585,0.7314193844795227,cat
DATA_CLEAN/images/ac635b26a1d5bca2.jpg,1136.567140197754,763.3070281982423,3905.8709960937504,1791.0751281738283,0.8237732648849487,cat
DATA_CLEAN/images/ac6a7032c684f027.jpg,114.77641296386719,129.107421875,613.0127563476562,430.2946472167969,0.9381732940673828,cat
DATA_CLEAN/images/ac70f85c0cae30a5.jpg,14.2254638671875,91.6058349609375,1517.515869140625,1051.2641906738281,0.9312145113945007,cat
DATA_CLEAN/images/acbdd7dddc63bd46.jpg,0.0,75.610302734375,292.6013671875,579.769921875,0.8923627734184265,cat
DATA_CLEAN/images/acbdd7dddc63bd46.jpg,602.338916015625,0.0,1024.0,551.8564453125,0.7637148499488831,cat
DATA_CLEAN/images/ad611a9a76cb7098.jpg,428.18054809570316,579.5729461669922,2609.4387817382812,2446.7119262695314,0.8934025764465332,cat
DATA_CLEAN/images/ad9ffe21e1bf15ab.jpg,152.63281631469727,60.14235591888428,1078.962942123413,939.9437942504883,0.9029654264450073,cat
DATA_CLEAN/images/adfbfc4c9c4efbf4(1).jpg,169.712100315094,734.7001601219177,638.7225117683411,1173.854562187195,0.9228607416152954,cat
DATA_CLEAN/images/ae03a42edf55cf32.jpg,263.7945001602173,1365.5545716762542,1719.0,2437.6576779365537,0.9311292171478271,cat
DATA_CLEAN/images/ae0e40abdc8de044.jpg,2153.1933517456055,174.79622268676758,4320.0,2014.1663818359375,0.9264742136001587,cat
DATA_CLEAN/images/ae0e40abdc8de044.jpg,1748.8745727539062,1028.154899597168,3158.6442489624023,2255.370735168457,0.7814316153526306,cat
DATA_CLEAN/images/ae3009d563228c00.jpg,609.7106842041015,306.3065444946289,3598.1533081054686,2358.9453674316405,0.5280629992485046,cat
DATA_CLEAN/images/ae3009d563228c00.jpg,1884.1719497680663,1736.5926055908203,3606.266009521484,2587.178515625,0.35996943712234497,cat
DATA_CLEAN/images/ae3009d563228c00.jpg,563.3556610107422,262.2064239501953,2383.6087921142575,2385.2948455810547,0.3247097134590149,cat
DATA_CLEAN/images/ae61c40aa42c66b7.jpg,1435.975144958496,396.328564453125,3729.5758941650392,2128.968081665039,0.9508931040763855,cat
DATA_CLEAN/images/ae7addddaf96cf48(1).jpg,584.4162963867187,442.8003845214844,1400.8693359375,2117.3003173828124,0.9004325866699219,cat
DATA_CLEAN/images/ae89a41a0d5e4ecd.jpg,1569.3629379272459,1078.6583061218262,2602.4640369415283,2243.9959087371826,0.6963373422622681,cat
DATA_CLEAN/images/ae99832eb6c2a769(1).jpg,544.8474060058594,1014.2761962890626,3264.0,1903.720056152344,0.8958499431610107,cat
DATA_CLEAN/images/aebc6024421a94c1.jpg,4.387603759765625,140.64236450195312,613.8621826171875,633.7471923828125,0.9389410018920898,cat
DATA_CLEAN/images/aed59896bb9ca12b.jpg,47.943164062499996,47.644189453125,2447.103662109375,1905.41982421875,0.6962382197380066,cat
DATA_CLEAN/images/aed59896bb9ca12b.jpg,20.57138671875,41.1863525390625,2567.2359375,1882.9822265624998,0.36644411087036133,cat
DATA_CLEAN/images/aef1eb6a245657c3.jpg,244.980712890625,310.8384765625,721.61162109375,597.39560546875,0.9584099054336548,cat
DATA_CLEAN/images/af065488c611cbc0.jpg,323.1558512210846,22.76398596763611,1146.2664703369142,1075.8442604064942,0.7763574123382568,cat
DATA_CLEAN/images/af268e1f2bbc70ce.jpg,17.915115356445312,323.47442626953125,1600.0,1100.7891845703125,0.9027883410453796,cat
DATA_CLEAN/images/af31adeaee1d298a(1).jpg,977.4927692413329,286.6825053691864,1613.716742992401,1818.1215276718137,0.7910637855529785,cat
DATA_CLEAN/images/af31adeaee1d298a(1).jpg,17.43761694431305,53.61746978759765,1046.3771753311157,2259.6527767181396,0.7011008858680725,cat
DATA_CLEAN/images/af31adeaee1d298a(1).jpg,16.346285104751587,58.805960655212395,1049.5408065319061,2292.2341618537903,0.46412670612335205,cat
DATA_CLEAN/images/af478cca063e38ae(1).jpg,181.23516845703125,312.5132751464844,505.8986511230469,574.45068359375,0.9022713303565979,cat
DATA_CLEAN/images/af4aac8e82c25c00.jpg,1704.5202651977538,343.1875877380371,2817.7115386962887,2086.115899658203,0.9127248525619507,cat
DATA_CLEAN/images/af5295d0ed8999ec.jpg,913.1465911865234,359.32483673095703,2583.219528198242,1747.0832824707031,0.9339810013771057,cat
DATA_CLEAN/images/af5e8e63c03eddc7.jpg,416.56024169921875,171.0845947265625,755.2823486328125,440.06732177734375,0.9210721254348755,cat
DATA_CLEAN/images/af73a12faf309e0e.jpg,1925.6024980545044,1485.7637460708618,3168.0205402374268,2107.617481994629,0.9144206047058105,cat
DATA_CLEAN/images/af98c4eeacda24c5.jpg,282.6730414390564,264.31901946067813,1748.0124675750733,1294.1252161026002,0.7434995174407959,cat
DATA_CLEAN/images/af98c4eeacda24c5.jpg,507.02901527881625,7.7929215192794805,2037.2854098320008,1050.7187343597413,0.5093245506286621,cat
DATA_CLEAN/images/af98c4eeacda24c5.jpg,1287.1823187828065,0.0,2045.0224504470825,971.2570646762848,0.26392608880996704,cat
DATA_CLEAN/images/afab5968bd765a5a.jpg,1581.998348236084,1800.8837699890134,4699.415874481201,3591.9445037841792,0.884392261505127,cat
DATA_CLEAN/images/afcc9edee4645715(1).jpg,103.86845397949219,24.7417236328125,2448.0,3049.3025756835937,0.8772874474525452,cat
DATA_CLEAN/images/afdf8db18e599847.jpg,1869.1151275634766,1997.4605026245117,4320.0,3238.400665283203,0.9014434814453125,cat
DATA_CLEAN/images/afe30a8136b14a44(1).jpg,7.700830078125,917.7671875,824.226953125,1465.7029296875,0.7374268770217896,cat
DATA_CLEAN/images/affe6f336c61d0b5.jpg,0.0,292.41094970703125,894.048095703125,1276.221435546875,0.8768833875656128,cat
DATA_CLEAN/images/b002ab5ecaaae7a7(1).jpg,784.4083580017091,2411.2588623046877,1826.1113571166993,2991.968151855469,0.6488198637962341,cat
DATA_CLEAN/images/b002ab5ecaaae7a7(1).jpg,785.9261810302735,2410.3899810791017,1793.132926940918,2968.9097991943363,0.2522694766521454,cat
DATA_CLEAN/images/b08b95c7cb9a4d4d.jpg,98.30463664531707,128.43072986602783,1482.3459951877594,1419.740599346161,0.9514147639274597,cat
DATA_CLEAN/images/b09099d29aaf116c.jpg,0.0,132.28797912597656,1372.8646850585938,1067.0,0.7178029417991638,cat
DATA_CLEAN/images/b09099d29aaf116c.jpg,241.32675170898438,125.68126678466797,1375.1707458496094,1027.0956420898438,0.2790827453136444,cat
DATA_CLEAN/images/b0d594f9992151bc.jpg,2.755035400390625,245.17257385253905,1081.8578857421874,1821.3837280273435,0.3965977728366852,cat
DATA_CLEAN/images/b0e3d120d3f79cdf.jpg,0.0,1726.9959796428682,510.43363888263707,2619.299502658844,0.6963867545127869,cat
DATA_CLEAN/images/b0e3d120d3f79cdf.jpg,0.0,1723.331540107727,508.90575592517854,2631.541851806641,0.5540466904640198,cat
DATA_CLEAN/images/b0ef45feb5ffffb9(1).jpg,0.0,453.734912109375,858.875390625,1534.3521484375,0.9152429699897766,cat
DATA_CLEAN/images/b0ef45feb5ffffb9(1).jpg,1465.331640625,576.94423828125,2048.0,1533.0796875,0.879976749420166,cat
DATA_CLEAN/images/b0f507555049e00c.jpg,221.835205078125,203.46441192626955,3538.9763671875003,2303.4157836914064,0.8538869619369507,cat
DATA_CLEAN/images/b1147ea0696eb748.jpg,691.2482898473739,1093.1172080039978,1395.0303102493285,1649.502660369873,0.7863193154335022,cat
DATA_CLEAN/images/b176633367771134.jpg,351.8756103515625,10.992584228515625,973.2325744628906,1067.1336364746094,0.8512028455734253,cat
DATA_CLEAN/images/b18d5a4f48a1713f.jpg,28.25609893798828,38.85959701538086,2832.0,1774.9994613647461,0.9239492416381836,cat
DATA_CLEAN/images/b1af795b24061f25(1).jpg,1198.4224033355713,491.2782096862793,2378.868942260742,1843.1366157531738,0.5742282867431641,cat
DATA_CLEAN/images/b1e4780775b748e9.jpg,733.8552734375,621.9953125,1191.98896484375,1112.9572265625,0.9063996076583862,cat
DATA_CLEAN/images/b1ea70b188b871ee(1).jpg,926.1979675292969,608.1029510498047,1197.3370361328125,855.2866363525391,0.5692312717437744,cat
DATA_CLEAN/images/b1f36ee3bd0661a1.jpg,604.1868591308594,316.4976501464844,1126.7132568359375,1084.5689392089844,0.8591297268867493,cat
DATA_CLEAN/images/b1f983f2cf5faa92(1).jpg,949.2669796943665,557.4256324768066,3422.5276851654053,2612.2943687438965,0.9472819566726685,cat
DATA_CLEAN/images/b212450b7ba90e76.jpg,506.21376037597656,400.8063507080078,1393.3883666992188,690.7215881347656,0.804836630821228,cat
DATA_CLEAN/images/b21686bc1b8c2061.jpg,624.0498046875,279.248779296875,789.679443359375,540.94765625,0.9526492357254028,cat
DATA_CLEAN/images/b22d019c31691d33.jpg,472.0254135131836,437.5335693359375,1600.0,1063.6788940429688,0.9441248178482056,cat
DATA_CLEAN/images/b25e1c96955cf9dd.jpg,330.9127427101135,50.715783333778376,1482.968176460266,1051.1347558021544,0.9025607109069824,cat
DATA_CLEAN/images/b27bbbc60b0368e9.jpg,464.2516075134277,1336.0607223510742,1096.454248046875,1873.4730651855468,0.9149399995803833,cat
DATA_CLEAN/images/b27bbbc60b0368e9.jpg,367.5511589050293,175.53500328063964,931.4891021728515,505.9152473449707,0.8919639587402344,cat
DATA_CLEAN/images/b27d30e9f14731de.jpg,1509.3379974365234,0.6784439086914062,2778.724479675293,2392.368507385254,0.7902337312698364,cat
DATA_CLEAN/images/b2886b9a1d3f054b.jpg,431.2996490478515,151.48103942871094,1793.492544555664,1414.850289916992,0.9238438010215759,cat
DATA_CLEAN/images/b297d56cf11872ea(1).jpg,1163.597183227539,725.1882171630859,1600.0,1086.6326904296875,0.8787906169891357,cat
DATA_CLEAN/images/b2b1f78bfe9ddb41.jpg,664.21748046875,172.961865234375,1637.13671875,1002.74462890625,0.8017516136169434,cat
DATA_CLEAN/images/b2b1f78bfe9ddb41.jpg,290.42177734375,691.72841796875,1754.7556640625,1533.8548828125,0.788556694984436,cat
DATA_CLEAN/images/b2b433f79799d7b0.jpg,427.51341705322267,406.5702896118164,2588.6109924316406,1814.5223602294923,0.8347815275192261,cat
DATA_CLEAN/images/b2b433f79799d7b0.jpg,76.00226440429688,420.86054306030275,2478.7760009765625,1832.6771575927735,0.3421929180622101,cat
DATA_CLEAN/images/b3248c5f82830e1b(1).jpg,251.4982458114624,401.6072576522827,3158.663194656372,2338.108071899414,0.9081177711486816,cat
DATA_CLEAN/images/b349aecb322b3e17(1).jpg,1320.285415649414,874.1003036499023,3804.080772399902,3243.270492553711,0.9090492725372314,cat
DATA_CLEAN/images/b3833bbf116406e1.jpg,265.8499240875244,255.0447940826416,490.3864860534668,386.6917133331299,0.914331316947937,cat
DATA_CLEAN/images/b38dca4573f286aa.jpg,572.1560096740723,336.72752380371094,713.8703727722168,631.062183380127,0.7951371073722839,cat
DATA_CLEAN/images/b38dca4573f286aa.jpg,572.340145111084,335.76061248779297,715.5404090881348,632.5083160400391,0.3639909029006958,cat
DATA_CLEAN/images/b39cf3d0860e3373.jpg,0.0,2.2575836181640625,626.3432006835938,434.100830078125,0.9228576421737671,cat
DATA_CLEAN/images/b3df27e8beb537b8.jpg,257.3494384765625,219.85166015625,618.99365234375,709.702734375,0.8284231424331665,cat
DATA_CLEAN/images/b3e871254d25ee49.jpg,846.3611407279968,858.3161009550095,1106.1270854473114,1631.8222017288208,0.9317302703857422,cat
DATA_CLEAN/images/b3e871254d25ee49.jpg,0.0,1700.9619007110596,676.4654955863953,2435.0,0.9020427465438843,cat
DATA_CLEAN/images/b3e871254d25ee49.jpg,1473.4916779994965,1222.9817781448364,1919.0,1749.7435956001282,0.8719198107719421,cat
DATA_CLEAN/images/b40e9cd729b19697(1).jpg,493.79912109375,277.78857421875,617.442041015625,446.87978515625,0.8593922853469849,cat
DATA_CLEAN/images/b40e9cd729b19697(1).jpg,94.65526123046875,293.75478515625,175.2998291015625,397.430859375,0.39124464988708496,cat
DATA_CLEAN/images/b40e9cd729b19697(1).jpg,284.17890625,285.9111328125,400.2951416015625,427.222216796875,0.3293958306312561,cat
DATA_CLEAN/images/b4362a186e5a837f.jpg,2.314453125,276.64619140625,1676.538671875,1120.93408203125,0.9498718976974487,cat
DATA_CLEAN/images/b43d583d5b296e17.jpg,2.7316656589508055,1185.2751056671143,410.2163354873657,2220.5419796943665,0.3924645781517029,cat
DATA_CLEAN/images/b4626f8bbb04436d.jpg,513.0465133666992,204.76552505493163,4082.7321350097654,2808.858251953125,0.8298904299736023,cat
DATA_CLEAN/images/b475e48406da4a89.jpg,432.82304992675785,586.0339462280274,3093.754321289063,2389.3428314208986,0.949569582939148,cat
DATA_CLEAN/images/b496d4d42553f31c.jpg,835.0606445789336,157.3400912761688,1549.0287648200988,927.4504644870758,0.9083749055862427,cat
DATA_CLEAN/images/b496d4d42553f31c.jpg,118.27147874832153,356.4685451507568,1020.1657068252563,848.1938354969025,0.6740078926086426,cat
DATA_CLEAN/images/b496d4d42553f31c.jpg,62.85094673633575,633.5470927238464,1017.9484348297118,1027.1279470443726,0.4498834013938904,cat
DATA_CLEAN/images/b4bedc2a8432500b(1).jpg,223.98263549804688,161.2486572265625,350.4903564453125,337.76519775390625,0.9231293797492981,cat
DATA_CLEAN/images/b4bedc2a8432500b(1).jpg,343.4436950683594,112.798828125,426.4921875,212.79556274414062,0.417820006608963,cat
DATA_CLEAN/images/b4e056bd92869c07.jpg,522.7062149047852,2326.7919273376465,1134.5255310058594,3291.056350708008,0.9441843032836914,cat
DATA_CLEAN/images/b4f163e8fa3cc4de(1).jpg,1555.2758056640623,1030.617333984375,2689.17275390625,2083.9447265625,0.6345109939575195,cat
DATA_CLEAN/images/b4f163e8fa3cc4de(1).jpg,781.1240844726562,1779.22529296875,1603.7259521484375,2418.1793701171873,0.47031369805336,cat
DATA_CLEAN/images/b4f163e8fa3cc4de(1).jpg,786.1932312011718,1775.25439453125,1525.2113891601562,2415.5028808593747,0.3803582489490509,cat
DATA_CLEAN/images/b4f163e8fa3cc4de(1).jpg,4063.2508300781246,1300.3745361328124,4607.72314453125,2254.6940185546873,0.3568909168243408,cat
DATA_CLEAN/images/b4f5381f4f3b8a11.jpg,0.0,304.56919555664064,2249.2591918945313,2300.116552734375,0.9427293539047241,cat
DATA_CLEAN/images/b4fcbddfead222ae.jpg,158.96067752838135,54.265828084945674,2868.071352767944,2278.6864162445067,0.9507991671562195,cat
DATA_CLEAN/images/b50fca5e367b7951.jpg,0.0,188.06841430664065,2394.895056152344,3268.715185546875,0.9031674861907959,cat
DATA_CLEAN/images/b54911123a600759.jpg,805.1394561767579,600.312387084961,1914.6256347656251,1273.989990234375,0.9235759377479553,cat
DATA_CLEAN/images/b5724f94219a6dbe(1).jpg,87.291845703125,899.7306640625,1411.0517578125,1525.7765625,0.7640098333358765,cat
DATA_CLEAN/images/b580551f72fc5f74.jpg,727.18916015625,2115.199291992187,2206.6308837890624,3863.76181640625,0.9335801005363464,cat
DATA_CLEAN/images/b580be34ae81da78(1).jpg,125.341064453125,718.96220703125,1088.67236328125,1199.0841796875,0.8873971700668335,cat
DATA_CLEAN/images/b580be34ae81da78(1).jpg,1568.1810546875,43.5302734375,2048.0,712.82890625,0.7318214178085327,cat
DATA_CLEAN/images/b58c3e8d55d1600c(1).jpg,1.7838134765625,237.6884765625,432.7466125488281,726.6548309326172,0.9110519886016846,cat
DATA_CLEAN/images/b58c3e8d55d1600c(1).jpg,442.96229553222656,4.452392578125,637.0835266113281,411.1956024169922,0.8205525875091553,cat
DATA_CLEAN/images/b5a7f915fe37edca.jpg,237.38915920257566,2781.946277618408,1818.3046817779539,3709.4601631164546,0.8796103000640869,cat
DATA_CLEAN/images/b5b41739bc924c7c.jpg,399.59468841552734,380.09464263916016,931.0986328125,884.7332763671875,0.8363213539123535,cat
DATA_CLEAN/images/b5b41739bc924c7c.jpg,644.351806640625,584.0556335449219,1467.503662109375,946.4476776123047,0.4904516637325287,cat
DATA_CLEAN/images/b5b41739bc924c7c.jpg,639.6389007568359,585.0342559814453,1471.56982421875,947.9267883300781,0.28698593378067017,cat
DATA_CLEAN/images/b63fd62fbca14c3b.jpg,1415.8261779785157,2117.886437988281,1807.3924987792968,2800.320849609375,0.8488082885742188,cat
DATA_CLEAN/images/b63fd62fbca14c3b.jpg,1419.7143676757812,2129.48408203125,1771.243634033203,2808.6211120605467,0.43198254704475403,cat
DATA_CLEAN/images/b6485d8d979e6cdf(1).jpg,0.0,525.7757568359375,774.1748046875,920.726318359375,0.9564951658248901,cat
DATA_CLEAN/images/b653be45b2d84ea9(1).jpg,374.3702907562256,1163.4730850219726,1718.6894577026367,2586.7195220947265,0.8961181640625,cat
DATA_CLEAN/images/b662c1f9d5979064.jpg,3468.8549041748047,1266.4108276367188,4000.0,2617.9502487182617,0.6898173093795776,cat
DATA_CLEAN/images/b6681019340443e8.jpg,835.2329910278321,391.240153503418,3238.00791015625,2734.4512207031253,0.7466539144515991,cat
DATA_CLEAN/images/b6681019340443e8.jpg,836.9045593261719,390.38656921386723,3214.201779174805,2736.438021850586,0.3345560133457184,cat
DATA_CLEAN/images/b67062e5a5288399.jpg,0.0,7.55584716796875,3599.6529693603516,2262.025360107422,0.9578922986984253,cat
DATA_CLEAN/images/b6a40f4634ac774c.jpg,257.0193461894989,84.6430534362793,1410.6099130630494,1350.710778427124,0.9439578056335449,cat
DATA_CLEAN/images/b6c7ca36091c6462(1).jpg,110.539794921875,682.514306640625,381.833203125,946.27841796875,0.9203307628631592,cat
DATA_CLEAN/images/b6c7ca36091c6462(1).jpg,362.276708984375,105.8314453125,595.74208984375,341.28095703125,0.8936740159988403,cat
DATA_CLEAN/images/b6f14306f612b3f0.jpg,606.1581573486328,665.1810241699219,3433.483923339844,1696.6801116943361,0.6207189559936523,cat
DATA_CLEAN/images/b6fa9b382333c277(1).jpg,0.0,415.43479919433594,1272.702865600586,1200.0,0.6566029787063599,cat
DATA_CLEAN/images/b6fa9b382333c277(1).jpg,20.062255859375,389.42569732666016,1283.1988525390625,991.61376953125,0.6447316408157349,cat
DATA_CLEAN/images/b74b9eccdda8d47a.jpg,836.5498809814453,1552.4748321533202,1593.4981750488282,1986.4971588134765,0.7026844024658203,cat
DATA_CLEAN/images/b76e31b9d91537d7(1).jpg,645.57685546875,914.363671875,918.14091796875,1462.35234375,0.9401602149009705,cat
DATA_CLEAN/images/b76e31b9d91537d7(1).jpg,612.49970703125,1709.0322265625,896.1359375,1913.580859375,0.3729327917098999,cat
DATA_CLEAN/images/b787d4a868f0924f.jpg,757.0117765665054,5.107807469367981,1408.5066431999207,1134.2338925838471,0.8806101083755493,cat
DATA_CLEAN/images/b7a0e1291ad966e5(1).jpg,1272.1209526062012,439.9354934692383,2026.760482788086,1158.1106185913086,0.61709064245224,cat
DATA_CLEAN/images/b7cc312836b36c05.jpg,0.07466506958007812,1343.6527633666992,890.6295166015625,2552.951919555664,0.9039909839630127,cat
DATA_CLEAN/images/b7d1e103e05cc75c.jpg,590.5238535165787,371.3658637046814,2352.898070526123,1704.716599035263,0.9630371332168579,cat
DATA_CLEAN/images/b7dfb3138ec89b2e.jpg,3224.503200531006,409.7768074035644,5616.0,3737.7665222167966,0.9269249439239502,cat
DATA_CLEAN/images/b7f9eb90df228114.jpg,1006.7632324218749,189.6012451171875,3064.8544921875,1916.7552246093749,0.937645435333252,cat
DATA_CLEAN/images/b846d5d316906e28.jpg,367.38223056793214,0.0,1422.0,785.0065824508667,0.8811531066894531,cat
DATA_CLEAN/images/b84a9da530d128cb(1).jpg,148.3379150390625,615.8092529296874,903.997265625,2045.3835937499998,0.8053091168403625,cat
DATA_CLEAN/images/b8534b5984020b46.jpg,27.1983642578125,27.453369140625,354.89013671875,628.158740234375,0.891452431678772,cat
DATA_CLEAN/images/b8534b5984020b46.jpg,315.067138671875,26.585693359375,657.7482421875,458.546875,0.677160382270813,cat
DATA_CLEAN/images/b854dfff4f901fbc(1).jpg,1155.7520904541016,285.3100891113281,3341.693084716797,1722.7287139892578,0.9505060315132141,cat
DATA_CLEAN/images/b873426d266ef9bb.jpg,913.2620811462402,277.6691436767578,3978.0380249023438,2897.4010467529297,0.8715490102767944,cat
DATA_CLEAN/images/b88ef341353fb3cf.jpg,1039.1835486412049,789.7937137365341,1634.498812150955,1664.3702144622803,0.9546676874160767,cat
DATA_CLEAN/images/b8b5612d2f5a53e3.jpg,0.0,428.1163848876953,2029.4133270263671,2000.0,0.9053419828414917,cat
DATA_CLEAN/images/b8cb723ea7b1a8f3.jpg,126.9825439453125,61.487762451171875,1234.102783203125,703.1686401367188,0.9481783509254456,cat
DATA_CLEAN/images/b8d2203bb30386ea.jpg,623.1030183792113,449.71028194427487,1082.289098739624,959.560534286499,0.9077596068382263,cat
DATA_CLEAN/images/b8f8d6fadea0cf16(1).jpg,225.2360382080078,541.3438720703125,507.4873046875,813.319580078125,0.9395785331726074,cat
DATA_CLEAN/images/b8f8d6fadea0cf16(1).jpg,596.3757934570312,685.4627075195312,924.290283203125,947.6822509765625,0.9182848334312439,cat
DATA_CLEAN/images/b8f8d6fadea0cf16(1).jpg,384.3876953125,312.6780700683594,617.6723022460938,416.6998291015625,0.533400297164917,cat
DATA_CLEAN/images/b90deaaa0809d2aa.jpg,12.268088364601136,1149.1608019351959,2109.5221478462217,3086.5197046279904,0.9524779915809631,cat
DATA_CLEAN/images/b9113c2838b00906.jpg,15.710110473632813,620.0896041870117,2871.0821044921877,2086.808935546875,0.8816152811050415,cat
DATA_CLEAN/images/b91b23c0d9cd2f09(1).jpg,723.690673828125,414.93865966796875,847.2252807617188,489.6951904296875,0.41631582379341125,cat
DATA_CLEAN/images/b91b23c0d9cd2f09(1).jpg,655.5245971679688,434.1126708984375,716.2003784179688,483.4412841796875,0.29156094789505005,cat
DATA_CLEAN/images/b92a96edb01f9476.jpg,392.9449254989624,374.1302251815796,1206.1884823322296,887.95607213974,0.9189058542251587,cat
DATA_CLEAN/images/b932a9e8264d827b.jpg,763.97138671875,487.13605957031245,2944.93447265625,2091.11806640625,0.8558154106140137,cat
DATA_CLEAN/images/b94287dbb834b2ed.jpg,218.06943874359132,27.14164481163025,522.3462960243226,447.898077583313,0.44670143723487854,cat
DATA_CLEAN/images/b9a42dc26b2f0f28(1).jpg,120.2893497467041,216.99593772888184,918.0021175384522,814.5016120910645,0.9486749172210693,cat
DATA_CLEAN/images/b9bc07dcf76fba64.jpg,1985.9517333984375,1715.9961181640624,3421.8065917968747,2555.126806640625,0.8771011829376221,cat
DATA_CLEAN/images/b9ccb8190ac312a3.jpg,41.3023567199707,140.34985542297363,1200.0,540.7671546936035,0.9110497236251831,cat
DATA_CLEAN/images/b9d4b82c9b856014.jpg,401.9615234375,1213.6222908973693,1351.7494198322297,2148.128879928589,0.253024160861969,cat
DATA_CLEAN/images/ba1c73c4940662f4(1).jpg,1034.4035153388977,265.67467174530026,2202.0,1028.9323041915893,0.9088003635406494,cat
DATA_CLEAN/images/ba1c73c4940662f4(1).jpg,206.35554785728453,431.62991323471067,1083.3364520072937,1028.8506145477295,0.9002523422241211,cat
DATA_CLEAN/images/ba1c73c4940662f4(1).jpg,1029.0264887809753,155.71589612960815,1689.6269087791443,681.4176292419434,0.8255525231361389,cat
DATA_CLEAN/images/ba1c73c4940662f4(1).jpg,1661.0396284103392,62.48575258255004,2131.5207372665404,524.082640171051,0.4805510640144348,cat
DATA_CLEAN/images/ba41a81851aad8e8.jpg,286.1763656616211,1007.793406677246,3590.3702178955077,2188.4034759521483,0.9613968729972839,cat
DATA_CLEAN/images/ba4727edb1acb9d6(1).jpg,47.648681640625,92.80450439453125,306.29931640625,544.158935546875,0.9034796953201294,cat
DATA_CLEAN/images/ba4727edb1acb9d6(1).jpg,342.89862060546875,30.28289794921875,640.0,588.290771484375,0.7727891206741333,cat
DATA_CLEAN/images/ba4727edb1acb9d6(1).jpg,337.44403076171875,354.53466796875,638.9221801757812,601.5623779296875,0.32219427824020386,cat
DATA_CLEAN/images/ba7a129e04138165.jpg,1484.8944082260132,309.87900230884554,2759.066417694092,2144.208038330078,0.9230698347091675,cat
DATA_CLEAN/images/ba8088bd7ec23aed.jpg,401.1280822753906,636.9206237792969,852.4388122558594,1268.7403869628906,0.9116315841674805,cat
DATA_CLEAN/images/baa4fb7e3ee3aef5.jpg,52.1034194946289,0.0,1578.706103515625,1170.2549404144286,0.638380765914917,cat
DATA_CLEAN/images/bacd1efb2bc1ac6f(1).jpg,386.0126495361328,266.50569915771484,1513.7124633789062,1007.8249359130859,0.9387195706367493,cat
DATA_CLEAN/images/bafa8a2cd3f8d66a(1).jpg,219.92584228515625,317.6322021484375,436.5738220214844,744.4813232421875,0.6258218288421631,cat
DATA_CLEAN/images/bafa8a2cd3f8d66a(1).jpg,218.09962463378906,318.698974609375,439.950927734375,743.904052734375,0.5914216041564941,cat
DATA_CLEAN/images/bb0eb65df8b9260a.jpg,1136.2289337158204,26.43391914367676,2443.3674224853517,1177.3027908325196,0.8628071546554565,cat
DATA_CLEAN/images/bb13789fc08a00aa.jpg,0.0,213.2772216796875,647.3709716796875,953.157470703125,0.7795507907867432,cat
DATA_CLEAN/images/bb7606369b4b8763.jpg,298.16455078125,372.61401672363286,3648.0,2057.890823364258,0.9601588249206543,cat
DATA_CLEAN/images/bba07b12eebbae66.jpg,804.2938995361328,518.795166015625,1057.645263671875,794.5818328857422,0.9239526987075806,cat
DATA_CLEAN/images/bbaa5d3417723d28(1).jpg,329.5877288818359,208.01582946777341,1826.8318634033203,1568.792105102539,0.9318870306015015,cat
DATA_CLEAN/images/bbae64f2174d7826.jpg,711.0724720478057,14.664837884902953,4909.0,1902.8318274974822,0.8394250869750977,cat
DATA_CLEAN/images/bbc07dd5e8c769a5.jpg,0.0,449.58856201171875,2870.4325561523438,3450.649438476563,0.9492324590682983,cat
DATA_CLEAN/images/bbcd448bbed1ff25.jpg,102.81237945556641,0.0,2592.0,1358.2500869750977,0.4873921275138855,cat
DATA_CLEAN/images/bbe61ba7785d95c6.jpg,854.2939453125,106.7044921875,1129.1865234375,809.7248046875,0.783571720123291,cat
DATA_CLEAN/images/bbf93731d26818d2(1).jpg,1847.7199264526366,711.9152675628662,3888.0,1923.895101928711,0.9524893760681152,cat
DATA_CLEAN/images/bbf93731d26818d2(1).jpg,199.66872024536133,605.5862674713135,1460.0042976379395,2592.0,0.9223905801773071,cat
DATA_CLEAN/images/bc45bebcd8600310.jpg,5.5631156921386715,136.9895332336426,3715.1459350585938,2393.8655364990236,0.9164000153541565,cat
DATA_CLEAN/images/bc899d4914d8d0db.jpg,0.0,162.09928529262544,1543.872580432892,1183.2835753440856,0.9388436079025269,cat
DATA_CLEAN/images/bc9525dc1a80e467(1).jpg,426.9628601074219,28.582168579101562,1442.41259765625,1162.7376708984375,0.9346926212310791,cat
DATA_CLEAN/images/bc99f2da80b7a20f.jpg,139.31328649520873,35.09274072647094,1334.2803619384765,1198.201868057251,0.9389355182647705,cat
DATA_CLEAN/images/bca30b6877ae8e53(1).jpg,42.899267578125,123.188671875,1024.0,756.77197265625,0.8138442039489746,cat
DATA_CLEAN/images/bca30b6877ae8e53(1).jpg,32.5162109375,125.8345458984375,1024.0,751.52158203125,0.28802165389060974,cat
DATA_CLEAN/images/bcafc1fb650f83e7.jpg,507.9134948730469,1490.0628662109375,1726.5160675048828,2354.0415893554687,0.9017922282218933,cat
DATA_CLEAN/images/bcd7d51d5436b59a.jpg,2011.5055824279784,968.8796287536621,3683.768911743164,2411.0523330688475,0.6558956503868103,cat
DATA_CLEAN/images/bcd7d51d5436b59a.jpg,768.1002113342286,697.5847526550293,3607.5733428955077,2428.59285736084,0.5599244832992554,cat
DATA_CLEAN/images/bd14499d71a4ef70.jpg,1262.5617752075195,632.9073974609374,3613.904577636719,2559.734912109375,0.9278688430786133,cat
DATA_CLEAN/images/bd29eafc3a86d299.jpg,20.60749053955078,382.4333381652832,989.2746734619141,764.3953514099121,0.9502594470977783,cat
DATA_CLEAN/images/bd515f6a84299258.jpg,1081.93862323761,915.698597431183,1652.668244457245,2002.0852550506595,0.9208271503448486,cat
DATA_CLEAN/images/bd7975cf3df58593(1).jpg,0.0,485.01524505615237,1787.9941955566408,2445.434747314453,0.9142850637435913,cat
DATA_CLEAN/images/bda99bc189547aec.jpg,563.9309280395507,170.0012191772461,2593.694741821289,2348.6738891601562,0.8948485255241394,cat
DATA_CLEAN/images/bddf7d28d976e4a5.jpg,663.8127731323243,622.4751617431641,1737.1489196777345,1739.0498291015626,0.9384068250656128,cat
DATA_CLEAN/images/bddf7d28d976e4a5.jpg,1175.2885437011719,218.36276779174807,2074.660208129883,969.0947479248048,0.845353364944458,cat
DATA_CLEAN/images/be2c87554970faed.jpg,0.445770263671875,0.0,981.941047668457,903.2955551147461,0.8970165252685547,cat
DATA_CLEAN/images/be44edf5ca43ca5c(1).jpg,237.9693260192871,0.0,2245.6189544677736,1634.3548324584963,0.9513696432113647,cat
DATA_CLEAN/images/be5a0ebfe0061d99.jpg,33.48992722034455,96.89112348556519,429.4296524047852,586.7051365852357,0.9191795587539673,cat
DATA_CLEAN/images/beb4605ae192f6a8.jpg,334.81892824172974,120.00153541564941,713.4921503067017,767.1132946014404,0.9088155627250671,cat
DATA_CLEAN/images/bec740017e0478da.jpg,114.34677124023438,54.67529296875,1336.9602966308594,819.9392700195312,0.9153028130531311,cat
DATA_CLEAN/images/bf066a97e1b4950e.jpg,0.0,368.59153985977173,2433.046257019043,2398.0,0.9318394660949707,cat
DATA_CLEAN/images/bf172440647c2994(1).jpg,939.9974853515624,524.0728271484375,2317.651171875,2029.4211914062498,0.9290937185287476,cat
DATA_CLEAN/images/bf464c2eda1be5c7.jpg,337.5306701660156,304.8893356323242,1571.9895935058594,1259.2904663085938,0.9112423658370972,cat
DATA_CLEAN/images/bf464c2eda1be5c7.jpg,367.70374298095703,258.2904052734375,936.0790252685547,857.0492553710938,0.5310608148574829,cat
DATA_CLEAN/images/bf464c2eda1be5c7.jpg,1.55120849609375,0.0,571.6733169555664,557.3966979980469,0.45580434799194336,cat
DATA_CLEAN/images/bf7b21174922c0fe.jpg,337.6957557678223,1318.043566131592,1184.8566192626954,2294.376683807373,0.9407879114151001,cat
DATA_CLEAN/images/bf98db74183574cc.jpg,335.1244286298752,787.79856133461,682.8049421310425,966.5974760055542,0.9469306468963623,cat
DATA_CLEAN/images/bfba598879088569(1).jpg,146.8858543395996,924.9793739318848,1827.8314453125001,2592.0,0.8816817998886108,cat
DATA_CLEAN/images/bfd4ec0cf47b3877(1).jpg,455.5039978027344,545.8901586532593,912.2974724769592,941.6141033172607,0.9418854117393494,cat
DATA_CLEAN/images/bfe9624b1a830e99.jpg,,,,,,
DATA_CLEAN/images/bff5f119960d7087.jpg,706.1011352539062,359.0736083984375,1008.948974609375,541.3280029296875,0.8199201822280884,cat
DATA_CLEAN/images/bff5f119960d7087.jpg,706.1568603515625,361.3236083984375,1009.9073486328125,541.6947631835938,0.4895869195461273,cat
DATA_CLEAN/images/c0ab852f24c4a1b8.jpg,256.4817810058594,208.09635162353516,1600.0,1150.5783081054688,0.9358106851577759,cat
DATA_CLEAN/images/c0af07fb5144c388(1).jpg,273.1688404083252,331.3157844543457,427.0672130584717,555.5360984802246,0.9512423276901245,cat
DATA_CLEAN/images/c0af07fb5144c388(1).jpg,779.0142631530762,542.4483489990234,999.0605163574219,703.0565643310547,0.9022085666656494,cat
DATA_CLEAN/images/c0bb880027f14a8a(1).jpg,63.61083984375,113.36567687988281,563.1178588867188,634.7772827148438,0.8899939060211182,cat
DATA_CLEAN/images/c1079b8b9dd15af2.jpg,1014.8937011718749,907.6713134765624,3717.5541503906247,3448.400537109375,0.9310336112976074,cat
DATA_CLEAN/images/c111fb089bca7023.jpg,165.956787109375,130.0379638671875,640.0,327.83062744140625,0.8527697324752808,cat
DATA_CLEAN/images/c111fb089bca7023.jpg,0.0,309.2872619628906,399.466796875,489.5239562988281,0.8076221346855164,cat
DATA_CLEAN/images/c135b92c95a6d58e(1).jpg,2.2588491439819336,140.6951665878296,1233.0681324005127,772.0028400421143,0.9138369560241699,cat
DATA_CLEAN/images/c14e3bd2529cecf8.jpg,35.67116088867188,474.3770015716553,2775.575848388672,1925.3827514648438,0.9469216465950012,cat
DATA_CLEAN/images/c1b0764067dab1e5.jpg,298.8898010253906,221.90420532226562,946.1348876953125,731.7899169921875,0.9403985738754272,cat
DATA_CLEAN/images/c21d55c53d889fcd.jpg,0.0,190.18833618164064,3495.195483398438,2550.0287109375004,0.9318698048591614,cat
DATA_CLEAN/images/c25e1ab6b1bc2eca.jpg,600.32080078125,3.6660530090332033,2103.123394775391,1703.4367309570314,0.6171121597290039,cat
DATA_CLEAN/images/c28c3dc0fe6fb8c6(1).jpg,152.94708251953125,72.646728515625,931.5932922363281,600.3452453613281,0.8004350662231445,cat
DATA_CLEAN/images/c296e2f72ace85ef.jpg,765.3559844970704,0.0,3648.0,2154.5452056884765,0.8523927927017212,cat
DATA_CLEAN/images/c3085e5b4bb7ead4.jpg,31.1167236328125,240.99992828369142,3112.3749145507813,2848.0,0.8643519878387451,cat
DATA_CLEAN/images/c3299b523e7441f4.jpg,1723.149398803711,260.22362327575684,4240.0,2823.2710037231445,0.903121829032898,cat
DATA_CLEAN/images/c333b39893b3dfcb(1).jpg,489.03656005859375,85.41354370117188,858.33056640625,817.93701171875,0.9393044710159302,cat
DATA_CLEAN/images/c342c760c714e38e(1).jpg,862.5582550048829,730.9893280029297,3617.5123046875,2618.65234375,0.9524252414703369,cat
DATA_CLEAN/images/c39c50596608114d.jpg,771.145556640625,307.20478515625,1373.32177734375,1236.2423828125,0.9062936902046204,cat
DATA_CLEAN/images/c3bb8b7015a121b3.jpg,0.0,73.3187255859375,1920.0,1233.20361328125,0.9272860288619995,cat
DATA_CLEAN/images/c3d368fe01d92a79(1).jpg,114.35333251953125,242.33001708984375,1405.3062438964844,1102.5527954101562,0.9429258108139038,cat
DATA_CLEAN/images/c3dbd2c2ed5164f8.jpg,1931.0415122032166,2866.746164560318,2431.8093503952027,3794.802856731415,0.9344077110290527,cat
DATA_CLEAN/images/c3e8f88114fcd014.jpg,878.5774917602539,249.77348785400392,3008.0,1839.667465209961,0.8075210452079773,cat
DATA_CLEAN/images/c3f9579c01f4bd60.jpg,12.735477900505066,63.18269393444061,1861.2705664157866,1975.1244301795957,0.916750967502594,cat
DATA_CLEAN/images/c40a57b169eae1dc.jpg,18.664610385894775,732.6150107383728,2344.0420746803284,3436.1194562911987,0.9260642528533936,cat
DATA_CLEAN/images/c43e54a942ab7cd8.jpg,1393.2401123046875,157.69542236328124,2520.2727111816407,1894.7653106689452,0.9400568008422852,cat
DATA_CLEAN/images/c43e54a942ab7cd8.jpg,945.4647796630859,721.8783538818359,1354.5192260742188,982.7680633544921,0.5421909689903259,cat
DATA_CLEAN/images/c43e54a942ab7cd8.jpg,947.8959381103515,723.5580184936523,1343.762643432617,976.4592834472656,0.5198198556900024,cat
DATA_CLEAN/images/c45249b7104a15f6.jpg,36.91796875,0.0,640.0,640.0,0.9023265838623047,cat
DATA_CLEAN/images/c49604bc72909ddf.jpg,145.512939453125,105.8603515625,1254.5810546875,848.3701171875,0.7352977991104126,cat
DATA_CLEAN/images/c498aae8baffd172(1).jpg,258.5499267578125,136.08209228515625,1274.80517578125,950.7596435546875,0.9307746887207031,cat
DATA_CLEAN/images/c4e5cdfe10e77244.jpg,32.4806640625,430.168212890625,1415.1126953125,1536.0,0.8527483344078064,cat
DATA_CLEAN/images/c4f3470891583b52.jpg,0.0,11.223577880859375,2136.3945556640624,1532.0454345703124,0.9095144271850586,cat
DATA_CLEAN/images/c52176a79e475237(1).jpg,527.253871011734,133.25410871505736,876.9494831085204,579.7779307365417,0.9500229954719543,cat
DATA_CLEAN/images/c5276bd93325c560(1).jpg,2204.7188581466676,453.949543762207,3677.6752058029174,2459.7454078674314,0.913423478603363,cat
DATA_CLEAN/images/c52e715e20d0ad76.jpg,566.3624084472656,246.98167877197267,3264.0,2448.0,0.9320555925369263,cat
DATA_CLEAN/images/c540a2a44598b337.jpg,0.0,114.15232396125795,2798.854141521454,2644.087049674988,0.9429222345352173,cat
DATA_CLEAN/images/c58c0793d8012746.jpg,342.10421562194824,167.8952293395996,742.1803493499756,795.444694519043,0.6399304270744324,cat
DATA_CLEAN/images/c59c76bc5225e950(1).jpg,1174.7051849365234,668.3416641235352,2508.130114746094,2652.033306884766,0.7163255214691162,cat
DATA_CLEAN/images/c5b33adad05a7d9d(1).jpg,106.0092544555664,116.71566009521484,1200.0,520.1189804077148,0.9183720946311951,cat
DATA_CLEAN/images/c61b027a73be27b8.jpg,754.838525390625,511.691748046875,953.4888671875,649.40390625,0.9024926424026489,cat
DATA_CLEAN/images/c63aa2e46f19dfb7(1).jpg,437.61511214971546,631.8653593540192,867.0837123394012,1069.344139480591,0.4474937915802002,cat
DATA_CLEAN/images/c6504d2fdcf8c6d6.jpg,0.029299163818359373,1206.032958984375,1247.5208084106443,2437.013864135742,0.9005439281463623,cat
DATA_CLEAN/images/c6504d2fdcf8c6d6.jpg,1312.9634674072265,186.50178451538085,2448.0,1099.058560180664,0.8956792950630188,cat
DATA_CLEAN/images/c662e4389588435f.jpg,1125.2583646774292,180.70419788360596,2550.0,1177.434003353119,0.9459241628646851,cat
DATA_CLEAN/images/c662e4389588435f.jpg,0.0,149.11956310272217,1299.3003344535828,1186.1963939666748,0.9259365797042847,cat
DATA_CLEAN/images/c69104a4a6ee9823.jpg,206.059375,116.17431640625,2047.0275390625,1359.8181640625,0.6284641623497009,cat
DATA_CLEAN/images/c702958db0d1bad2.jpg,113.51588172912598,230.37471041679385,1948.1760677337647,1097.1897104263305,0.8678449988365173,cat
DATA_CLEAN/images/c70a18aa3f26092a.jpg,4.309984588623047,944.8362762451172,1741.409033203125,2592.0,0.8849223852157593,cat
DATA_CLEAN/images/c726118093713df7(1).jpg,54.272295999526975,140.2911880016327,1360.8257328987122,1651.0710548400878,0.7925944328308105,cat
DATA_CLEAN/images/c73cbaa279611683.jpg,486.2549949645996,265.84753875732423,3404.9997467041017,2505.501300048828,0.920405924320221,cat
DATA_CLEAN/images/c752902a84847e3d.jpg,4.364739203453064,19.790524220466615,1993.6908388137817,2155.765048313141,0.9203407764434814,cat
DATA_CLEAN/images/c78083ef17be75f9.jpg,1663.5724365234375,1033.1020568847657,2983.258758544922,2174.2267456054688,0.9160823822021484,cat
DATA_CLEAN/images/c7969907ecec0cff.jpg,572.7014827728271,419.7193794250488,1594.858169555664,948.9944381713867,0.9420613050460815,cat
DATA_CLEAN/images/c7afdfa13128eff3(1).jpg,1495.9467498779297,4193.947540283203,2001.2472839355469,4981.520764160156,0.6479794383049011,cat
DATA_CLEAN/images/c7afdfa13128eff3(1).jpg,1490.120672607422,4198.782623291016,2028.293591308594,4986.705871582031,0.6134613752365112,cat
DATA_CLEAN/images/c7bbbda8866763d2.jpg,273.7152587890625,388.2741943359375,540.748974609375,645.68212890625,0.9095867872238159,cat
DATA_CLEAN/images/c7bd26d18f1e2a5e(1).jpg,1260.1753692626953,684.7599792480469,3569.881805419922,3516.4940185546875,0.8687702417373657,cat
DATA_CLEAN/images/c7d622cfaf2ac66c.jpg,773.7536401748657,485.72711567878724,2122.7325112342833,2591.350033378601,0.8815580010414124,cat
DATA_CLEAN/images/c7df4b0df5436734.jpg,539.47822265625,49.726611328125,1498.3912109375,1130.86552734375,0.8369572162628174,cat
DATA_CLEAN/images/c7df4b0df5436734.jpg,588.577978515625,18.14765625,1116.07265625,736.212109375,0.2722223997116089,cat
DATA_CLEAN/images/c81c56fbd74c2985.jpg,80.48873291015624,248.2443054199219,2522.304547119141,1562.2617645263672,0.9440661072731018,cat
DATA_CLEAN/images/c845ebc3110dd189(1).jpg,89.45249462127686,148.2287656068802,3395.0,1648.0162405967712,0.9372528791427612,cat
DATA_CLEAN/images/c87248932204f151.jpg,857.2412143707276,1590.572117614746,2074.471600341797,2531.818913269043,0.7276470065116882,cat
DATA_CLEAN/images/c87e7611b5d2ad38.jpg,121.58345370292665,96.61788494586945,2206.6987360954286,1632.8099177360536,0.9424721002578735,cat
DATA_CLEAN/images/c898e93d076e2390.jpg,166.60328240394594,460.19184246063236,508.38856525421147,1037.3436752319337,0.9329254031181335,cat
DATA_CLEAN/images/c8b582e968b3eb5b.jpg,643.537712097168,144.50359344482422,2542.731285095215,2956.1168670654297,0.9335674047470093,cat
DATA_CLEAN/images/c8df6507ec16d1c6(1).jpg,61.9332275390625,23.532684326171875,508.3070373535156,591.5185546875,0.9203524589538574,cat
DATA_CLEAN/images/c8f6ccf50759fd36.jpg,1529.093362426758,22.136119079589847,2516.025192260742,1647.01611328125,0.8481466770172119,cat
DATA_CLEAN/images/c90d80335cc8c463(1).jpg,156.60091400146484,46.85375213623047,1408.9234924316406,817.3217010498047,0.9256665706634521,cat
DATA_CLEAN/images/c9238a64d3bc7b05.jpg,430.434814453125,298.2143859863281,950.5202026367188,713.9577026367188,0.7823523879051208,cat
DATA_CLEAN/images/c9238a64d3bc7b05.jpg,0.0,76.79779052734375,187.10415649414062,928.9293212890625,0.293673038482666,cat
DATA_CLEAN/images/c926b2bb354d108e.jpg,875.0299766540528,652.1210285186768,2218.7979248046877,1745.8261512756349,0.9177009463310242,cat
DATA_CLEAN/images/c9a95bfe4e550729(1).jpg,208.16021728515625,127.90286254882812,709.0382080078125,635.8264770507812,0.923274576663971,cat
DATA_CLEAN/images/c9c19d9423f4d8df.jpg,67.95850067138672,444.5869331359863,2434.9878479003905,1469.5715698242188,0.9216606616973877,cat
DATA_CLEAN/images/c9c477bc6feb0d37(1).jpg,870.5425277709961,722.0132091522216,1289.6675033569336,1728.3765106201172,0.8095255494117737,cat
DATA_CLEAN/images/ca03bcf6e292fbae.jpg,550.684484577179,633.9321539878845,2213.2429336547852,1293.7424328804016,0.937515377998352,cat
DATA_CLEAN/images/ca7b9b3dbd9334eb(1).jpg,219.50286865234375,39.076171875,497.8302001953125,588.789794921875,0.8786643743515015,cat
DATA_CLEAN/images/cab625b13ed9b936.jpg,603.82509765625,247.95009765625,1612.15068359375,1259.62939453125,0.9180795550346375,cat
DATA_CLEAN/images/cab912feed7696e1.jpg,1814.1471130371094,1155.2356018066407,3648.0,2346.669891357422,0.8358854651451111,cat
DATA_CLEAN/images/cab912feed7696e1.jpg,1017.1902923583984,469.30579833984376,2011.0580383300783,2547.4526000976566,0.42247554659843445,cat
DATA_CLEAN/images/cb429af827b4cede(1).jpg,214.6302734375,70.434619140625,800.9794921875,763.3091796875,0.743087112903595,cat
DATA_CLEAN/images/cb504c0f7dd18adc.jpg,395.6547546386719,189.12410736083984,1003.6528778076172,915.1008605957031,0.9201490879058838,cat
DATA_CLEAN/images/cb504c0f7dd18adc.jpg,399.4654846191406,185.64319610595703,1590.418701171875,919.5780181884766,0.2641243636608124,cat
DATA_CLEAN/images/cb6250597b82f8bf.jpg,62.16204719543457,331.2104179382324,1695.0228408813475,2243.181143188476,0.8756438493728638,cat
DATA_CLEAN/images/cb84846526ef3482.jpg,1.7365646362304688,173.16455841064453,788.2979583740234,1193.6685180664062,0.9354461431503296,cat
DATA_CLEAN/images/cb84846526ef3482.jpg,648.6478424072266,309.36798095703125,1239.1899108886719,945.6614685058594,0.8388094902038574,cat
DATA_CLEAN/images/cb90b76eef19e735.jpg,2622.150956726074,916.2101577758789,3491.312631225586,2074.189027404785,0.8997558951377869,cat
DATA_CLEAN/images/cb980a489e1b6b68.jpg,2244.397319030762,1132.4778737545014,3695.3507526397707,2179.551879358292,0.812591016292572,cat
DATA_CLEAN/images/cb980a489e1b6b68.jpg,25.84529767036438,602.9505108833313,2150.617766809464,2162.906819868088,0.7494663000106812,cat
DATA_CLEAN/images/cb9afb3d28871781.jpg,969.9845764160157,1113.5758483886718,2017.6987060546876,3257.110144042969,0.8081833124160767,cat
DATA_CLEAN/images/cb9afb3d28871781.jpg,362.5947006225586,1063.7482040405273,1400.6631408691405,3006.451867675781,0.5679856538772583,cat
DATA_CLEAN/images/cbadc92c4f1a4110.jpg,559.880963230133,108.39201879501343,1175.1886161804198,1178.054727745056,0.9236263036727905,cat
DATA_CLEAN/images/cbc9bfd966937269.jpg,18.0955810546875,129.98101806640625,1035.02783203125,953.859619140625,0.9380923509597778,cat
DATA_CLEAN/images/cbe87105224835cd(1).jpg,1579.9284942626953,1115.4051818847656,4825.750244140625,2842.2934448242186,0.8509544134140015,cat
DATA_CLEAN/images/cbe87105224835cd(1).jpg,1073.2243743896483,1114.8023345947265,4823.170751953125,3546.971295166016,0.3003917336463928,cat
DATA_CLEAN/images/cc3b7060f5b02efa.jpg,81.29899592399597,59.987341332435605,1368.7201881408691,1133.6320489883424,0.919663667678833,cat
DATA_CLEAN/images/cc73ca181c6d02c2.jpg,39.99786376953125,244.94052124023438,507.8334045410156,522.6760864257812,0.9514744281768799,cat
DATA_CLEAN/images/cc83d53e6ea4b70a.jpg,243.95234375,756.203466796875,361.004736328125,980.1748046875,0.9469727277755737,cat
DATA_CLEAN/images/cca8618fb504f00f(1).jpg,312.68604264259335,273.27480692863463,1152.0471660137175,1830.956238937378,0.9122937917709351,cat
DATA_CLEAN/images/ccb6d31f9941a306.jpg,1605.7124819755554,185.53327095508575,2466.6399536132812,1236.6402397155762,0.61945641040802,cat
DATA_CLEAN/images/ccd0586e6d21f933.jpg,76.59852981567383,273.8250160217285,539.2690277099609,643.0750274658203,0.9340898394584656,cat
DATA_CLEAN/images/cceec563b89d5731.jpg,159.04632568359375,162.54825592041016,1352.1513366699219,1010.1646423339844,0.7750920057296753,cat
DATA_CLEAN/images/cd2c983f874eb03d.jpg,526.9930252075195,642.6844985961915,1416.0094299316406,1929.0119842529298,0.9258798360824585,cat
DATA_CLEAN/images/cd2c983f874eb03d.jpg,1254.222756958008,67.47826766967773,2162.476043701172,1637.8532226562502,0.8809993863105774,cat
DATA_CLEAN/images/cd946cbd7951a65e(1).jpg,473.26458740234375,161.23745727539062,819.3024291992188,727.7514038085938,0.8613966703414917,cat
DATA_CLEAN/images/cdb7222536e57441.jpg,415.41657714843745,145.78461914062498,1102.436279296875,545.911962890625,0.919106662273407,cat
DATA_CLEAN/images/cdb906f7251b374a(1).jpg,512.2020126342774,73.50752334594726,1961.357666015625,1676.1926055908202,0.922877311706543,cat
DATA_CLEAN/images/cdcec12f089e18bb.jpg,680.987548828125,140.09326171875,3681.62841796875,3020.2782714843747,0.9013507962226868,cat
DATA_CLEAN/images/cdd7a857aff5a07e.jpg,984.02109375,450.261328125,2179.241748046875,1440.32197265625,0.9452035427093506,cat
DATA_CLEAN/images/ce00ab8d56c29098.jpg,239.3588662147522,121.2242702960968,1434.0294755935668,878.5275947093963,0.8845651149749756,cat
DATA_CLEAN/images/ce00ab8d56c29098.jpg,89.85235166549683,176.23357927799225,1393.495249557495,1079.8543643951416,0.4661903977394104,cat
DATA_CLEAN/images/ce10acc050762b40.jpg,135.13164520263672,141.67799949645996,1689.7741317749023,1300.0171661376953,0.948910117149353,cat
DATA_CLEAN/images/ce1b1391a73635ed.jpg,73.67782592773438,59.00779724121094,1600.0,1200.0,0.9224765300750732,cat
DATA_CLEAN/images/ce7834dada4fa8e4.jpg,24.570178985595703,165.4186248779297,5160.7194900512695,3984.3389511108394,0.9140937328338623,cat
DATA_CLEAN/images/ceb1114f0e7f497f.jpg,1391.5789794921875,979.42138671875,2526.053466796875,1633.5308837890625,0.5760382413864136,cat
DATA_CLEAN/images/ceb1114f0e7f497f.jpg,1393.0793762207031,977.4240112304688,2525.920867919922,1632.750244140625,0.3379184305667877,cat
DATA_CLEAN/images/cec414d1f7155010.jpg,263.1710205078125,59.65728759765625,1261.8193359375,960.0,0.9264036417007446,cat
DATA_CLEAN/images/cefa3b16dc29bacb.jpg,388.08612060546875,313.09893798828125,1148.2928466796875,529.3470458984375,0.8837428092956543,cat
DATA_CLEAN/images/cefb7410e38ed1aa.jpg,155.0254669189453,1568.2596679687501,4839.704022216797,3268.0726501464846,0.9487919211387634,cat
DATA_CLEAN/images/cf1acc0dddc3d4c6.jpg,1285.1557610034943,608.6701591014862,1596.6212468147278,889.6383490562439,0.36677467823028564,cat
DATA_CLEAN/images/cf1acc0dddc3d4c6.jpg,553.680006980896,607.1511754989624,845.151798248291,756.3821346759796,0.3082723021507263,cat
DATA_CLEAN/images/cf1acc0dddc3d4c6.jpg,544.7563490867615,608.4535267353058,829.6986894607544,751.1083946228027,0.25234276056289673,cat
DATA_CLEAN/images/cf1aeb226450a885(1).jpg,398.58809928894044,80.595339012146,823.0677982330322,784.8080867767335,0.8731047511100769,cat
DATA_CLEAN/images/cf3f08fe875cc318.jpg,574.4023132324219,662.4234771728516,1081.9578552246094,1038.534164428711,0.9164068698883057,cat
DATA_CLEAN/images/cf508990c5256f27.jpg,78.34199523925781,79.27902374267578,3159.1125732421874,2429.2921142578125,0.9280444979667664,cat
DATA_CLEAN/images/cfcc5c9e9a18d621(1).jpg,0.0,494.9286742210389,2055.929146194458,4337.469731140137,0.864802360534668,cat
DATA_CLEAN/images/cfd349a416d1a927.jpg,,,,,,
DATA_CLEAN/images/cfd6d4e716cdf943.jpg,42.3093505859375,115.654345703125,410.84169921875,409.5197265625,0.9424695372581482,cat
DATA_CLEAN/images/cfdbc5bca5c6c716(1).jpg,873.9788732528687,1377.2735801696776,1603.174531173706,1981.475498199463,0.6176682710647583,cat
DATA_CLEAN/images/d0497f79c3a4917e.jpg,532.8955505371093,99.9425178527832,3651.9220184326173,1081.8562438964843,0.7177218794822693,cat
DATA_CLEAN/images/d0531d7886c644c7.jpg,216.42837524414062,420.6440734863281,1600.0,1190.1515197753906,0.8010295033454895,cat
DATA_CLEAN/images/d08e6b60186970c2.jpg,1451.8989332199096,375.98270516395564,2180.1215290546415,2077.5067221164704,0.9086770415306091,cat
DATA_CLEAN/images/d08fbc65ec21c906.jpg,855.1620483398438,734.6907348632812,2729.9760864257814,2028.135433959961,0.945651650428772,cat
DATA_CLEAN/images/d09d5a0f2ba55e6b(1).jpg,799.229296875,702.790966796875,1536.0,1515.549609375,0.9333887100219727,cat
DATA_CLEAN/images/d0bc3b9a8d8c2bc4.jpg,1039.6398216485977,132.46472291946412,2887.538001155853,901.7434888362885,0.8057728409767151,cat
DATA_CLEAN/images/d0bc3b9a8d8c2bc4.jpg,141.86367099285127,191.2397156715393,1071.2010814666749,817.7392318725587,0.7872347831726074,cat
DATA_CLEAN/images/d0c02240aada597d.jpg,251.64390563964844,412.62840270996094,518.4360122680664,562.5170516967773,0.7989462018013,cat
DATA_CLEAN/images/d0c16ab28a90fd45.jpg,904.071875,602.51865234375,1523.05556640625,1134.6482421875,0.909765362739563,cat
DATA_CLEAN/images/d0fbeb4b51749a66.jpg,540.2065277099609,13.709869384765625,1600.0,1122.3385620117188,0.5940178036689758,cat
DATA_CLEAN/images/d141217e587ca4d5(1).jpg,2243.500518798828,772.3213195800781,3798.4535217285156,2470.7530975341797,0.8130172491073608,cat
DATA_CLEAN/images/d141217e587ca4d5(1).jpg,845.652961730957,1060.7905387878418,2692.526626586914,2121.4523315429688,0.6305058598518372,cat
DATA_CLEAN/images/d141217e587ca4d5(1).jpg,847.5387573242188,1058.1391334533691,2696.211051940918,2120.1114654541016,0.25004029273986816,cat
DATA_CLEAN/images/d18417a2cc288527(1).jpg,620.8744039535522,509.89420032501215,1408.9868545532227,932.2869052886962,0.9047808647155762,cat
DATA_CLEAN/images/d18417a2cc288527(1).jpg,1121.6683559417725,689.136547088623,1540.0,1077.4822978973389,0.8319808840751648,cat
DATA_CLEAN/images/d1a50c1a9a44f71f.jpg,139.074755859375,123.59296875,2920.6529296875,2052.13974609375,0.9505960941314697,cat
DATA_CLEAN/images/d1ec459cb7a80217.jpg,245.43430938720704,714.9340713500976,1784.5573608398438,1338.002618408203,0.9326287508010864,cat
DATA_CLEAN/images/d2262abcb7a5e8c4(1).jpg,924.1848907470703,291.6504976272583,1922.3773818969726,926.3583984375,0.9343522787094116,cat
DATA_CLEAN/images/d2262abcb7a5e8c4(1).jpg,324.05880947113036,981.114474105835,2078.779260635376,1845.3460487365724,0.901901125907898,cat
DATA_CLEAN/images/d243e65f3b12d50c.jpg,1126.6589790344237,470.59631805419923,2462.8315185546876,2134.6781005859375,0.9286999702453613,cat
DATA_CLEAN/images/d25a47116b576af4(1).jpg,116.99853515625,223.56930541992188,1586.7359619140625,1268.7674560546875,0.9416385889053345,cat
DATA_CLEAN/images/d3035c49cbea17cf.jpg,269.501138305664,340.2297729492187,1141.3291992187499,742.6286499023437,0.9343928098678589,cat
DATA_CLEAN/images/d3455394b30b14de(1).jpg,1024.7520385742187,715.5656768798829,1461.3728302001953,1053.5194580078125,0.4809992015361786,cat
DATA_CLEAN/images/d3598564bede772a.jpg,0.0,567.4370361328125,4178.773828124999,3265.904443359375,0.7396951913833618,cat
DATA_CLEAN/images/d385541f713e2e9a.jpg,971.5012212753296,767.0924530029297,3045.5333610534667,2472.500266265869,0.9060232639312744,cat
DATA_CLEAN/images/d38c162a032e8dbc.jpg,578.5200439453125,451.74369049072266,1719.7057434082033,1642.1810119628906,0.9058216214179993,cat
DATA_CLEAN/images/d39f558bbdd725d4.jpg,101.04876708984375,241.69635009765625,463.347900390625,1086.2945556640625,0.3169388771057129,cat
DATA_CLEAN/images/d39f558bbdd725d4.jpg,83.4178466796875,197.0810546875,720.6700439453125,1101.591552734375,0.2501894235610962,cat
DATA_CLEAN/images/d3a3928588ed750b.jpg,928.8306442260742,661.9241523742676,3532.531634521484,2069.215948486328,0.9153789281845093,cat
DATA_CLEAN/images/d3e3a80bcdcf1dba.jpg,467.15442352294923,304.7544662475586,1090.5072418212892,1145.9730102539063,0.9172476530075073,cat
DATA_CLEAN/images/d3ee157aae7e94ab.jpg,1372.55712890625,749.4037353515624,1855.493115234375,1403.5921875,0.9453805685043335,cat
DATA_CLEAN/images/d41e91c99aea72fc(1).jpg,1050.0096652984619,934.0725044250488,1849.7001022338868,1773.5461669921876,0.6697177886962891,cat
DATA_CLEAN/images/d435bd02addc963a.jpg,667.713818359375,231.3556640625,1842.8400390625,1290.53125,0.9625449776649475,cat
DATA_CLEAN/images/d45dbdd031b0dbde.jpg,192.7162109375,148.6919677734375,962.27451171875,511.484619140625,0.931599497795105,cat
DATA_CLEAN/images/d49047c682ea86e6.jpg,0.0,467.3067626953125,317.9007263183594,1010.357177734375,0.8802053332328796,cat
DATA_CLEAN/images/d49047c682ea86e6.jpg,491.620361328125,561.1849365234375,960.0,1062.4365234375,0.856281042098999,cat
DATA_CLEAN/images/d4cb761c95561650.jpg,233.0419921875,359.7868347167969,1600.0,1197.3129272460938,0.9008766412734985,cat
DATA_CLEAN/images/d4cf85c13b69c84e(1).jpg,259.81876373291016,265.9174346923828,1333.9846801757812,1055.6126403808594,0.6612256169319153,cat
DATA_CLEAN/images/d4cf85c13b69c84e(1).jpg,263.28285217285156,266.1949157714844,1326.812744140625,1058.100357055664,0.25845569372177124,cat
DATA_CLEAN/images/d4ef73521c2d9d98.jpg,12.233462333679201,9.76313180923462,962.0546226501466,1073.0,0.9420234560966492,cat
DATA_CLEAN/images/d50563e6ae64f428.jpg,,,,,,
DATA_CLEAN/images/d50676cb82f8ddd0.jpg,454.6431183815002,230.42242527008054,1500.0,958.4263801574706,0.9476858377456665,cat
DATA_CLEAN/images/d528af8bb018c675.jpg,658.6280727386475,525.3971092224122,2434.9836289405825,2435.2354679107666,0.5438057780265808,cat
DATA_CLEAN/images/d528af8bb018c675.jpg,653.2921753406525,521.0300054550171,2433.6846401214602,2431.2020649909973,0.35905247926712036,cat
DATA_CLEAN/images/d570d23c9c049e27.jpg,2001.4166748046875,1474.3752410888674,2915.3763977050785,2142.81591796875,0.41159695386886597,cat
DATA_CLEAN/images/d570d23c9c049e27.jpg,1996.9063201904298,1473.4665252685547,2904.1322570800785,2143.2577514648438,0.3720390796661377,cat
DATA_CLEAN/images/d570d23c9c049e27.jpg,1971.2857177734377,1474.78037109375,3510.7526000976563,2144.5122802734377,0.3230608403682709,cat
DATA_CLEAN/images/d57d96794ef659d8(1).jpg,56.411022949218754,418.2968994140625,3201.271368408203,2846.898046875,0.9594507217407227,cat
DATA_CLEAN/images/d59e8fe72bded0b3.jpg,379.34557819366455,255.15236287117006,1359.7297932624817,1003.992056798935,0.9495316743850708,cat
DATA_CLEAN/images/d61d74759006cf40.jpg,263.13323974609375,135.48171997070312,1059.5387268066406,1047.527847290039,0.907239556312561,cat
DATA_CLEAN/images/d641596d99a8a60f(1).jpg,1490.2554784297943,1431.490267968178,2582.525582885742,3132.405507659912,0.3110000193119049,cat
DATA_CLEAN/images/d65a3ef7be7aef53.jpg,732.6574661254883,18.979434204101562,2063.3395874023436,1733.0195770263672,0.9435441493988037,cat
DATA_CLEAN/images/d74fb47415269629.jpg,771.4788818359375,61.275390625,1981.9935302734375,1235.30859375,0.8741390705108643,cat
DATA_CLEAN/images/d7f78811e3eb92d3.jpg,1227.5523193359375,491.5371688842774,2791.878955078125,2429.4570922851562,0.9296396374702454,cat
DATA_CLEAN/images/d8ae1df51fb58598.jpg,372.98134274482726,458.57903201580046,1799.0950836181642,2083.6054738998414,0.47863855957984924,cat
DATA_CLEAN/images/d8ae1df51fb58598.jpg,335.2486310005188,593.1193473100662,1697.1951088428498,3069.437023258209,0.4294879138469696,cat
DATA_CLEAN/images/d96cc70f2e8b63ee.jpg,864.2500610351562,5.5028228759765625,4071.3426818847656,2021.0739135742188,0.918771505355835,cat
DATA_CLEAN/images/dad1f4941699e0e8.jpg,180.95376586914062,60.756591796875,976.3441162109375,853.0029296875,0.9465428590774536,cat
DATA_CLEAN/images/dc80b01f898de391.jpg,865.2980598449707,58.80862350463867,4353.09648361206,2271.670812988281,0.6779165267944336,cat
DATA_CLEAN/images/dd3b5def4e2bb0b7.jpg,0.0,599.8425064086914,2327.1930084228516,2893.212127685547,0.9244647026062012,cat
DATA_CLEAN/images/ddcba3287af0970f.jpg,724.79267578125,542.2737487792969,2224.7101776123045,2149.7220611572266,0.9349924325942993,cat
DATA_CLEAN/images/de8f50a3a1b43871.jpg,0.944854736328125,358.0126953125,389.2357177734375,786.0007934570312,0.921677827835083,cat
DATA_CLEAN/images/df5a370026823bac.jpg,1477.0831555366515,1405.6071782112122,3308.4548661231993,3310.828810787201,0.5175012350082397,cat
DATA_CLEAN/images/e00fab1a3de74224.jpg,690.1812772750853,5.006534814834594,1230.0,892.1726388931273,0.9380618333816528,cat
DATA_CLEAN/images/e1204ce652d58477.jpg,1029.58466796875,1535.298046875,1334.96865234375,2025.98203125,0.9421706795692444,cat
DATA_CLEAN/images/e1b3500f725e1319.jpg,1757.7496765136718,716.6774688720703,2783.725616455078,1573.5428375244142,0.6735252737998962,cat
DATA_CLEAN/images/e1b3500f725e1319.jpg,403.2456756591797,686.2760650634766,1790.0002349853517,1713.1744812011718,0.36158499121665955,cat
DATA_CLEAN/images/e1b3500f725e1319.jpg,401.3373779296875,687.8235900878906,1785.1322937011719,1710.0299377441406,0.33721643686294556,cat
DATA_CLEAN/images/e261b25ddf651f06.jpg,189.54228162765503,221.77049815654755,964.7891902923584,666.4305210113525,0.9170799255371094,cat
DATA_CLEAN/images/e3fb561c4abc9055.jpg,355.353955078125,723.958447265625,2728.550427246094,1830.5803161621095,0.8883229494094849,cat
DATA_CLEAN/images/e3fb561c4abc9055.jpg,792.153515625,522.816535949707,2581.5170288085938,1365.8278747558593,0.781481146812439,cat
DATA_CLEAN/images/e5e760267035b2ff.jpg,1606.9712310791017,1901.9481262207032,3025.8611938476565,2715.963024902344,0.6002007126808167,cat
DATA_CLEAN/images/e6b0c150a0cb35aa.jpg,2.645181369781494,0.0,1140.18450050354,1227.6412496566772,0.9123016595840454,cat
DATA_CLEAN/images/e781345c4b88ba87.jpg,335.36810302734375,145.5760498046875,1163.6907958984375,693.2972412109375,0.9299372434616089,cat
DATA_CLEAN/images/e90bc634117e17e7.jpg,776.8349538803101,135.81119260787963,1969.5483835220336,1116.2541994571686,0.9487802982330322,cat
DATA_CLEAN/images/e90bc634117e17e7.jpg,300.1194989681244,180.09424695968627,789.2726766347886,1207.4369986057281,0.6847735643386841,cat
DATA_CLEAN/images/e9b76dc8f4d76245.jpg,391.3138675689697,6.724834442138672,1133.4027099609375,798.6223983764648,0.9496307373046875,cat
DATA_CLEAN/images/eb9b24a2660df680.jpg,1401.9167266845704,0.0,3315.4101867675786,2736.116589355469,0.90901780128479,cat
DATA_CLEAN/images/ed547ca33133dbd8.jpg,574.1591644287109,447.13584899902344,1027.5617980957031,896.0737609863281,0.788544774055481,cat
DATA_CLEAN/images/ee07d60409298471.jpg,220.1474609375,15.126416015625,1847.176171875,1563.29677734375,0.8877796530723572,cat
DATA_CLEAN/images/ee07d60409298471.jpg,351.96484375,1062.042578125,1387.699609375,2048.0,0.6460514068603516,cat
DATA_CLEAN/images/eec1bf4ed9ed76fe.jpg,746.6139404296875,1076.578321838379,2407.9655181884764,2017.6745773315429,0.7603614330291748,cat
DATA_CLEAN/images/f0997d39c2192d96.jpg,1.5961669921875001,620.6004901885987,413.41457986831665,1146.9409313201904,0.8982372283935547,cat
DATA_CLEAN/images/f1a3568448a6d0c6.jpg,2222.245502471924,1143.8947677612305,4599.870586395264,3449.160575866699,0.8477857112884521,cat
DATA_CLEAN/images/f2687190f929988f.jpg,224.83597362041473,44.678415298461914,665.3180708885193,502.5921664237976,0.8490476608276367,cat
DATA_CLEAN/images/f32bd6865731055b.jpg,569.1722869873047,532.1106826782226,3155.7256408691405,2320.165953063965,0.9168410897254944,cat
DATA_CLEAN/images/f566b755bba32532.jpg,301.74346923828125,0.1598358154296875,1589.8875427246094,1019.8137664794922,0.9374157786369324,cat
DATA_CLEAN/images/f64fb91e52e8b725.jpg,579.5614288330078,422.11838378906253,2224.5154724121094,1834.883596801758,0.9274667501449585,cat
DATA_CLEAN/images/f72bdeeb364a26b8.jpg,1950.0055389404297,1581.639697265625,4941.4340698242195,3128.7164611816406,0.9315234422683716,cat
DATA_CLEAN/images/f72bdeeb364a26b8.jpg,236.49507064819338,396.5907623291016,2191.3409454345706,2930.9902404785157,0.9213087558746338,cat
DATA_CLEAN/images/f72bdeeb364a26b8.jpg,1968.48984375,200.33199920654297,3203.51044921875,2298.5000793457034,0.6998403072357178,cat
DATA_CLEAN/images/f7de690f972087a5.jpg,0.0,632.9618591308594,1530.0930725097655,1838.9334960937501,0.947227418422699,cat
DATA_CLEAN/images/f8a2d67b5bb6d485.jpg,0.0,2.14267578125,700.94013671875,643.03369140625,0.9252738952636719,cat
DATA_CLEAN/images/f957b81c4b5546a5.jpg,721.0317325592041,869.5856065750122,927.9646873474121,1123.9304218292236,0.8775536417961121,cat
DATA_CLEAN/images/fc9306c3a07517f7.jpg,0.0,169.526513671875,1874.9451171875,1138.01953125,0.946835994720459,cat
